2026-04-07T15:06:33.013856Z Debug: Sent WebSocket command: processInbox
2026-04-07T15:06:33.015353Z Debug: Sent WebSocket command: processInbox
2026-04-07T15:06:33.023878Z Debug: Sent WebSocket command: processInbox
2026-04-07T15:06:33.025809Z Debug: Sent WebSocket command: processInbox
2026-04-07T15:06:33.027598Z Debug: Sent WebSocket command: processInbox
2026-04-07T15:06:33.02923Z Debug: Sent WebSocket command: processInbox
2026-04-07T15:06:33.030946Z Debug: Sent WebSocket command: processInbox
2026-04-07T15:06:33.032532Z Debug: Sent WebSocket command: processInbox
2026-04-07T15:06:33.034223Z Debug: Sent WebSocket command: processInbox
2026-04-07T15:06:33.035654Z Debug: Sent WebSocket command: processInbox
2026-04-07T15:06:33.037237Z Debug: Sent WebSocket command: processInbox
2026-04-07T15:06:33.038676Z Debug: Sent WebSocket command: processInbox
2026-04-07T15:06:33.040385Z Debug: Sent WebSocket command: processInbox
2026-04-07T15:06:33.041833Z Debug: Sent WebSocket command: processInbox
2026-04-07T15:06:33.043269Z Debug: Sent WebSocket command: processInbox
2026-04-07T15:06:33.04478Z Debug: Sent WebSocket command: processInbox
2026-04-07T15:06:33.046541Z Debug: Sent WebSocket command: processInbox
2026-04-07T15:06:33.048102Z Debug: Sent WebSocket command: processInbox
2026-04-07T15:06:33.049592Z Debug: Sent WebSocket command: processInbox
2026-04-07T15:06:33.051253Z Debug: Sent WebSocket command: processInbox
2026-04-07T15:06:33.052861Z Debug: Sent WebSocket command: processInbox
2026-04-07T15:06:33.054329Z Debug: Sent WebSocket command: processInbox
2026-04-07T15:06:33.056062Z Debug: Sent WebSocket command: processInbox
2026-04-07T15:06:33.057659Z Debug: Sent WebSocket command: processInbox
2026-04-07T15:06:33.059129Z Debug: Sent WebSocket command: processInbox
2026-04-07T15:06:33.061047Z Debug: Sent WebSocket command: processInbox
2026-04-07T15:06:33.062554Z Debug: Sent WebSocket command: processInbox
2026-04-07T15:06:33.064373Z Debug: Sent WebSocket command: processInbox
2026-04-07T15:06:33.065852Z Debug: Sent WebSocket command: processInbox
2026-04-07T15:06:33.067335Z Debug: Sent WebSocket command: processInbox
2026-04-07T15:06:33.068907Z Debug: Sent WebSocket command: processInbox
2026-04-07T15:06:33.070414Z Debug: Sent WebSocket command: processInbox
2026-04-07T15:06:33.072282Z Debug: Sent WebSocket command: processInbox
2026-04-07T15:06:33.073943Z Debug: Sent WebSocket command: processInbox
2026-04-07T15:06:33.075323Z Debug: Sent WebSocket command: processInbox
2026-04-07T15:06:33.076775Z Debug: Sent WebSocket command: processInbox
2026-04-07T15:06:33.07829Z Debug: Sent WebSocket command: processInbox
2026-04-07T15:06:33.080073Z Debug: Sent WebSocket command: processInbox
2026-04-07T15:06:33.081611Z Debug: Sent WebSocket command: processInbox
2026-04-07T15:06:33.083065Z Debug: Sent WebSocket command: processInbox
2026-04-07T15:06:33.084683Z Debug: Sent WebSocket command: processInbox
2026-04-07T15:06:33.086139Z Debug: Sent WebSocket command: processInbox
2026-04-07T15:06:33.088048Z Debug: Sent WebSocket command: processInbox
2026-04-07T15:06:33.089417Z Debug: Sent WebSocket command: processInbox
2026-04-07T15:06:33.090753Z Debug: Sent WebSocket command: processInbox
2026-04-07T15:06:33.092282Z Debug: Sent WebSocket command: processInbox
2026-04-07T15:06:33.093752Z Debug: Sent WebSocket command: processInbox
2026-04-07T15:06:33.096408Z Debug: Sent WebSocket command: processInbox
2026-04-07T15:06:33.098262Z Debug: Sent WebSocket command: processInbox
2026-04-07T15:06:33.100188Z Debug: Sent WebSocket command: processInbox
2026-04-07T15:06:33.101847Z Debug: Sent WebSocket command: processInbox
2026-04-07T15:06:33.103296Z Debug: Sent WebSocket command: processInbox
2026-04-07T15:06:33.104991Z Debug: Sent WebSocket command: processInbox
2026-04-07T15:06:33.106399Z Debug: Sent WebSocket command: processInbox
2026-04-07T15:06:33.108301Z Debug: Sent WebSocket command: processInbox
2026-04-07T15:06:33.11029Z Debug: Sent WebSocket command: processInbox
2026-04-07T15:06:33.111991Z Debug: Sent WebSocket command: processInbox
2026-04-07T15:06:33.11348Z Debug: Sent WebSocket command: processInbox
2026-04-07T15:06:33.114972Z Debug: Sent WebSocket command: processInbox
2026-04-07T15:06:33.116813Z Debug: Sent WebSocket command: processInbox
2026-04-07T15:06:33.118294Z Debug: Sent WebSocket command: processInbox
2026-04-07T15:06:33.119753Z Debug: Sent WebSocket command: processInbox
2026-04-07T15:06:33.121616Z Debug: Sent WebSocket command: processInbox
2026-04-07T15:06:33.123071Z Debug: Sent WebSocket command: processInbox
2026-04-07T15:06:33.124663Z Debug: Sent WebSocket command: processInbox
2026-04-07T15:06:33.126116Z Debug: Sent WebSocket command: processInbox
2026-04-07T15:06:33.127794Z Debug: Sent WebSocket command: processInbox
2026-04-07T15:06:33.129388Z Debug: Sent WebSocket command: processInbox
2026-04-07T15:06:33.130858Z Debug: Sent WebSocket command: processInbox
2026-04-07T15:06:33.132738Z Debug: Sent WebSocket command: processInbox
2026-04-07T15:06:33.134479Z Debug: Sent WebSocket command: processInbox
2026-04-07T15:06:33.13611Z Debug: Sent WebSocket command: processInbox
2026-04-07T15:06:33.137812Z Debug: Sent WebSocket command: processInbox
2026-04-07T15:06:33.139302Z Debug: Sent WebSocket command: processInbox
2026-04-07T15:06:33.141057Z Debug: Sent WebSocket command: processInbox
2026-04-07T15:06:33.142533Z Debug: Sent WebSocket command: processInbox
2026-04-07T15:06:33.144323Z Debug: Sent WebSocket command: processInbox
2026-04-07T15:06:33.145774Z Debug: Sent WebSocket command: processInbox
2026-04-07T15:06:33.147472Z Debug: Sent WebSocket command: processInbox
2026-04-07T15:06:33.149117Z Debug: Sent WebSocket command: processInbox
2026-04-07T15:06:33.290157Z Info: Received 38 records from QueryBatch() on Drive 9ff813af-f2d6-1e2f-9b9d-b189e72d1a11
2026-04-07T15:06:33.29133Z Debug: DriveSync: batch contains 1 chat conversation(s): [4b2cf99c-7078-4f0e-ae07-f8cca955a510]
2026-04-07T15:06:33.308353Z Debug: Sent WebSocket command: processInbox
2026-04-07T15:06:33.310697Z Debug: Sent WebSocket command: processInbox
2026-04-07T15:06:33.315025Z Debug: Sent WebSocket command: processInbox
2026-04-07T15:06:33.316547Z Debug: Sent WebSocket command: processInbox
2026-04-07T15:06:33.318017Z Debug: Sent WebSocket command: processInbox
2026-04-07T15:06:51.209615Z Debug: ConversationStream: BatchReceived 38 files (conversations=0, messages=38, adminFiles=0)
2026-04-07T15:06:51.209628Z Debug: DriveSync: all DB writes complete for drive 9ff813af-f2d6-1e2f-9b9d-b189e72d1a11 (38 total records)
2026-04-07T15:06:51.21246Z Debug: Drive 9ff813af-f2d6-1e2f-9b9d-b189e72d1a11 synchronized with 38 records read.
2026-04-07T15:06:51.212831Z Info: Synchronizing drive 9ff813af-f2d6-1e2f-9b9d-b189e72d1a11
2026-04-07T15:06:51.215544Z Debug: ChatMessageStream: processIncrementalBatch 38 messages across 1 conversation(s)
2026-04-07T15:06:51.216162Z Debug: ChatMessageStream: Stopped(totalCount=38)
2026-04-07T15:06:51.217922Z Debug: ConversationStream: Stopped(totalCount=38)
2026-04-07T15:06:51.290425Z Info: Received 0 records from QueryBatch() on Drive 9ff813af-f2d6-1e2f-9b9d-b189e72d1a11
2026-04-07T15:06:51.291292Z Debug: DriveSync: all DB writes complete for drive 9ff813af-f2d6-1e2f-9b9d-b189e72d1a11 (0 total records)
2026-04-07T15:06:51.293113Z Debug: ConversationStream: Stopped(totalCount=0)
2026-04-07T15:06:51.293163Z Debug: ChatMessageStream: Stopped(totalCount=0)
2026-04-07T15:06:51.299269Z Debug: Drive 9ff813af-f2d6-1e2f-9b9d-b189e72d1a11 synchronized with 0 records read.
2026-04-07T15:06:59.444364Z Info: (NotificationService) FCM message received — title=null body=null data={correlationId=34230798-0c38-4dbd-a635-b746ba843621, id=5ed76181-d634-4ed4-9eeb-1adfc09f42ee, data={"senderId":"bishwajeetparhi.dev","appDisplayName":"Homebase - Chat","timestamp":1775574418411,"options":{"appId":"2d781401-3804-4b57-b4aa-d8e4e2ef39f4","typeId":"4b2cf99c-7078-4f0e-ae07-f8cca955a510","tagId":"06ea2f2f-b4b3-8151-3f40-d028155be6d1","silent":false,"peerSubscriptionId":"00000000-0000-0000-0000-000000000000","recipients":null,"unEncryptedMessage":"bishwajeetparhi.dev sent a message"}}, timestamp=2026-04-07T15:06:58.4159560+00:00, version=1}
2026-04-07T15:06:59.543238Z Info: (DriveSyncWorker) doWork: starting (attempt=0)
2026-04-07T15:06:59.544602Z Debug: (BackgroundSync) syncIfAuthenticated: checking...
2026-04-07T15:06:59.545666Z Debug: (BackgroundSync) syncIfAuthenticated: WS online — skipping (WS handles sync)
2026-04-07T15:06:59.54602Z Info: (DriveSyncWorker) doWork: success
2026-04-07T15:06:59.595752Z Debug: Sent WebSocket command: processInbox
2026-04-07T15:06:59.640738Z Debug: Sent WebSocket command: processInbox
2026-04-07T15:06:59.64702Z Debug: Sent WebSocket command: processInbox
2026-04-07T15:06:59.648812Z Debug: Sent WebSocket command: processInbox
2026-04-07T15:06:59.650236Z Debug: Sent WebSocket command: processInbox
2026-04-07T15:06:59.661525Z Info: Synchronizing drive 9ff813af-f2d6-1e2f-9b9d-b189e72d1a11
2026-04-07T15:06:59.751489Z Info: Received 1 records from QueryBatch() on Drive 9ff813af-f2d6-1e2f-9b9d-b189e72d1a11
2026-04-07T15:06:59.756373Z Debug: DriveSync: batch contains 1 chat conversation(s): [4b2cf99c-7078-4f0e-ae07-f8cca955a510]
2026-04-07T15:06:59.783512Z Debug: ConversationStream: BatchReceived 1 files (conversations=0, messages=1, adminFiles=0)
2026-04-07T15:06:59.783929Z Debug: DriveSync: all DB writes complete for drive 9ff813af-f2d6-1e2f-9b9d-b189e72d1a11 (1 total records)
2026-04-07T15:06:59.786775Z Debug: ChatMessageStream: processIncrementalBatch 1 messages across 1 conversation(s)
2026-04-07T15:06:59.787622Z Debug: Drive 9ff813af-f2d6-1e2f-9b9d-b189e72d1a11 synchronized with 1 records read.
2026-04-07T15:06:59.789136Z Debug: ChatMessageStream: Stopped(totalCount=1)
2026-04-07T15:06:59.794629Z Info: Synchronizing drive 9ff813af-f2d6-1e2f-9b9d-b189e72d1a11
2026-04-07T15:06:59.794705Z Debug: ConversationStream: unread++ convo=4b2cf99c-7078-4f0e-ae07-f8cca955a510 count=1
2026-04-07T15:06:59.798688Z Debug: ConversationStream: Stopped(totalCount=1)
2026-04-07T15:06:59.936378Z Info: Received 0 records from QueryBatch() on Drive 9ff813af-f2d6-1e2f-9b9d-b189e72d1a11
2026-04-07T15:06:59.937308Z Debug: DriveSync: all DB writes complete for drive 9ff813af-f2d6-1e2f-9b9d-b189e72d1a11 (0 total records)
2026-04-07T15:06:59.938602Z Debug: ConversationStream: Stopped(totalCount=0)
2026-04-07T15:06:59.939046Z Debug: Drive 9ff813af-f2d6-1e2f-9b9d-b189e72d1a11 synchronized with 0 records read.
2026-04-07T15:06:59.939311Z Debug: ChatMessageStream: Stopped(totalCount=0)
2026-04-07T15:07:00.311491Z Error: (HomebaseImageLoader) Non-retriable exception: Not found
2026-04-07T15:07:18.539488Z Info: (ShareShortcutPublisher) Published 8 share shortcuts
2026-04-07T15:09:28.645925Z Info: WebSocket connection ended
2026-04-07T15:09:28.645686Z Info: Connecting to WebSocket at wss://michael.seifert.page/api/apps/v1/notify/ws
2026-04-07T15:09:28.646125Z Info: Connecting to WebSocket at wss://michael.seifert.page/api/apps/v1/notify/ws
2026-04-07T15:09:28.90422Z Debug: Sent WebSocket command: establishConnectionRequest
2026-04-07T15:09:29.158005Z Info: Device handshake successful
2026-04-07T15:09:29.161063Z Warn: DriveSync for drive=9ff813af-f2d6-1e2f-9b9d-b189e72d1a11 already exists, skipping
2026-04-07T15:09:29.168558Z Warn: DriveSync for drive=2612429d-1c3f-0372-82b8-d42fb2cc0499 already exists, skipping
2026-04-07T15:09:29.168884Z Warn: DriveSync for drive=4db49422-ebad-02e9-9ab9-6e9c477d1e08 already exists, skipping
2026-04-07T15:09:29.176159Z Debug: Sent WebSocket command: processInbox
2026-04-07T15:09:29.177147Z Debug: Sent WebSocket command: processInbox
2026-04-07T15:09:29.1973Z Debug: Sent WebSocket command: processInbox
2026-04-07T15:09:29.19811Z Info: Synchronizing drive 2612429d-1c3f-0372-82b8-d42fb2cc0499
2026-04-07T15:09:29.19835Z Info: Synchronizing drive 9ff813af-f2d6-1e2f-9b9d-b189e72d1a11
2026-04-07T15:09:29.198646Z Info: Synchronizing drive 4db49422-ebad-02e9-9ab9-6e9c477d1e08
2026-04-07T15:09:29.38734Z Info: Received 0 records from QueryBatch() on Drive 9ff813af-f2d6-1e2f-9b9d-b189e72d1a11
2026-04-07T15:09:29.387963Z Debug: DriveSync: all DB writes complete for drive 9ff813af-f2d6-1e2f-9b9d-b189e72d1a11 (0 total records)
2026-04-07T15:09:29.390847Z Info: Received 0 records from QueryBatch() on Drive 4db49422-ebad-02e9-9ab9-6e9c477d1e08
2026-04-07T15:09:29.390946Z Debug: Drive 9ff813af-f2d6-1e2f-9b9d-b189e72d1a11 synchronized with 0 records read.
2026-04-07T15:09:29.391064Z Debug: DriveSync: all DB writes complete for drive 4db49422-ebad-02e9-9ab9-6e9c477d1e08 (0 total records)
2026-04-07T15:09:29.391096Z Debug: ChatMessageStream: Stopped(totalCount=0)
2026-04-07T15:09:29.392954Z Debug: Drive 4db49422-ebad-02e9-9ab9-6e9c477d1e08 synchronized with 0 records read.
2026-04-07T15:09:29.413587Z Info: Received 0 records from QueryBatch() on Drive 2612429d-1c3f-0372-82b8-d42fb2cc0499
2026-04-07T15:09:29.413811Z Debug: DriveSync: all DB writes complete for drive 2612429d-1c3f-0372-82b8-d42fb2cc0499 (0 total records)
2026-04-07T15:09:29.415354Z Debug: Drive 2612429d-1c3f-0372-82b8-d42fb2cc0499 synchronized with 0 records read.
2026-04-07T15:10:51.306778Z Debug: ConversationStream: unreadSync convo=4b2cf99c-7078-4f0e-ae07-f8cca955a510 0->1
2026-04-07T15:10:51.308362Z Debug: ConversationStream: Stopped(totalCount=0)
2026-04-07T15:10:51.369072Z Info: Popping Outbox
2026-04-07T15:10:51.370299Z Info: No more items in outbox
2026-04-07T15:10:51.834527Z Error: (HomebaseImageLoader) Non-retriable exception: Not found
2026-04-07T15:13:29.188871Z Info: Connecting to WebSocket at wss://michael.seifert.page/api/apps/v1/notify/ws
2026-04-07T15:13:29.194143Z Info: WebSocket connection ended
2026-04-07T15:13:29.205342Z Error: WebSocket connect failed Unable to resolve host "michael.seifert.page": No address associated with hostname
java.net.UnknownHostException: Unable to resolve host "michael.seifert.page": No address associated with hostname
	at java.net.Inet6AddressImpl.lookupHostByName(Inet6AddressImpl.java:156)
	at java.net.Inet6AddressImpl.lookupAllHostAddr(Inet6AddressImpl.java:103)
	at java.net.InetAddress.getAllByName(InetAddress.java:1152)
	at wf5.b(r8-map-id-fc73651334f76fbacb9920b2bd292de61c7927b00aa67b5cad751dd660dc3e6f:393)
	at m92.d(r8-map-id-fc73651334f76fbacb9920b2bd292de61c7927b00aa67b5cad751dd660dc3e6f:12)
	at m92.a(r8-map-id-fc73651334f76fbacb9920b2bd292de61c7927b00aa67b5cad751dd660dc3e6f:77)
	at uc0.a(r8-map-id-fc73651334f76fbacb9920b2bd292de61c7927b00aa67b5cad751dd660dc3e6f:455)
	at sf5.b(r8-map-id-fc73651334f76fbacb9920b2bd292de61c7927b00aa67b5cad751dd660dc3e6f:104)
	at uc0.a(r8-map-id-fc73651334f76fbacb9920b2bd292de61c7927b00aa67b5cad751dd660dc3e6f:151)
	at sf5.b(r8-map-id-fc73651334f76fbacb9920b2bd292de61c7927b00aa67b5cad751dd660dc3e6f:104)
	at b70.a(r8-map-id-fc73651334f76fbacb9920b2bd292de61c7927b00aa67b5cad751dd660dc3e6f:586)
	at sf5.b(r8-map-id-fc73651334f76fbacb9920b2bd292de61c7927b00aa67b5cad751dd660dc3e6f:104)
	at b70.a(r8-map-id-fc73651334f76fbacb9920b2bd292de61c7927b00aa67b5cad751dd660dc3e6f:215)
	at sf5.b(r8-map-id-fc73651334f76fbacb9920b2bd292de61c7927b00aa67b5cad751dd660dc3e6f:104)
	at jf5.g(r8-map-id-fc73651334f76fbacb9920b2bd292de61c7927b00aa67b5cad751dd660dc3e6f:92)
	at gf5.run(r8-map-id-fc73651334f76fbacb9920b2bd292de61c7927b00aa67b5cad751dd660dc3e6f:42)
	at java.util.concurrent.ThreadPoolExecutor.runWorker(ThreadPoolExecutor.java:1154)
	at java.util.concurrent.ThreadPoolExecutor$Worker.run(ThreadPoolExecutor.java:652)
	at java.lang.Thread.run(Thread.java:1564)
Caused by: android.system.GaiException: android_getaddrinfo failed: EAI_NODATA (No address associated with hostname)
	at libcore.io.Linux.android_getaddrinfo(Native Method)
	at libcore.io.ForwardingOs.android_getaddrinfo(ForwardingOs.java:134)
	at libcore.io.BlockGuardOs.android_getaddrinfo(BlockGuardOs.java:222)
	at libcore.io.ForwardingOs.android_getaddrinfo(ForwardingOs.java:134)
	at java.net.Inet6AddressImpl.lookupHostByName(Inet6AddressImpl.java:135)
	... 18 more

2026-04-07T15:13:29.215902Z Warn: WebSocket disconnected, retrying in 5000ms
2026-04-07T15:15:19.945499Z Info: Delay completed, reconnecting...
2026-04-07T15:15:19.954421Z Info: Connecting to WebSocket at wss://michael.seifert.page/api/apps/v1/notify/ws
2026-04-07T15:15:19.979659Z Error: WebSocket connect failed Unable to resolve host "michael.seifert.page": No address associated with hostname
java.net.UnknownHostException: Unable to resolve host "michael.seifert.page": No address associated with hostname
	at java.net.Inet6AddressImpl.lookupHostByName(Inet6AddressImpl.java:156)
	at java.net.Inet6AddressImpl.lookupAllHostAddr(Inet6AddressImpl.java:103)
	at java.net.InetAddress.getAllByName(InetAddress.java:1152)
	at wf5.b(r8-map-id-fc73651334f76fbacb9920b2bd292de61c7927b00aa67b5cad751dd660dc3e6f:393)
	at m92.d(r8-map-id-fc73651334f76fbacb9920b2bd292de61c7927b00aa67b5cad751dd660dc3e6f:12)
	at m92.a(r8-map-id-fc73651334f76fbacb9920b2bd292de61c7927b00aa67b5cad751dd660dc3e6f:77)
	at uc0.a(r8-map-id-fc73651334f76fbacb9920b2bd292de61c7927b00aa67b5cad751dd660dc3e6f:455)
	at sf5.b(r8-map-id-fc73651334f76fbacb9920b2bd292de61c7927b00aa67b5cad751dd660dc3e6f:104)
	at uc0.a(r8-map-id-fc73651334f76fbacb9920b2bd292de61c7927b00aa67b5cad751dd660dc3e6f:151)
	at sf5.b(r8-map-id-fc73651334f76fbacb9920b2bd292de61c7927b00aa67b5cad751dd660dc3e6f:104)
	at b70.a(r8-map-id-fc73651334f76fbacb9920b2bd292de61c7927b00aa67b5cad751dd660dc3e6f:586)
	at sf5.b(r8-map-id-fc73651334f76fbacb9920b2bd292de61c7927b00aa67b5cad751dd660dc3e6f:104)
	at b70.a(r8-map-id-fc73651334f76fbacb9920b2bd292de61c7927b00aa67b5cad751dd660dc3e6f:215)
	at sf5.b(r8-map-id-fc73651334f76fbacb9920b2bd292de61c7927b00aa67b5cad751dd660dc3e6f:104)
	at jf5.g(r8-map-id-fc73651334f76fbacb9920b2bd292de61c7927b00aa67b5cad751dd660dc3e6f:92)
	at gf5.run(r8-map-id-fc73651334f76fbacb9920b2bd292de61c7927b00aa67b5cad751dd660dc3e6f:42)
	at java.util.concurrent.ThreadPoolExecutor.runWorker(ThreadPoolExecutor.java:1154)
	at java.util.concurrent.ThreadPoolExecutor$Worker.run(ThreadPoolExecutor.java:652)
	at java.lang.Thread.run(Thread.java:1564)
Caused by: android.system.GaiException: android_getaddrinfo failed: EAI_NODATA (No address associated with hostname)
	at libcore.io.Linux.android_getaddrinfo(Native Method)
	at libcore.io.ForwardingOs.android_getaddrinfo(ForwardingOs.java:134)
	at libcore.io.BlockGuardOs.android_getaddrinfo(BlockGuardOs.java:222)
	at libcore.io.ForwardingOs.android_getaddrinfo(ForwardingOs.java:134)
	at java.net.Inet6AddressImpl.lookupHostByName(Inet6AddressImpl.java:135)
	... 18 more

2026-04-07T15:15:19.983924Z Warn: WebSocket disconnected, retrying in 5000ms
2026-04-07T15:16:55.060181Z Info: Delay completed, reconnecting...
2026-04-07T15:16:55.070104Z Info: Connecting to WebSocket at wss://michael.seifert.page/api/apps/v1/notify/ws
2026-04-07T15:16:55.102323Z Error: WebSocket connect failed Unable to resolve host "michael.seifert.page": No address associated with hostname
java.net.UnknownHostException: Unable to resolve host "michael.seifert.page": No address associated with hostname
	at java.net.Inet6AddressImpl.lookupHostByName(Inet6AddressImpl.java:156)
	at java.net.Inet6AddressImpl.lookupAllHostAddr(Inet6AddressImpl.java:103)
	at java.net.InetAddress.getAllByName(InetAddress.java:1152)
	at wf5.b(r8-map-id-fc73651334f76fbacb9920b2bd292de61c7927b00aa67b5cad751dd660dc3e6f:393)
	at m92.d(r8-map-id-fc73651334f76fbacb9920b2bd292de61c7927b00aa67b5cad751dd660dc3e6f:12)
	at m92.a(r8-map-id-fc73651334f76fbacb9920b2bd292de61c7927b00aa67b5cad751dd660dc3e6f:77)
	at uc0.a(r8-map-id-fc73651334f76fbacb9920b2bd292de61c7927b00aa67b5cad751dd660dc3e6f:455)
	at sf5.b(r8-map-id-fc73651334f76fbacb9920b2bd292de61c7927b00aa67b5cad751dd660dc3e6f:104)
	at uc0.a(r8-map-id-fc73651334f76fbacb9920b2bd292de61c7927b00aa67b5cad751dd660dc3e6f:151)
	at sf5.b(r8-map-id-fc73651334f76fbacb9920b2bd292de61c7927b00aa67b5cad751dd660dc3e6f:104)
	at b70.a(r8-map-id-fc73651334f76fbacb9920b2bd292de61c7927b00aa67b5cad751dd660dc3e6f:586)
	at sf5.b(r8-map-id-fc73651334f76fbacb9920b2bd292de61c7927b00aa67b5cad751dd660dc3e6f:104)
	at b70.a(r8-map-id-fc73651334f76fbacb9920b2bd292de61c7927b00aa67b5cad751dd660dc3e6f:215)
	at sf5.b(r8-map-id-fc73651334f76fbacb9920b2bd292de61c7927b00aa67b5cad751dd660dc3e6f:104)
	at jf5.g(r8-map-id-fc73651334f76fbacb9920b2bd292de61c7927b00aa67b5cad751dd660dc3e6f:92)
	at gf5.run(r8-map-id-fc73651334f76fbacb9920b2bd292de61c7927b00aa67b5cad751dd660dc3e6f:42)
	at java.util.concurrent.ThreadPoolExecutor.runWorker(ThreadPoolExecutor.java:1154)
	at java.util.concurrent.ThreadPoolExecutor$Worker.run(ThreadPoolExecutor.java:652)
	at java.lang.Thread.run(Thread.java:1564)
Caused by: android.system.GaiException: android_getaddrinfo failed: EAI_NODATA (No address associated with hostname)
	at libcore.io.Linux.android_getaddrinfo(Native Method)
	at libcore.io.ForwardingOs.android_getaddrinfo(ForwardingOs.java:134)
	at libcore.io.BlockGuardOs.android_getaddrinfo(BlockGuardOs.java:222)
	at libcore.io.ForwardingOs.android_getaddrinfo(ForwardingOs.java:134)
	at java.net.Inet6AddressImpl.lookupHostByName(Inet6AddressImpl.java:135)
	... 18 more

2026-04-07T15:16:55.10695Z Warn: WebSocket disconnected, retrying in 5000ms
2026-04-07T15:17:04.045284Z Info: Delay completed, reconnecting...
2026-04-07T15:17:04.053907Z Info: Connecting to WebSocket at wss://michael.seifert.page/api/apps/v1/notify/ws
2026-04-07T15:17:04.083538Z Error: WebSocket connect failed Unable to resolve host "michael.seifert.page": No address associated with hostname
java.net.UnknownHostException: Unable to resolve host "michael.seifert.page": No address associated with hostname
	at java.net.Inet6AddressImpl.lookupHostByName(Inet6AddressImpl.java:156)
	at java.net.Inet6AddressImpl.lookupAllHostAddr(Inet6AddressImpl.java:103)
	at java.net.InetAddress.getAllByName(InetAddress.java:1152)
	at wf5.b(r8-map-id-fc73651334f76fbacb9920b2bd292de61c7927b00aa67b5cad751dd660dc3e6f:393)
	at m92.d(r8-map-id-fc73651334f76fbacb9920b2bd292de61c7927b00aa67b5cad751dd660dc3e6f:12)
	at m92.a(r8-map-id-fc73651334f76fbacb9920b2bd292de61c7927b00aa67b5cad751dd660dc3e6f:77)
	at uc0.a(r8-map-id-fc73651334f76fbacb9920b2bd292de61c7927b00aa67b5cad751dd660dc3e6f:455)
	at sf5.b(r8-map-id-fc73651334f76fbacb9920b2bd292de61c7927b00aa67b5cad751dd660dc3e6f:104)
	at uc0.a(r8-map-id-fc73651334f76fbacb9920b2bd292de61c7927b00aa67b5cad751dd660dc3e6f:151)
	at sf5.b(r8-map-id-fc73651334f76fbacb9920b2bd292de61c7927b00aa67b5cad751dd660dc3e6f:104)
	at b70.a(r8-map-id-fc73651334f76fbacb9920b2bd292de61c7927b00aa67b5cad751dd660dc3e6f:586)
	at sf5.b(r8-map-id-fc73651334f76fbacb9920b2bd292de61c7927b00aa67b5cad751dd660dc3e6f:104)
	at b70.a(r8-map-id-fc73651334f76fbacb9920b2bd292de61c7927b00aa67b5cad751dd660dc3e6f:215)
	at sf5.b(r8-map-id-fc73651334f76fbacb9920b2bd292de61c7927b00aa67b5cad751dd660dc3e6f:104)
	at jf5.g(r8-map-id-fc73651334f76fbacb9920b2bd292de61c7927b00aa67b5cad751dd660dc3e6f:92)
	at gf5.run(r8-map-id-fc73651334f76fbacb9920b2bd292de61c7927b00aa67b5cad751dd660dc3e6f:42)
	at java.util.concurrent.ThreadPoolExecutor.runWorker(ThreadPoolExecutor.java:1154)
	at java.util.concurrent.ThreadPoolExecutor$Worker.run(ThreadPoolExecutor.java:652)
	at java.lang.Thread.run(Thread.java:1564)
Caused by: android.system.GaiException: android_getaddrinfo failed: EAI_NODATA (No address associated with hostname)
	at libcore.io.Linux.android_getaddrinfo(Native Method)
	at libcore.io.ForwardingOs.android_getaddrinfo(ForwardingOs.java:134)
	at libcore.io.BlockGuardOs.android_getaddrinfo(BlockGuardOs.java:222)
	at libcore.io.ForwardingOs.android_getaddrinfo(ForwardingOs.java:134)
	at java.net.Inet6AddressImpl.lookupHostByName(Inet6AddressImpl.java:135)
	... 18 more

2026-04-07T15:17:04.088898Z Warn: WebSocket disconnected, retrying in 5000ms
2026-04-07T15:17:10.063168Z Info: Delay completed, reconnecting...
2026-04-07T15:17:10.079025Z Info: Connecting to WebSocket at wss://michael.seifert.page/api/apps/v1/notify/ws
2026-04-07T15:17:10.10226Z Error: WebSocket connect failed Unable to resolve host "michael.seifert.page": No address associated with hostname
java.net.UnknownHostException: Unable to resolve host "michael.seifert.page": No address associated with hostname
	at java.net.Inet6AddressImpl.lookupHostByName(Inet6AddressImpl.java:156)
	at java.net.Inet6AddressImpl.lookupAllHostAddr(Inet6AddressImpl.java:103)
	at java.net.InetAddress.getAllByName(InetAddress.java:1152)
	at wf5.b(r8-map-id-fc73651334f76fbacb9920b2bd292de61c7927b00aa67b5cad751dd660dc3e6f:393)
	at m92.d(r8-map-id-fc73651334f76fbacb9920b2bd292de61c7927b00aa67b5cad751dd660dc3e6f:12)
	at m92.a(r8-map-id-fc73651334f76fbacb9920b2bd292de61c7927b00aa67b5cad751dd660dc3e6f:77)
	at uc0.a(r8-map-id-fc73651334f76fbacb9920b2bd292de61c7927b00aa67b5cad751dd660dc3e6f:455)
	at sf5.b(r8-map-id-fc73651334f76fbacb9920b2bd292de61c7927b00aa67b5cad751dd660dc3e6f:104)
	at uc0.a(r8-map-id-fc73651334f76fbacb9920b2bd292de61c7927b00aa67b5cad751dd660dc3e6f:151)
	at sf5.b(r8-map-id-fc73651334f76fbacb9920b2bd292de61c7927b00aa67b5cad751dd660dc3e6f:104)
	at b70.a(r8-map-id-fc73651334f76fbacb9920b2bd292de61c7927b00aa67b5cad751dd660dc3e6f:586)
	at sf5.b(r8-map-id-fc73651334f76fbacb9920b2bd292de61c7927b00aa67b5cad751dd660dc3e6f:104)
	at b70.a(r8-map-id-fc73651334f76fbacb9920b2bd292de61c7927b00aa67b5cad751dd660dc3e6f:215)
	at sf5.b(r8-map-id-fc73651334f76fbacb9920b2bd292de61c7927b00aa67b5cad751dd660dc3e6f:104)
	at jf5.g(r8-map-id-fc73651334f76fbacb9920b2bd292de61c7927b00aa67b5cad751dd660dc3e6f:92)
	at gf5.run(r8-map-id-fc73651334f76fbacb9920b2bd292de61c7927b00aa67b5cad751dd660dc3e6f:42)
	at java.util.concurrent.ThreadPoolExecutor.runWorker(ThreadPoolExecutor.java:1154)
	at java.util.concurrent.ThreadPoolExecutor$Worker.run(ThreadPoolExecutor.java:652)
	at java.lang.Thread.run(Thread.java:1564)
Caused by: android.system.GaiException: android_getaddrinfo failed: EAI_NODATA (No address associated with hostname)
	at libcore.io.Linux.android_getaddrinfo(Native Method)
	at libcore.io.ForwardingOs.android_getaddrinfo(ForwardingOs.java:134)
	at libcore.io.BlockGuardOs.android_getaddrinfo(BlockGuardOs.java:222)
	at libcore.io.ForwardingOs.android_getaddrinfo(ForwardingOs.java:134)
	at java.net.Inet6AddressImpl.lookupHostByName(Inet6AddressImpl.java:135)
	... 18 more

2026-04-07T15:17:10.105927Z Warn: WebSocket disconnected, retrying in 5000ms
2026-04-07T15:17:16.065676Z Info: Delay completed, reconnecting...
2026-04-07T15:17:16.077533Z Info: Connecting to WebSocket at wss://michael.seifert.page/api/apps/v1/notify/ws
2026-04-07T15:17:16.112973Z Error: WebSocket connect failed Unable to resolve host "michael.seifert.page": No address associated with hostname
java.net.UnknownHostException: Unable to resolve host "michael.seifert.page": No address associated with hostname
	at java.net.Inet6AddressImpl.lookupHostByName(Inet6AddressImpl.java:156)
	at java.net.Inet6AddressImpl.lookupAllHostAddr(Inet6AddressImpl.java:103)
	at java.net.InetAddress.getAllByName(InetAddress.java:1152)
	at wf5.b(r8-map-id-fc73651334f76fbacb9920b2bd292de61c7927b00aa67b5cad751dd660dc3e6f:393)
	at m92.d(r8-map-id-fc73651334f76fbacb9920b2bd292de61c7927b00aa67b5cad751dd660dc3e6f:12)
	at m92.a(r8-map-id-fc73651334f76fbacb9920b2bd292de61c7927b00aa67b5cad751dd660dc3e6f:77)
	at uc0.a(r8-map-id-fc73651334f76fbacb9920b2bd292de61c7927b00aa67b5cad751dd660dc3e6f:455)
	at sf5.b(r8-map-id-fc73651334f76fbacb9920b2bd292de61c7927b00aa67b5cad751dd660dc3e6f:104)
	at uc0.a(r8-map-id-fc73651334f76fbacb9920b2bd292de61c7927b00aa67b5cad751dd660dc3e6f:151)
	at sf5.b(r8-map-id-fc73651334f76fbacb9920b2bd292de61c7927b00aa67b5cad751dd660dc3e6f:104)
	at b70.a(r8-map-id-fc73651334f76fbacb9920b2bd292de61c7927b00aa67b5cad751dd660dc3e6f:586)
	at sf5.b(r8-map-id-fc73651334f76fbacb9920b2bd292de61c7927b00aa67b5cad751dd660dc3e6f:104)
	at b70.a(r8-map-id-fc73651334f76fbacb9920b2bd292de61c7927b00aa67b5cad751dd660dc3e6f:215)
	at sf5.b(r8-map-id-fc73651334f76fbacb9920b2bd292de61c7927b00aa67b5cad751dd660dc3e6f:104)
	at jf5.g(r8-map-id-fc73651334f76fbacb9920b2bd292de61c7927b00aa67b5cad751dd660dc3e6f:92)
	at gf5.run(r8-map-id-fc73651334f76fbacb9920b2bd292de61c7927b00aa67b5cad751dd660dc3e6f:42)
	at java.util.concurrent.ThreadPoolExecutor.runWorker(ThreadPoolExecutor.java:1154)
	at java.util.concurrent.ThreadPoolExecutor$Worker.run(ThreadPoolExecutor.java:652)
	at java.lang.Thread.run(Thread.java:1564)
Caused by: android.system.GaiException: android_getaddrinfo failed: EAI_NODATA (No address associated with hostname)
	at libcore.io.Linux.android_getaddrinfo(Native Method)
	at libcore.io.ForwardingOs.android_getaddrinfo(ForwardingOs.java:134)
	at libcore.io.BlockGuardOs.android_getaddrinfo(BlockGuardOs.java:222)
	at libcore.io.ForwardingOs.android_getaddrinfo(ForwardingOs.java:134)
	at java.net.Inet6AddressImpl.lookupHostByName(Inet6AddressImpl.java:135)
	... 18 more

2026-04-07T15:17:16.116297Z Warn: WebSocket disconnected, retrying in 5000ms
2026-04-07T15:17:21.411061Z Info: Delay completed, reconnecting...
2026-04-07T15:17:21.425517Z Info: Connecting to WebSocket at wss://michael.seifert.page/api/apps/v1/notify/ws
2026-04-07T15:17:21.449471Z Error: WebSocket connect failed Unable to resolve host "michael.seifert.page": No address associated with hostname
java.net.UnknownHostException: Unable to resolve host "michael.seifert.page": No address associated with hostname
	at java.net.Inet6AddressImpl.lookupHostByName(Inet6AddressImpl.java:156)
	at java.net.Inet6AddressImpl.lookupAllHostAddr(Inet6AddressImpl.java:103)
	at java.net.InetAddress.getAllByName(InetAddress.java:1152)
	at wf5.b(r8-map-id-fc73651334f76fbacb9920b2bd292de61c7927b00aa67b5cad751dd660dc3e6f:393)
	at m92.d(r8-map-id-fc73651334f76fbacb9920b2bd292de61c7927b00aa67b5cad751dd660dc3e6f:12)
	at m92.a(r8-map-id-fc73651334f76fbacb9920b2bd292de61c7927b00aa67b5cad751dd660dc3e6f:77)
	at uc0.a(r8-map-id-fc73651334f76fbacb9920b2bd292de61c7927b00aa67b5cad751dd660dc3e6f:455)
	at sf5.b(r8-map-id-fc73651334f76fbacb9920b2bd292de61c7927b00aa67b5cad751dd660dc3e6f:104)
	at uc0.a(r8-map-id-fc73651334f76fbacb9920b2bd292de61c7927b00aa67b5cad751dd660dc3e6f:151)
	at sf5.b(r8-map-id-fc73651334f76fbacb9920b2bd292de61c7927b00aa67b5cad751dd660dc3e6f:104)
	at b70.a(r8-map-id-fc73651334f76fbacb9920b2bd292de61c7927b00aa67b5cad751dd660dc3e6f:586)
	at sf5.b(r8-map-id-fc73651334f76fbacb9920b2bd292de61c7927b00aa67b5cad751dd660dc3e6f:104)
	at b70.a(r8-map-id-fc73651334f76fbacb9920b2bd292de61c7927b00aa67b5cad751dd660dc3e6f:215)
	at sf5.b(r8-map-id-fc73651334f76fbacb9920b2bd292de61c7927b00aa67b5cad751dd660dc3e6f:104)
	at jf5.g(r8-map-id-fc73651334f76fbacb9920b2bd292de61c7927b00aa67b5cad751dd660dc3e6f:92)
	at gf5.run(r8-map-id-fc73651334f76fbacb9920b2bd292de61c7927b00aa67b5cad751dd660dc3e6f:42)
	at java.util.concurrent.ThreadPoolExecutor.runWorker(ThreadPoolExecutor.java:1154)
	at java.util.concurrent.ThreadPoolExecutor$Worker.run(ThreadPoolExecutor.java:652)
	at java.lang.Thread.run(Thread.java:1564)
Caused by: android.system.GaiException: android_getaddrinfo failed: EAI_NODATA (No address associated with hostname)
	at libcore.io.Linux.android_getaddrinfo(Native Method)
	at libcore.io.ForwardingOs.android_getaddrinfo(ForwardingOs.java:134)
	at libcore.io.BlockGuardOs.android_getaddrinfo(BlockGuardOs.java:222)
	at libcore.io.ForwardingOs.android_getaddrinfo(ForwardingOs.java:134)
	at java.net.Inet6AddressImpl.lookupHostByName(Inet6AddressImpl.java:135)
	... 18 more

2026-04-07T15:17:21.453109Z Warn: WebSocket disconnected, retrying in 5000ms
2026-04-07T15:17:26.539317Z Info: Delay completed, reconnecting...
2026-04-07T15:17:26.552191Z Info: Connecting to WebSocket at wss://michael.seifert.page/api/apps/v1/notify/ws
2026-04-07T15:17:26.586688Z Error: WebSocket connect failed Unable to resolve host "michael.seifert.page": No address associated with hostname
java.net.UnknownHostException: Unable to resolve host "michael.seifert.page": No address associated with hostname
	at java.net.Inet6AddressImpl.lookupHostByName(Inet6AddressImpl.java:156)
	at java.net.Inet6AddressImpl.lookupAllHostAddr(Inet6AddressImpl.java:103)
	at java.net.InetAddress.getAllByName(InetAddress.java:1152)
	at wf5.b(r8-map-id-fc73651334f76fbacb9920b2bd292de61c7927b00aa67b5cad751dd660dc3e6f:393)
	at m92.d(r8-map-id-fc73651334f76fbacb9920b2bd292de61c7927b00aa67b5cad751dd660dc3e6f:12)
	at m92.a(r8-map-id-fc73651334f76fbacb9920b2bd292de61c7927b00aa67b5cad751dd660dc3e6f:77)
	at uc0.a(r8-map-id-fc73651334f76fbacb9920b2bd292de61c7927b00aa67b5cad751dd660dc3e6f:455)
	at sf5.b(r8-map-id-fc73651334f76fbacb9920b2bd292de61c7927b00aa67b5cad751dd660dc3e6f:104)
	at uc0.a(r8-map-id-fc73651334f76fbacb9920b2bd292de61c7927b00aa67b5cad751dd660dc3e6f:151)
	at sf5.b(r8-map-id-fc73651334f76fbacb9920b2bd292de61c7927b00aa67b5cad751dd660dc3e6f:104)
	at b70.a(r8-map-id-fc73651334f76fbacb9920b2bd292de61c7927b00aa67b5cad751dd660dc3e6f:586)
	at sf5.b(r8-map-id-fc73651334f76fbacb9920b2bd292de61c7927b00aa67b5cad751dd660dc3e6f:104)
	at b70.a(r8-map-id-fc73651334f76fbacb9920b2bd292de61c7927b00aa67b5cad751dd660dc3e6f:215)
	at sf5.b(r8-map-id-fc73651334f76fbacb9920b2bd292de61c7927b00aa67b5cad751dd660dc3e6f:104)
	at jf5.g(r8-map-id-fc73651334f76fbacb9920b2bd292de61c7927b00aa67b5cad751dd660dc3e6f:92)
	at gf5.run(r8-map-id-fc73651334f76fbacb9920b2bd292de61c7927b00aa67b5cad751dd660dc3e6f:42)
	at java.util.concurrent.ThreadPoolExecutor.runWorker(ThreadPoolExecutor.java:1154)
	at java.util.concurrent.ThreadPoolExecutor$Worker.run(ThreadPoolExecutor.java:652)
	at java.lang.Thread.run(Thread.java:1564)
Caused by: android.system.GaiException: android_getaddrinfo failed: EAI_NODATA (No address associated with hostname)
	at libcore.io.Linux.android_getaddrinfo(Native Method)
	at libcore.io.ForwardingOs.android_getaddrinfo(ForwardingOs.java:134)
	at libcore.io.BlockGuardOs.android_getaddrinfo(BlockGuardOs.java:222)
	at libcore.io.ForwardingOs.android_getaddrinfo(ForwardingOs.java:134)
	at java.net.Inet6AddressImpl.lookupHostByName(Inet6AddressImpl.java:135)
	... 18 more

2026-04-07T15:17:26.589591Z Warn: WebSocket disconnected, retrying in 5000ms
2026-04-07T15:17:30.975327Z Info: Delay completed, reconnecting...
2026-04-07T15:17:30.978773Z Info: Connecting to WebSocket at wss://michael.seifert.page/api/apps/v1/notify/ws
2026-04-07T15:17:31.00685Z Error: WebSocket connect failed Unable to resolve host "michael.seifert.page": No address associated with hostname
java.net.UnknownHostException: Unable to resolve host "michael.seifert.page": No address associated with hostname
	at java.net.Inet6AddressImpl.lookupHostByName(Inet6AddressImpl.java:156)
	at java.net.Inet6AddressImpl.lookupAllHostAddr(Inet6AddressImpl.java:103)
	at java.net.InetAddress.getAllByName(InetAddress.java:1152)
	at wf5.b(r8-map-id-fc73651334f76fbacb9920b2bd292de61c7927b00aa67b5cad751dd660dc3e6f:393)
	at m92.d(r8-map-id-fc73651334f76fbacb9920b2bd292de61c7927b00aa67b5cad751dd660dc3e6f:12)
	at m92.a(r8-map-id-fc73651334f76fbacb9920b2bd292de61c7927b00aa67b5cad751dd660dc3e6f:77)
	at uc0.a(r8-map-id-fc73651334f76fbacb9920b2bd292de61c7927b00aa67b5cad751dd660dc3e6f:455)
	at sf5.b(r8-map-id-fc73651334f76fbacb9920b2bd292de61c7927b00aa67b5cad751dd660dc3e6f:104)
	at uc0.a(r8-map-id-fc73651334f76fbacb9920b2bd292de61c7927b00aa67b5cad751dd660dc3e6f:151)
	at sf5.b(r8-map-id-fc73651334f76fbacb9920b2bd292de61c7927b00aa67b5cad751dd660dc3e6f:104)
	at b70.a(r8-map-id-fc73651334f76fbacb9920b2bd292de61c7927b00aa67b5cad751dd660dc3e6f:586)
	at sf5.b(r8-map-id-fc73651334f76fbacb9920b2bd292de61c7927b00aa67b5cad751dd660dc3e6f:104)
	at b70.a(r8-map-id-fc73651334f76fbacb9920b2bd292de61c7927b00aa67b5cad751dd660dc3e6f:215)
	at sf5.b(r8-map-id-fc73651334f76fbacb9920b2bd292de61c7927b00aa67b5cad751dd660dc3e6f:104)
	at jf5.g(r8-map-id-fc73651334f76fbacb9920b2bd292de61c7927b00aa67b5cad751dd660dc3e6f:92)
	at gf5.run(r8-map-id-fc73651334f76fbacb9920b2bd292de61c7927b00aa67b5cad751dd660dc3e6f:42)
	at java.util.concurrent.ThreadPoolExecutor.runWorker(ThreadPoolExecutor.java:1154)
	at java.util.concurrent.ThreadPoolExecutor$Worker.run(ThreadPoolExecutor.java:652)
	at java.lang.Thread.run(Thread.java:1564)
Caused by: android.system.GaiException: android_getaddrinfo failed: EAI_NODATA (No address associated with hostname)
	at libcore.io.Linux.android_getaddrinfo(Native Method)
	at libcore.io.ForwardingOs.android_getaddrinfo(ForwardingOs.java:134)
	at libcore.io.BlockGuardOs.android_getaddrinfo(BlockGuardOs.java:222)
	at libcore.io.ForwardingOs.android_getaddrinfo(ForwardingOs.java:134)
	at java.net.Inet6AddressImpl.lookupHostByName(Inet6AddressImpl.java:135)
	... 18 more

2026-04-07T15:17:31.011994Z Warn: WebSocket disconnected, retrying in 5000ms
2026-04-07T15:19:14.29207Z Info: Delay completed, reconnecting...
2026-04-07T15:19:14.296825Z Info: Connecting to WebSocket at wss://michael.seifert.page/api/apps/v1/notify/ws
2026-04-07T15:19:14.311582Z Error: WebSocket connect failed Unable to resolve host "michael.seifert.page": No address associated with hostname
java.net.UnknownHostException: Unable to resolve host "michael.seifert.page": No address associated with hostname
	at java.net.Inet6AddressImpl.lookupHostByName(Inet6AddressImpl.java:156)
	at java.net.Inet6AddressImpl.lookupAllHostAddr(Inet6AddressImpl.java:103)
	at java.net.InetAddress.getAllByName(InetAddress.java:1152)
	at wf5.b(r8-map-id-fc73651334f76fbacb9920b2bd292de61c7927b00aa67b5cad751dd660dc3e6f:393)
	at m92.d(r8-map-id-fc73651334f76fbacb9920b2bd292de61c7927b00aa67b5cad751dd660dc3e6f:12)
	at m92.a(r8-map-id-fc73651334f76fbacb9920b2bd292de61c7927b00aa67b5cad751dd660dc3e6f:77)
	at uc0.a(r8-map-id-fc73651334f76fbacb9920b2bd292de61c7927b00aa67b5cad751dd660dc3e6f:455)
	at sf5.b(r8-map-id-fc73651334f76fbacb9920b2bd292de61c7927b00aa67b5cad751dd660dc3e6f:104)
	at uc0.a(r8-map-id-fc73651334f76fbacb9920b2bd292de61c7927b00aa67b5cad751dd660dc3e6f:151)
	at sf5.b(r8-map-id-fc73651334f76fbacb9920b2bd292de61c7927b00aa67b5cad751dd660dc3e6f:104)
	at b70.a(r8-map-id-fc73651334f76fbacb9920b2bd292de61c7927b00aa67b5cad751dd660dc3e6f:586)
	at sf5.b(r8-map-id-fc73651334f76fbacb9920b2bd292de61c7927b00aa67b5cad751dd660dc3e6f:104)
	at b70.a(r8-map-id-fc73651334f76fbacb9920b2bd292de61c7927b00aa67b5cad751dd660dc3e6f:215)
	at sf5.b(r8-map-id-fc73651334f76fbacb9920b2bd292de61c7927b00aa67b5cad751dd660dc3e6f:104)
	at jf5.g(r8-map-id-fc73651334f76fbacb9920b2bd292de61c7927b00aa67b5cad751dd660dc3e6f:92)
	at gf5.run(r8-map-id-fc73651334f76fbacb9920b2bd292de61c7927b00aa67b5cad751dd660dc3e6f:42)
	at java.util.concurrent.ThreadPoolExecutor.runWorker(ThreadPoolExecutor.java:1154)
	at java.util.concurrent.ThreadPoolExecutor$Worker.run(ThreadPoolExecutor.java:652)
	at java.lang.Thread.run(Thread.java:1564)
Caused by: android.system.GaiException: android_getaddrinfo failed: EAI_NODATA (No address associated with hostname)
	at libcore.io.Linux.android_getaddrinfo(Native Method)
	at libcore.io.ForwardingOs.android_getaddrinfo(ForwardingOs.java:134)
	at libcore.io.BlockGuardOs.android_getaddrinfo(BlockGuardOs.java:222)
	at libcore.io.ForwardingOs.android_getaddrinfo(ForwardingOs.java:134)
	at java.net.Inet6AddressImpl.lookupHostByName(Inet6AddressImpl.java:135)
	... 18 more

2026-04-07T15:19:14.316223Z Warn: WebSocket disconnected, retrying in 5000ms
2026-04-07T15:20:53.79778Z Info: Delay completed, reconnecting...
2026-04-07T15:20:53.817529Z Info: Connecting to WebSocket at wss://michael.seifert.page/api/apps/v1/notify/ws
2026-04-07T15:20:53.837426Z Error: WebSocket connect failed Unable to resolve host "michael.seifert.page": No address associated with hostname
java.net.UnknownHostException: Unable to resolve host "michael.seifert.page": No address associated with hostname
	at java.net.Inet6AddressImpl.lookupHostByName(Inet6AddressImpl.java:156)
	at java.net.Inet6AddressImpl.lookupAllHostAddr(Inet6AddressImpl.java:103)
	at java.net.InetAddress.getAllByName(InetAddress.java:1152)
	at wf5.b(r8-map-id-fc73651334f76fbacb9920b2bd292de61c7927b00aa67b5cad751dd660dc3e6f:393)
	at m92.d(r8-map-id-fc73651334f76fbacb9920b2bd292de61c7927b00aa67b5cad751dd660dc3e6f:12)
	at m92.a(r8-map-id-fc73651334f76fbacb9920b2bd292de61c7927b00aa67b5cad751dd660dc3e6f:77)
	at uc0.a(r8-map-id-fc73651334f76fbacb9920b2bd292de61c7927b00aa67b5cad751dd660dc3e6f:455)
	at sf5.b(r8-map-id-fc73651334f76fbacb9920b2bd292de61c7927b00aa67b5cad751dd660dc3e6f:104)
	at uc0.a(r8-map-id-fc73651334f76fbacb9920b2bd292de61c7927b00aa67b5cad751dd660dc3e6f:151)
	at sf5.b(r8-map-id-fc73651334f76fbacb9920b2bd292de61c7927b00aa67b5cad751dd660dc3e6f:104)
	at b70.a(r8-map-id-fc73651334f76fbacb9920b2bd292de61c7927b00aa67b5cad751dd660dc3e6f:586)
	at sf5.b(r8-map-id-fc73651334f76fbacb9920b2bd292de61c7927b00aa67b5cad751dd660dc3e6f:104)
	at b70.a(r8-map-id-fc73651334f76fbacb9920b2bd292de61c7927b00aa67b5cad751dd660dc3e6f:215)
	at sf5.b(r8-map-id-fc73651334f76fbacb9920b2bd292de61c7927b00aa67b5cad751dd660dc3e6f:104)
	at jf5.g(r8-map-id-fc73651334f76fbacb9920b2bd292de61c7927b00aa67b5cad751dd660dc3e6f:92)
	at gf5.run(r8-map-id-fc73651334f76fbacb9920b2bd292de61c7927b00aa67b5cad751dd660dc3e6f:42)
	at java.util.concurrent.ThreadPoolExecutor.runWorker(ThreadPoolExecutor.java:1154)
	at java.util.concurrent.ThreadPoolExecutor$Worker.run(ThreadPoolExecutor.java:652)
	at java.lang.Thread.run(Thread.java:1564)
Caused by: android.system.GaiException: android_getaddrinfo failed: EAI_NODATA (No address associated with hostname)
	at libcore.io.Linux.android_getaddrinfo(Native Method)
	at libcore.io.ForwardingOs.android_getaddrinfo(ForwardingOs.java:134)
	at libcore.io.BlockGuardOs.android_getaddrinfo(BlockGuardOs.java:222)
	at libcore.io.ForwardingOs.android_getaddrinfo(ForwardingOs.java:134)
	at java.net.Inet6AddressImpl.lookupHostByName(Inet6AddressImpl.java:135)
	... 18 more

2026-04-07T15:20:53.842908Z Warn: WebSocket disconnected, retrying in 5000ms
2026-04-07T15:22:14.356239Z Info: Delay completed, reconnecting...
2026-04-07T15:22:14.36558Z Info: Connecting to WebSocket at wss://michael.seifert.page/api/apps/v1/notify/ws
2026-04-07T15:22:14.387677Z Error: WebSocket connect failed Unable to resolve host "michael.seifert.page": No address associated with hostname
java.net.UnknownHostException: Unable to resolve host "michael.seifert.page": No address associated with hostname
	at java.net.Inet6AddressImpl.lookupHostByName(Inet6AddressImpl.java:156)
	at java.net.Inet6AddressImpl.lookupAllHostAddr(Inet6AddressImpl.java:103)
	at java.net.InetAddress.getAllByName(InetAddress.java:1152)
	at wf5.b(r8-map-id-fc73651334f76fbacb9920b2bd292de61c7927b00aa67b5cad751dd660dc3e6f:393)
	at m92.d(r8-map-id-fc73651334f76fbacb9920b2bd292de61c7927b00aa67b5cad751dd660dc3e6f:12)
	at m92.a(r8-map-id-fc73651334f76fbacb9920b2bd292de61c7927b00aa67b5cad751dd660dc3e6f:77)
	at uc0.a(r8-map-id-fc73651334f76fbacb9920b2bd292de61c7927b00aa67b5cad751dd660dc3e6f:455)
	at sf5.b(r8-map-id-fc73651334f76fbacb9920b2bd292de61c7927b00aa67b5cad751dd660dc3e6f:104)
	at uc0.a(r8-map-id-fc73651334f76fbacb9920b2bd292de61c7927b00aa67b5cad751dd660dc3e6f:151)
	at sf5.b(r8-map-id-fc73651334f76fbacb9920b2bd292de61c7927b00aa67b5cad751dd660dc3e6f:104)
	at b70.a(r8-map-id-fc73651334f76fbacb9920b2bd292de61c7927b00aa67b5cad751dd660dc3e6f:586)
	at sf5.b(r8-map-id-fc73651334f76fbacb9920b2bd292de61c7927b00aa67b5cad751dd660dc3e6f:104)
	at b70.a(r8-map-id-fc73651334f76fbacb9920b2bd292de61c7927b00aa67b5cad751dd660dc3e6f:215)
	at sf5.b(r8-map-id-fc73651334f76fbacb9920b2bd292de61c7927b00aa67b5cad751dd660dc3e6f:104)
	at jf5.g(r8-map-id-fc73651334f76fbacb9920b2bd292de61c7927b00aa67b5cad751dd660dc3e6f:92)
	at gf5.run(r8-map-id-fc73651334f76fbacb9920b2bd292de61c7927b00aa67b5cad751dd660dc3e6f:42)
	at java.util.concurrent.ThreadPoolExecutor.runWorker(ThreadPoolExecutor.java:1154)
	at java.util.concurrent.ThreadPoolExecutor$Worker.run(ThreadPoolExecutor.java:652)
	at java.lang.Thread.run(Thread.java:1564)
Caused by: android.system.GaiException: android_getaddrinfo failed: EAI_NODATA (No address associated with hostname)
	at libcore.io.Linux.android_getaddrinfo(Native Method)
	at libcore.io.ForwardingOs.android_getaddrinfo(ForwardingOs.java:134)
	at libcore.io.BlockGuardOs.android_getaddrinfo(BlockGuardOs.java:222)
	at libcore.io.ForwardingOs.android_getaddrinfo(ForwardingOs.java:134)
	at java.net.Inet6AddressImpl.lookupHostByName(Inet6AddressImpl.java:135)
	... 18 more

2026-04-07T15:22:14.395537Z Warn: WebSocket disconnected, retrying in 5000ms
2026-04-07T15:22:19.431868Z Info: Delay completed, reconnecting...
2026-04-07T15:22:19.436899Z Info: Connecting to WebSocket at wss://michael.seifert.page/api/apps/v1/notify/ws
2026-04-07T15:22:19.461481Z Error: WebSocket connect failed Unable to resolve host "michael.seifert.page": No address associated with hostname
java.net.UnknownHostException: Unable to resolve host "michael.seifert.page": No address associated with hostname
	at java.net.Inet6AddressImpl.lookupHostByName(Inet6AddressImpl.java:156)
	at java.net.Inet6AddressImpl.lookupAllHostAddr(Inet6AddressImpl.java:103)
	at java.net.InetAddress.getAllByName(InetAddress.java:1152)
	at wf5.b(r8-map-id-fc73651334f76fbacb9920b2bd292de61c7927b00aa67b5cad751dd660dc3e6f:393)
	at m92.d(r8-map-id-fc73651334f76fbacb9920b2bd292de61c7927b00aa67b5cad751dd660dc3e6f:12)
	at m92.a(r8-map-id-fc73651334f76fbacb9920b2bd292de61c7927b00aa67b5cad751dd660dc3e6f:77)
	at uc0.a(r8-map-id-fc73651334f76fbacb9920b2bd292de61c7927b00aa67b5cad751dd660dc3e6f:455)
	at sf5.b(r8-map-id-fc73651334f76fbacb9920b2bd292de61c7927b00aa67b5cad751dd660dc3e6f:104)
	at uc0.a(r8-map-id-fc73651334f76fbacb9920b2bd292de61c7927b00aa67b5cad751dd660dc3e6f:151)
	at sf5.b(r8-map-id-fc73651334f76fbacb9920b2bd292de61c7927b00aa67b5cad751dd660dc3e6f:104)
	at b70.a(r8-map-id-fc73651334f76fbacb9920b2bd292de61c7927b00aa67b5cad751dd660dc3e6f:586)
	at sf5.b(r8-map-id-fc73651334f76fbacb9920b2bd292de61c7927b00aa67b5cad751dd660dc3e6f:104)
	at b70.a(r8-map-id-fc73651334f76fbacb9920b2bd292de61c7927b00aa67b5cad751dd660dc3e6f:215)
	at sf5.b(r8-map-id-fc73651334f76fbacb9920b2bd292de61c7927b00aa67b5cad751dd660dc3e6f:104)
	at jf5.g(r8-map-id-fc73651334f76fbacb9920b2bd292de61c7927b00aa67b5cad751dd660dc3e6f:92)
	at gf5.run(r8-map-id-fc73651334f76fbacb9920b2bd292de61c7927b00aa67b5cad751dd660dc3e6f:42)
	at java.util.concurrent.ThreadPoolExecutor.runWorker(ThreadPoolExecutor.java:1154)
	at java.util.concurrent.ThreadPoolExecutor$Worker.run(ThreadPoolExecutor.java:652)
	at java.lang.Thread.run(Thread.java:1564)
Caused by: android.system.GaiException: android_getaddrinfo failed: EAI_NODATA (No address associated with hostname)
	at libcore.io.Linux.android_getaddrinfo(Native Method)
	at libcore.io.ForwardingOs.android_getaddrinfo(ForwardingOs.java:134)
	at libcore.io.BlockGuardOs.android_getaddrinfo(BlockGuardOs.java:222)
	at libcore.io.ForwardingOs.android_getaddrinfo(ForwardingOs.java:134)
	at java.net.Inet6AddressImpl.lookupHostByName(Inet6AddressImpl.java:135)
	... 18 more

2026-04-07T15:22:19.464011Z Warn: WebSocket disconnected, retrying in 5000ms
2026-04-07T15:22:37.942357Z Info: Delay completed, reconnecting...
2026-04-07T15:22:37.95323Z Info: Connecting to WebSocket at wss://michael.seifert.page/api/apps/v1/notify/ws
2026-04-07T15:22:37.9758Z Error: WebSocket connect failed Unable to resolve host "michael.seifert.page": No address associated with hostname
java.net.UnknownHostException: Unable to resolve host "michael.seifert.page": No address associated with hostname
	at java.net.Inet6AddressImpl.lookupHostByName(Inet6AddressImpl.java:156)
	at java.net.Inet6AddressImpl.lookupAllHostAddr(Inet6AddressImpl.java:103)
	at java.net.InetAddress.getAllByName(InetAddress.java:1152)
	at wf5.b(r8-map-id-fc73651334f76fbacb9920b2bd292de61c7927b00aa67b5cad751dd660dc3e6f:393)
	at m92.d(r8-map-id-fc73651334f76fbacb9920b2bd292de61c7927b00aa67b5cad751dd660dc3e6f:12)
	at m92.a(r8-map-id-fc73651334f76fbacb9920b2bd292de61c7927b00aa67b5cad751dd660dc3e6f:77)
	at uc0.a(r8-map-id-fc73651334f76fbacb9920b2bd292de61c7927b00aa67b5cad751dd660dc3e6f:455)
	at sf5.b(r8-map-id-fc73651334f76fbacb9920b2bd292de61c7927b00aa67b5cad751dd660dc3e6f:104)
	at uc0.a(r8-map-id-fc73651334f76fbacb9920b2bd292de61c7927b00aa67b5cad751dd660dc3e6f:151)
	at sf5.b(r8-map-id-fc73651334f76fbacb9920b2bd292de61c7927b00aa67b5cad751dd660dc3e6f:104)
	at b70.a(r8-map-id-fc73651334f76fbacb9920b2bd292de61c7927b00aa67b5cad751dd660dc3e6f:586)
	at sf5.b(r8-map-id-fc73651334f76fbacb9920b2bd292de61c7927b00aa67b5cad751dd660dc3e6f:104)
	at b70.a(r8-map-id-fc73651334f76fbacb9920b2bd292de61c7927b00aa67b5cad751dd660dc3e6f:215)
	at sf5.b(r8-map-id-fc73651334f76fbacb9920b2bd292de61c7927b00aa67b5cad751dd660dc3e6f:104)
	at jf5.g(r8-map-id-fc73651334f76fbacb9920b2bd292de61c7927b00aa67b5cad751dd660dc3e6f:92)
	at gf5.run(r8-map-id-fc73651334f76fbacb9920b2bd292de61c7927b00aa67b5cad751dd660dc3e6f:42)
	at java.util.concurrent.ThreadPoolExecutor.runWorker(ThreadPoolExecutor.java:1154)
	at java.util.concurrent.ThreadPoolExecutor$Worker.run(ThreadPoolExecutor.java:652)
	at java.lang.Thread.run(Thread.java:1564)
Caused by: android.system.GaiException: android_getaddrinfo failed: EAI_NODATA (No address associated with hostname)
	at libcore.io.Linux.android_getaddrinfo(Native Method)
	at libcore.io.ForwardingOs.android_getaddrinfo(ForwardingOs.java:134)
	at libcore.io.BlockGuardOs.android_getaddrinfo(BlockGuardOs.java:222)
	at libcore.io.ForwardingOs.android_getaddrinfo(ForwardingOs.java:134)
	at java.net.Inet6AddressImpl.lookupHostByName(Inet6AddressImpl.java:135)
	... 18 more

2026-04-07T15:22:37.978625Z Warn: WebSocket disconnected, retrying in 5000ms
2026-04-07T15:22:43.840015Z Info: Delay completed, reconnecting...
2026-04-07T15:22:43.845256Z Info: Connecting to WebSocket at wss://michael.seifert.page/api/apps/v1/notify/ws
2026-04-07T15:22:43.88465Z Error: WebSocket connect failed Unable to resolve host "michael.seifert.page": No address associated with hostname
java.net.UnknownHostException: Unable to resolve host "michael.seifert.page": No address associated with hostname
	at java.net.Inet6AddressImpl.lookupHostByName(Inet6AddressImpl.java:156)
	at java.net.Inet6AddressImpl.lookupAllHostAddr(Inet6AddressImpl.java:103)
	at java.net.InetAddress.getAllByName(InetAddress.java:1152)
	at wf5.b(r8-map-id-fc73651334f76fbacb9920b2bd292de61c7927b00aa67b5cad751dd660dc3e6f:393)
	at m92.d(r8-map-id-fc73651334f76fbacb9920b2bd292de61c7927b00aa67b5cad751dd660dc3e6f:12)
	at m92.a(r8-map-id-fc73651334f76fbacb9920b2bd292de61c7927b00aa67b5cad751dd660dc3e6f:77)
	at uc0.a(r8-map-id-fc73651334f76fbacb9920b2bd292de61c7927b00aa67b5cad751dd660dc3e6f:455)
	at sf5.b(r8-map-id-fc73651334f76fbacb9920b2bd292de61c7927b00aa67b5cad751dd660dc3e6f:104)
	at uc0.a(r8-map-id-fc73651334f76fbacb9920b2bd292de61c7927b00aa67b5cad751dd660dc3e6f:151)
	at sf5.b(r8-map-id-fc73651334f76fbacb9920b2bd292de61c7927b00aa67b5cad751dd660dc3e6f:104)
	at b70.a(r8-map-id-fc73651334f76fbacb9920b2bd292de61c7927b00aa67b5cad751dd660dc3e6f:586)
	at sf5.b(r8-map-id-fc73651334f76fbacb9920b2bd292de61c7927b00aa67b5cad751dd660dc3e6f:104)
	at b70.a(r8-map-id-fc73651334f76fbacb9920b2bd292de61c7927b00aa67b5cad751dd660dc3e6f:215)
	at sf5.b(r8-map-id-fc73651334f76fbacb9920b2bd292de61c7927b00aa67b5cad751dd660dc3e6f:104)
	at jf5.g(r8-map-id-fc73651334f76fbacb9920b2bd292de61c7927b00aa67b5cad751dd660dc3e6f:92)
	at gf5.run(r8-map-id-fc73651334f76fbacb9920b2bd292de61c7927b00aa67b5cad751dd660dc3e6f:42)
	at java.util.concurrent.ThreadPoolExecutor.runWorker(ThreadPoolExecutor.java:1154)
	at java.util.concurrent.ThreadPoolExecutor$Worker.run(ThreadPoolExecutor.java:652)
	at java.lang.Thread.run(Thread.java:1564)
Caused by: android.system.GaiException: android_getaddrinfo failed: EAI_NODATA (No address associated with hostname)
	at libcore.io.Linux.android_getaddrinfo(Native Method)
	at libcore.io.ForwardingOs.android_getaddrinfo(ForwardingOs.java:134)
	at libcore.io.BlockGuardOs.android_getaddrinfo(BlockGuardOs.java:222)
	at libcore.io.ForwardingOs.android_getaddrinfo(ForwardingOs.java:134)
	at java.net.Inet6AddressImpl.lookupHostByName(Inet6AddressImpl.java:135)
	... 18 more

2026-04-07T15:22:43.886428Z Warn: WebSocket disconnected, retrying in 5000ms
2026-04-07T15:22:48.410739Z Info: Delay completed, reconnecting...
2026-04-07T15:22:48.412066Z Info: Connecting to WebSocket at wss://michael.seifert.page/api/apps/v1/notify/ws
2026-04-07T15:22:48.477574Z Error: WebSocket connect failed Unable to resolve host "michael.seifert.page": No address associated with hostname
java.net.UnknownHostException: Unable to resolve host "michael.seifert.page": No address associated with hostname
	at java.net.Inet6AddressImpl.lookupHostByName(Inet6AddressImpl.java:156)
	at java.net.Inet6AddressImpl.lookupAllHostAddr(Inet6AddressImpl.java:103)
	at java.net.InetAddress.getAllByName(InetAddress.java:1152)
	at wf5.b(r8-map-id-fc73651334f76fbacb9920b2bd292de61c7927b00aa67b5cad751dd660dc3e6f:393)
	at m92.d(r8-map-id-fc73651334f76fbacb9920b2bd292de61c7927b00aa67b5cad751dd660dc3e6f:12)
	at m92.a(r8-map-id-fc73651334f76fbacb9920b2bd292de61c7927b00aa67b5cad751dd660dc3e6f:77)
	at uc0.a(r8-map-id-fc73651334f76fbacb9920b2bd292de61c7927b00aa67b5cad751dd660dc3e6f:455)
	at sf5.b(r8-map-id-fc73651334f76fbacb9920b2bd292de61c7927b00aa67b5cad751dd660dc3e6f:104)
	at uc0.a(r8-map-id-fc73651334f76fbacb9920b2bd292de61c7927b00aa67b5cad751dd660dc3e6f:151)
	at sf5.b(r8-map-id-fc73651334f76fbacb9920b2bd292de61c7927b00aa67b5cad751dd660dc3e6f:104)
	at b70.a(r8-map-id-fc73651334f76fbacb9920b2bd292de61c7927b00aa67b5cad751dd660dc3e6f:586)
	at sf5.b(r8-map-id-fc73651334f76fbacb9920b2bd292de61c7927b00aa67b5cad751dd660dc3e6f:104)
	at b70.a(r8-map-id-fc73651334f76fbacb9920b2bd292de61c7927b00aa67b5cad751dd660dc3e6f:215)
	at sf5.b(r8-map-id-fc73651334f76fbacb9920b2bd292de61c7927b00aa67b5cad751dd660dc3e6f:104)
	at jf5.g(r8-map-id-fc73651334f76fbacb9920b2bd292de61c7927b00aa67b5cad751dd660dc3e6f:92)
	at gf5.run(r8-map-id-fc73651334f76fbacb9920b2bd292de61c7927b00aa67b5cad751dd660dc3e6f:42)
	at java.util.concurrent.ThreadPoolExecutor.runWorker(ThreadPoolExecutor.java:1154)
	at java.util.concurrent.ThreadPoolExecutor$Worker.run(ThreadPoolExecutor.java:652)
	at java.lang.Thread.run(Thread.java:1564)
Caused by: android.system.GaiException: android_getaddrinfo failed: EAI_NODATA (No address associated with hostname)
	at libcore.io.Linux.android_getaddrinfo(Native Method)
	at libcore.io.ForwardingOs.android_getaddrinfo(ForwardingOs.java:134)
	at libcore.io.BlockGuardOs.android_getaddrinfo(BlockGuardOs.java:222)
	at libcore.io.ForwardingOs.android_getaddrinfo(ForwardingOs.java:134)
	at java.net.Inet6AddressImpl.lookupHostByName(Inet6AddressImpl.java:135)
	... 18 more

2026-04-07T15:22:48.498949Z Warn: WebSocket disconnected, retrying in 5000ms
2026-04-07T15:22:52.880566Z Info: Delay completed, reconnecting...
2026-04-07T15:22:52.882474Z Info: Connecting to WebSocket at wss://michael.seifert.page/api/apps/v1/notify/ws
2026-04-07T15:22:53.330988Z Error: WebSocket connect failed Unable to resolve host "michael.seifert.page": No address associated with hostname
java.net.UnknownHostException: Unable to resolve host "michael.seifert.page": No address associated with hostname
	at java.net.Inet6AddressImpl.lookupHostByName(Inet6AddressImpl.java:156)
	at java.net.Inet6AddressImpl.lookupAllHostAddr(Inet6AddressImpl.java:103)
	at java.net.InetAddress.getAllByName(InetAddress.java:1152)
	at wf5.b(r8-map-id-fc73651334f76fbacb9920b2bd292de61c7927b00aa67b5cad751dd660dc3e6f:393)
	at m92.d(r8-map-id-fc73651334f76fbacb9920b2bd292de61c7927b00aa67b5cad751dd660dc3e6f:12)
	at m92.a(r8-map-id-fc73651334f76fbacb9920b2bd292de61c7927b00aa67b5cad751dd660dc3e6f:77)
	at uc0.a(r8-map-id-fc73651334f76fbacb9920b2bd292de61c7927b00aa67b5cad751dd660dc3e6f:455)
	at sf5.b(r8-map-id-fc73651334f76fbacb9920b2bd292de61c7927b00aa67b5cad751dd660dc3e6f:104)
	at uc0.a(r8-map-id-fc73651334f76fbacb9920b2bd292de61c7927b00aa67b5cad751dd660dc3e6f:151)
	at sf5.b(r8-map-id-fc73651334f76fbacb9920b2bd292de61c7927b00aa67b5cad751dd660dc3e6f:104)
	at b70.a(r8-map-id-fc73651334f76fbacb9920b2bd292de61c7927b00aa67b5cad751dd660dc3e6f:586)
	at sf5.b(r8-map-id-fc73651334f76fbacb9920b2bd292de61c7927b00aa67b5cad751dd660dc3e6f:104)
	at b70.a(r8-map-id-fc73651334f76fbacb9920b2bd292de61c7927b00aa67b5cad751dd660dc3e6f:215)
	at sf5.b(r8-map-id-fc73651334f76fbacb9920b2bd292de61c7927b00aa67b5cad751dd660dc3e6f:104)
	at jf5.g(r8-map-id-fc73651334f76fbacb9920b2bd292de61c7927b00aa67b5cad751dd660dc3e6f:92)
	at gf5.run(r8-map-id-fc73651334f76fbacb9920b2bd292de61c7927b00aa67b5cad751dd660dc3e6f:42)
	at java.util.concurrent.ThreadPoolExecutor.runWorker(ThreadPoolExecutor.java:1154)
	at java.util.concurrent.ThreadPoolExecutor$Worker.run(ThreadPoolExecutor.java:652)
	at java.lang.Thread.run(Thread.java:1564)
Caused by: android.system.GaiException: android_getaddrinfo failed: EAI_NODATA (No address associated with hostname)
	at libcore.io.Linux.android_getaddrinfo(Native Method)
	at libcore.io.ForwardingOs.android_getaddrinfo(ForwardingOs.java:134)
	at libcore.io.BlockGuardOs.android_getaddrinfo(BlockGuardOs.java:222)
	at libcore.io.ForwardingOs.android_getaddrinfo(ForwardingOs.java:134)
	at java.net.Inet6AddressImpl.lookupHostByName(Inet6AddressImpl.java:135)
	... 18 more

2026-04-07T15:22:53.333735Z Warn: WebSocket disconnected, retrying in 5000ms
2026-04-07T15:22:59.626466Z Info: Delay completed, reconnecting...
2026-04-07T15:22:59.634201Z Info: Connecting to WebSocket at wss://michael.seifert.page/api/apps/v1/notify/ws
2026-04-07T15:22:59.661865Z Error: WebSocket connect failed Unable to resolve host "michael.seifert.page": No address associated with hostname
java.net.UnknownHostException: Unable to resolve host "michael.seifert.page": No address associated with hostname
	at java.net.Inet6AddressImpl.lookupHostByName(Inet6AddressImpl.java:156)
	at java.net.Inet6AddressImpl.lookupAllHostAddr(Inet6AddressImpl.java:103)
	at java.net.InetAddress.getAllByName(InetAddress.java:1152)
	at wf5.b(r8-map-id-fc73651334f76fbacb9920b2bd292de61c7927b00aa67b5cad751dd660dc3e6f:393)
	at m92.d(r8-map-id-fc73651334f76fbacb9920b2bd292de61c7927b00aa67b5cad751dd660dc3e6f:12)
	at m92.a(r8-map-id-fc73651334f76fbacb9920b2bd292de61c7927b00aa67b5cad751dd660dc3e6f:77)
	at uc0.a(r8-map-id-fc73651334f76fbacb9920b2bd292de61c7927b00aa67b5cad751dd660dc3e6f:455)
	at sf5.b(r8-map-id-fc73651334f76fbacb9920b2bd292de61c7927b00aa67b5cad751dd660dc3e6f:104)
	at uc0.a(r8-map-id-fc73651334f76fbacb9920b2bd292de61c7927b00aa67b5cad751dd660dc3e6f:151)
	at sf5.b(r8-map-id-fc73651334f76fbacb9920b2bd292de61c7927b00aa67b5cad751dd660dc3e6f:104)
	at b70.a(r8-map-id-fc73651334f76fbacb9920b2bd292de61c7927b00aa67b5cad751dd660dc3e6f:586)
	at sf5.b(r8-map-id-fc73651334f76fbacb9920b2bd292de61c7927b00aa67b5cad751dd660dc3e6f:104)
	at b70.a(r8-map-id-fc73651334f76fbacb9920b2bd292de61c7927b00aa67b5cad751dd660dc3e6f:215)
	at sf5.b(r8-map-id-fc73651334f76fbacb9920b2bd292de61c7927b00aa67b5cad751dd660dc3e6f:104)
	at jf5.g(r8-map-id-fc73651334f76fbacb9920b2bd292de61c7927b00aa67b5cad751dd660dc3e6f:92)
	at gf5.run(r8-map-id-fc73651334f76fbacb9920b2bd292de61c7927b00aa67b5cad751dd660dc3e6f:42)
	at java.util.concurrent.ThreadPoolExecutor.runWorker(ThreadPoolExecutor.java:1154)
	at java.util.concurrent.ThreadPoolExecutor$Worker.run(ThreadPoolExecutor.java:652)
	at java.lang.Thread.run(Thread.java:1564)
Caused by: android.system.GaiException: android_getaddrinfo failed: EAI_NODATA (No address associated with hostname)
	at libcore.io.Linux.android_getaddrinfo(Native Method)
	at libcore.io.ForwardingOs.android_getaddrinfo(ForwardingOs.java:134)
	at libcore.io.BlockGuardOs.android_getaddrinfo(BlockGuardOs.java:222)
	at libcore.io.ForwardingOs.android_getaddrinfo(ForwardingOs.java:134)
	at java.net.Inet6AddressImpl.lookupHostByName(Inet6AddressImpl.java:135)
	... 18 more

2026-04-07T15:22:59.665626Z Warn: WebSocket disconnected, retrying in 5000ms
2026-04-07T15:23:05.404319Z Info: Delay completed, reconnecting...
2026-04-07T15:23:05.424544Z Info: Connecting to WebSocket at wss://michael.seifert.page/api/apps/v1/notify/ws
2026-04-07T15:23:05.448581Z Error: WebSocket connect failed Unable to resolve host "michael.seifert.page": No address associated with hostname
java.net.UnknownHostException: Unable to resolve host "michael.seifert.page": No address associated with hostname
	at java.net.Inet6AddressImpl.lookupHostByName(Inet6AddressImpl.java:156)
	at java.net.Inet6AddressImpl.lookupAllHostAddr(Inet6AddressImpl.java:103)
	at java.net.InetAddress.getAllByName(InetAddress.java:1152)
	at wf5.b(r8-map-id-fc73651334f76fbacb9920b2bd292de61c7927b00aa67b5cad751dd660dc3e6f:393)
	at m92.d(r8-map-id-fc73651334f76fbacb9920b2bd292de61c7927b00aa67b5cad751dd660dc3e6f:12)
	at m92.a(r8-map-id-fc73651334f76fbacb9920b2bd292de61c7927b00aa67b5cad751dd660dc3e6f:77)
	at uc0.a(r8-map-id-fc73651334f76fbacb9920b2bd292de61c7927b00aa67b5cad751dd660dc3e6f:455)
	at sf5.b(r8-map-id-fc73651334f76fbacb9920b2bd292de61c7927b00aa67b5cad751dd660dc3e6f:104)
	at uc0.a(r8-map-id-fc73651334f76fbacb9920b2bd292de61c7927b00aa67b5cad751dd660dc3e6f:151)
	at sf5.b(r8-map-id-fc73651334f76fbacb9920b2bd292de61c7927b00aa67b5cad751dd660dc3e6f:104)
	at b70.a(r8-map-id-fc73651334f76fbacb9920b2bd292de61c7927b00aa67b5cad751dd660dc3e6f:586)
	at sf5.b(r8-map-id-fc73651334f76fbacb9920b2bd292de61c7927b00aa67b5cad751dd660dc3e6f:104)
	at b70.a(r8-map-id-fc73651334f76fbacb9920b2bd292de61c7927b00aa67b5cad751dd660dc3e6f:215)
	at sf5.b(r8-map-id-fc73651334f76fbacb9920b2bd292de61c7927b00aa67b5cad751dd660dc3e6f:104)
	at jf5.g(r8-map-id-fc73651334f76fbacb9920b2bd292de61c7927b00aa67b5cad751dd660dc3e6f:92)
	at gf5.run(r8-map-id-fc73651334f76fbacb9920b2bd292de61c7927b00aa67b5cad751dd660dc3e6f:42)
	at java.util.concurrent.ThreadPoolExecutor.runWorker(ThreadPoolExecutor.java:1154)
	at java.util.concurrent.ThreadPoolExecutor$Worker.run(ThreadPoolExecutor.java:652)
	at java.lang.Thread.run(Thread.java:1564)
Caused by: android.system.GaiException: android_getaddrinfo failed: EAI_NODATA (No address associated with hostname)
	at libcore.io.Linux.android_getaddrinfo(Native Method)
	at libcore.io.ForwardingOs.android_getaddrinfo(ForwardingOs.java:134)
	at libcore.io.BlockGuardOs.android_getaddrinfo(BlockGuardOs.java:222)
	at libcore.io.ForwardingOs.android_getaddrinfo(ForwardingOs.java:134)
	at java.net.Inet6AddressImpl.lookupHostByName(Inet6AddressImpl.java:135)
	... 18 more

2026-04-07T15:23:05.451871Z Warn: WebSocket disconnected, retrying in 5000ms
2026-04-07T15:23:30.067333Z Info: Delay completed, reconnecting...
2026-04-07T15:23:30.073206Z Info: Connecting to WebSocket at wss://michael.seifert.page/api/apps/v1/notify/ws
2026-04-07T15:23:30.104431Z Error: WebSocket connect failed Unable to resolve host "michael.seifert.page": No address associated with hostname
java.net.UnknownHostException: Unable to resolve host "michael.seifert.page": No address associated with hostname
	at java.net.Inet6AddressImpl.lookupHostByName(Inet6AddressImpl.java:156)
	at java.net.Inet6AddressImpl.lookupAllHostAddr(Inet6AddressImpl.java:103)
	at java.net.InetAddress.getAllByName(InetAddress.java:1152)
	at wf5.b(r8-map-id-fc73651334f76fbacb9920b2bd292de61c7927b00aa67b5cad751dd660dc3e6f:393)
	at m92.d(r8-map-id-fc73651334f76fbacb9920b2bd292de61c7927b00aa67b5cad751dd660dc3e6f:12)
	at m92.a(r8-map-id-fc73651334f76fbacb9920b2bd292de61c7927b00aa67b5cad751dd660dc3e6f:77)
	at uc0.a(r8-map-id-fc73651334f76fbacb9920b2bd292de61c7927b00aa67b5cad751dd660dc3e6f:455)
	at sf5.b(r8-map-id-fc73651334f76fbacb9920b2bd292de61c7927b00aa67b5cad751dd660dc3e6f:104)
	at uc0.a(r8-map-id-fc73651334f76fbacb9920b2bd292de61c7927b00aa67b5cad751dd660dc3e6f:151)
	at sf5.b(r8-map-id-fc73651334f76fbacb9920b2bd292de61c7927b00aa67b5cad751dd660dc3e6f:104)
	at b70.a(r8-map-id-fc73651334f76fbacb9920b2bd292de61c7927b00aa67b5cad751dd660dc3e6f:586)
	at sf5.b(r8-map-id-fc73651334f76fbacb9920b2bd292de61c7927b00aa67b5cad751dd660dc3e6f:104)
	at b70.a(r8-map-id-fc73651334f76fbacb9920b2bd292de61c7927b00aa67b5cad751dd660dc3e6f:215)
	at sf5.b(r8-map-id-fc73651334f76fbacb9920b2bd292de61c7927b00aa67b5cad751dd660dc3e6f:104)
	at jf5.g(r8-map-id-fc73651334f76fbacb9920b2bd292de61c7927b00aa67b5cad751dd660dc3e6f:92)
	at gf5.run(r8-map-id-fc73651334f76fbacb9920b2bd292de61c7927b00aa67b5cad751dd660dc3e6f:42)
	at java.util.concurrent.ThreadPoolExecutor.runWorker(ThreadPoolExecutor.java:1154)
	at java.util.concurrent.ThreadPoolExecutor$Worker.run(ThreadPoolExecutor.java:652)
	at java.lang.Thread.run(Thread.java:1564)
Caused by: android.system.GaiException: android_getaddrinfo failed: EAI_NODATA (No address associated with hostname)
	at libcore.io.Linux.android_getaddrinfo(Native Method)
	at libcore.io.ForwardingOs.android_getaddrinfo(ForwardingOs.java:134)
	at libcore.io.BlockGuardOs.android_getaddrinfo(BlockGuardOs.java:222)
	at libcore.io.ForwardingOs.android_getaddrinfo(ForwardingOs.java:134)
	at java.net.Inet6AddressImpl.lookupHostByName(Inet6AddressImpl.java:135)
	... 18 more

2026-04-07T15:23:30.106434Z Warn: WebSocket disconnected, retrying in 5000ms
2026-04-07T15:23:52.519351Z Info: Delay completed, reconnecting...
2026-04-07T15:23:52.521744Z Info: Connecting to WebSocket at wss://michael.seifert.page/api/apps/v1/notify/ws
2026-04-07T15:23:52.537299Z Error: WebSocket connect failed Unable to resolve host "michael.seifert.page": No address associated with hostname
java.net.UnknownHostException: Unable to resolve host "michael.seifert.page": No address associated with hostname
	at java.net.Inet6AddressImpl.lookupHostByName(Inet6AddressImpl.java:156)
	at java.net.Inet6AddressImpl.lookupAllHostAddr(Inet6AddressImpl.java:103)
	at java.net.InetAddress.getAllByName(InetAddress.java:1152)
	at wf5.b(r8-map-id-fc73651334f76fbacb9920b2bd292de61c7927b00aa67b5cad751dd660dc3e6f:393)
	at m92.d(r8-map-id-fc73651334f76fbacb9920b2bd292de61c7927b00aa67b5cad751dd660dc3e6f:12)
	at m92.a(r8-map-id-fc73651334f76fbacb9920b2bd292de61c7927b00aa67b5cad751dd660dc3e6f:77)
	at uc0.a(r8-map-id-fc73651334f76fbacb9920b2bd292de61c7927b00aa67b5cad751dd660dc3e6f:455)
	at sf5.b(r8-map-id-fc73651334f76fbacb9920b2bd292de61c7927b00aa67b5cad751dd660dc3e6f:104)
	at uc0.a(r8-map-id-fc73651334f76fbacb9920b2bd292de61c7927b00aa67b5cad751dd660dc3e6f:151)
	at sf5.b(r8-map-id-fc73651334f76fbacb9920b2bd292de61c7927b00aa67b5cad751dd660dc3e6f:104)
	at b70.a(r8-map-id-fc73651334f76fbacb9920b2bd292de61c7927b00aa67b5cad751dd660dc3e6f:586)
	at sf5.b(r8-map-id-fc73651334f76fbacb9920b2bd292de61c7927b00aa67b5cad751dd660dc3e6f:104)
	at b70.a(r8-map-id-fc73651334f76fbacb9920b2bd292de61c7927b00aa67b5cad751dd660dc3e6f:215)
	at sf5.b(r8-map-id-fc73651334f76fbacb9920b2bd292de61c7927b00aa67b5cad751dd660dc3e6f:104)
	at jf5.g(r8-map-id-fc73651334f76fbacb9920b2bd292de61c7927b00aa67b5cad751dd660dc3e6f:92)
	at gf5.run(r8-map-id-fc73651334f76fbacb9920b2bd292de61c7927b00aa67b5cad751dd660dc3e6f:42)
	at java.util.concurrent.ThreadPoolExecutor.runWorker(ThreadPoolExecutor.java:1154)
	at java.util.concurrent.ThreadPoolExecutor$Worker.run(ThreadPoolExecutor.java:652)
	at java.lang.Thread.run(Thread.java:1564)
Caused by: android.system.GaiException: android_getaddrinfo failed: EAI_NODATA (No address associated with hostname)
	at libcore.io.Linux.android_getaddrinfo(Native Method)
	at libcore.io.ForwardingOs.android_getaddrinfo(ForwardingOs.java:134)
	at libcore.io.BlockGuardOs.android_getaddrinfo(BlockGuardOs.java:222)
	at libcore.io.ForwardingOs.android_getaddrinfo(ForwardingOs.java:134)
	at java.net.Inet6AddressImpl.lookupHostByName(Inet6AddressImpl.java:135)
	... 18 more

2026-04-07T15:23:52.539628Z Warn: WebSocket disconnected, retrying in 5000ms
2026-04-07T15:24:04.918619Z Info: Delay completed, reconnecting...
2026-04-07T15:24:04.921171Z Info: Connecting to WebSocket at wss://michael.seifert.page/api/apps/v1/notify/ws
2026-04-07T15:24:07.3874Z Error: WebSocket connect failed Unable to resolve host "michael.seifert.page": No address associated with hostname
java.net.UnknownHostException: Unable to resolve host "michael.seifert.page": No address associated with hostname
	at java.net.Inet6AddressImpl.lookupHostByName(Inet6AddressImpl.java:156)
	at java.net.Inet6AddressImpl.lookupAllHostAddr(Inet6AddressImpl.java:103)
	at java.net.InetAddress.getAllByName(InetAddress.java:1152)
	at wf5.b(r8-map-id-fc73651334f76fbacb9920b2bd292de61c7927b00aa67b5cad751dd660dc3e6f:393)
	at m92.d(r8-map-id-fc73651334f76fbacb9920b2bd292de61c7927b00aa67b5cad751dd660dc3e6f:12)
	at m92.a(r8-map-id-fc73651334f76fbacb9920b2bd292de61c7927b00aa67b5cad751dd660dc3e6f:77)
	at uc0.a(r8-map-id-fc73651334f76fbacb9920b2bd292de61c7927b00aa67b5cad751dd660dc3e6f:455)
	at sf5.b(r8-map-id-fc73651334f76fbacb9920b2bd292de61c7927b00aa67b5cad751dd660dc3e6f:104)
	at uc0.a(r8-map-id-fc73651334f76fbacb9920b2bd292de61c7927b00aa67b5cad751dd660dc3e6f:151)
	at sf5.b(r8-map-id-fc73651334f76fbacb9920b2bd292de61c7927b00aa67b5cad751dd660dc3e6f:104)
	at b70.a(r8-map-id-fc73651334f76fbacb9920b2bd292de61c7927b00aa67b5cad751dd660dc3e6f:586)
	at sf5.b(r8-map-id-fc73651334f76fbacb9920b2bd292de61c7927b00aa67b5cad751dd660dc3e6f:104)
	at b70.a(r8-map-id-fc73651334f76fbacb9920b2bd292de61c7927b00aa67b5cad751dd660dc3e6f:215)
	at sf5.b(r8-map-id-fc73651334f76fbacb9920b2bd292de61c7927b00aa67b5cad751dd660dc3e6f:104)
	at jf5.g(r8-map-id-fc73651334f76fbacb9920b2bd292de61c7927b00aa67b5cad751dd660dc3e6f:92)
	at gf5.run(r8-map-id-fc73651334f76fbacb9920b2bd292de61c7927b00aa67b5cad751dd660dc3e6f:42)
	at java.util.concurrent.ThreadPoolExecutor.runWorker(ThreadPoolExecutor.java:1154)
	at java.util.concurrent.ThreadPoolExecutor$Worker.run(ThreadPoolExecutor.java:652)
	at java.lang.Thread.run(Thread.java:1564)
Caused by: android.system.GaiException: android_getaddrinfo failed: EAI_NODATA (No address associated with hostname)
	at libcore.io.Linux.android_getaddrinfo(Native Method)
	at libcore.io.ForwardingOs.android_getaddrinfo(ForwardingOs.java:134)
	at libcore.io.BlockGuardOs.android_getaddrinfo(BlockGuardOs.java:222)
	at libcore.io.ForwardingOs.android_getaddrinfo(ForwardingOs.java:134)
	at java.net.Inet6AddressImpl.lookupHostByName(Inet6AddressImpl.java:135)
	... 18 more

2026-04-07T15:24:07.388564Z Warn: WebSocket disconnected, retrying in 5000ms
2026-04-07T15:24:31.842914Z Info: Delay completed, reconnecting...
2026-04-07T15:24:31.8482Z Info: Connecting to WebSocket at wss://michael.seifert.page/api/apps/v1/notify/ws
2026-04-07T15:24:31.878404Z Error: WebSocket connect failed Unable to resolve host "michael.seifert.page": No address associated with hostname
java.net.UnknownHostException: Unable to resolve host "michael.seifert.page": No address associated with hostname
	at java.net.Inet6AddressImpl.lookupHostByName(Inet6AddressImpl.java:156)
	at java.net.Inet6AddressImpl.lookupAllHostAddr(Inet6AddressImpl.java:103)
	at java.net.InetAddress.getAllByName(InetAddress.java:1152)
	at wf5.b(r8-map-id-fc73651334f76fbacb9920b2bd292de61c7927b00aa67b5cad751dd660dc3e6f:393)
	at m92.d(r8-map-id-fc73651334f76fbacb9920b2bd292de61c7927b00aa67b5cad751dd660dc3e6f:12)
	at m92.a(r8-map-id-fc73651334f76fbacb9920b2bd292de61c7927b00aa67b5cad751dd660dc3e6f:77)
	at uc0.a(r8-map-id-fc73651334f76fbacb9920b2bd292de61c7927b00aa67b5cad751dd660dc3e6f:455)
	at sf5.b(r8-map-id-fc73651334f76fbacb9920b2bd292de61c7927b00aa67b5cad751dd660dc3e6f:104)
	at uc0.a(r8-map-id-fc73651334f76fbacb9920b2bd292de61c7927b00aa67b5cad751dd660dc3e6f:151)
	at sf5.b(r8-map-id-fc73651334f76fbacb9920b2bd292de61c7927b00aa67b5cad751dd660dc3e6f:104)
	at b70.a(r8-map-id-fc73651334f76fbacb9920b2bd292de61c7927b00aa67b5cad751dd660dc3e6f:586)
	at sf5.b(r8-map-id-fc73651334f76fbacb9920b2bd292de61c7927b00aa67b5cad751dd660dc3e6f:104)
	at b70.a(r8-map-id-fc73651334f76fbacb9920b2bd292de61c7927b00aa67b5cad751dd660dc3e6f:215)
	at sf5.b(r8-map-id-fc73651334f76fbacb9920b2bd292de61c7927b00aa67b5cad751dd660dc3e6f:104)
	at jf5.g(r8-map-id-fc73651334f76fbacb9920b2bd292de61c7927b00aa67b5cad751dd660dc3e6f:92)
	at gf5.run(r8-map-id-fc73651334f76fbacb9920b2bd292de61c7927b00aa67b5cad751dd660dc3e6f:42)
	at java.util.concurrent.ThreadPoolExecutor.runWorker(ThreadPoolExecutor.java:1154)
	at java.util.concurrent.ThreadPoolExecutor$Worker.run(ThreadPoolExecutor.java:652)
	at java.lang.Thread.run(Thread.java:1564)
Caused by: android.system.GaiException: android_getaddrinfo failed: EAI_NODATA (No address associated with hostname)
	at libcore.io.Linux.android_getaddrinfo(Native Method)
	at libcore.io.ForwardingOs.android_getaddrinfo(ForwardingOs.java:134)
	at libcore.io.BlockGuardOs.android_getaddrinfo(BlockGuardOs.java:222)
	at libcore.io.ForwardingOs.android_getaddrinfo(ForwardingOs.java:134)
	at java.net.Inet6AddressImpl.lookupHostByName(Inet6AddressImpl.java:135)
	... 18 more

2026-04-07T15:24:31.88157Z Warn: WebSocket disconnected, retrying in 5000ms
2026-04-07T15:24:50.97341Z Info: Delay completed, reconnecting...
2026-04-07T15:24:50.978277Z Info: Connecting to WebSocket at wss://michael.seifert.page/api/apps/v1/notify/ws
2026-04-07T15:24:51.0134Z Error: WebSocket connect failed Unable to resolve host "michael.seifert.page": No address associated with hostname
java.net.UnknownHostException: Unable to resolve host "michael.seifert.page": No address associated with hostname
	at java.net.Inet6AddressImpl.lookupHostByName(Inet6AddressImpl.java:156)
	at java.net.Inet6AddressImpl.lookupAllHostAddr(Inet6AddressImpl.java:103)
	at java.net.InetAddress.getAllByName(InetAddress.java:1152)
	at wf5.b(r8-map-id-fc73651334f76fbacb9920b2bd292de61c7927b00aa67b5cad751dd660dc3e6f:393)
	at m92.d(r8-map-id-fc73651334f76fbacb9920b2bd292de61c7927b00aa67b5cad751dd660dc3e6f:12)
	at m92.a(r8-map-id-fc73651334f76fbacb9920b2bd292de61c7927b00aa67b5cad751dd660dc3e6f:77)
	at uc0.a(r8-map-id-fc73651334f76fbacb9920b2bd292de61c7927b00aa67b5cad751dd660dc3e6f:455)
	at sf5.b(r8-map-id-fc73651334f76fbacb9920b2bd292de61c7927b00aa67b5cad751dd660dc3e6f:104)
	at uc0.a(r8-map-id-fc73651334f76fbacb9920b2bd292de61c7927b00aa67b5cad751dd660dc3e6f:151)
	at sf5.b(r8-map-id-fc73651334f76fbacb9920b2bd292de61c7927b00aa67b5cad751dd660dc3e6f:104)
	at b70.a(r8-map-id-fc73651334f76fbacb9920b2bd292de61c7927b00aa67b5cad751dd660dc3e6f:586)
	at sf5.b(r8-map-id-fc73651334f76fbacb9920b2bd292de61c7927b00aa67b5cad751dd660dc3e6f:104)
	at b70.a(r8-map-id-fc73651334f76fbacb9920b2bd292de61c7927b00aa67b5cad751dd660dc3e6f:215)
	at sf5.b(r8-map-id-fc73651334f76fbacb9920b2bd292de61c7927b00aa67b5cad751dd660dc3e6f:104)
	at jf5.g(r8-map-id-fc73651334f76fbacb9920b2bd292de61c7927b00aa67b5cad751dd660dc3e6f:92)
	at gf5.run(r8-map-id-fc73651334f76fbacb9920b2bd292de61c7927b00aa67b5cad751dd660dc3e6f:42)
	at java.util.concurrent.ThreadPoolExecutor.runWorker(ThreadPoolExecutor.java:1154)
	at java.util.concurrent.ThreadPoolExecutor$Worker.run(ThreadPoolExecutor.java:652)
	at java.lang.Thread.run(Thread.java:1564)
Caused by: android.system.GaiException: android_getaddrinfo failed: EAI_NODATA (No address associated with hostname)
	at libcore.io.Linux.android_getaddrinfo(Native Method)
	at libcore.io.ForwardingOs.android_getaddrinfo(ForwardingOs.java:134)
	at libcore.io.BlockGuardOs.android_getaddrinfo(BlockGuardOs.java:222)
	at libcore.io.ForwardingOs.android_getaddrinfo(ForwardingOs.java:134)
	at java.net.Inet6AddressImpl.lookupHostByName(Inet6AddressImpl.java:135)
	... 18 more

2026-04-07T15:24:51.016416Z Warn: WebSocket disconnected, retrying in 5000ms
2026-04-07T15:25:42.234495Z Info: Delay completed, reconnecting...
2026-04-07T15:25:42.237488Z Info: Connecting to WebSocket at wss://michael.seifert.page/api/apps/v1/notify/ws
2026-04-07T15:25:42.253422Z Error: WebSocket connect failed Unable to resolve host "michael.seifert.page": No address associated with hostname
java.net.UnknownHostException: Unable to resolve host "michael.seifert.page": No address associated with hostname
	at java.net.Inet6AddressImpl.lookupHostByName(Inet6AddressImpl.java:156)
	at java.net.Inet6AddressImpl.lookupAllHostAddr(Inet6AddressImpl.java:103)
	at java.net.InetAddress.getAllByName(InetAddress.java:1152)
	at wf5.b(r8-map-id-fc73651334f76fbacb9920b2bd292de61c7927b00aa67b5cad751dd660dc3e6f:393)
	at m92.d(r8-map-id-fc73651334f76fbacb9920b2bd292de61c7927b00aa67b5cad751dd660dc3e6f:12)
	at m92.a(r8-map-id-fc73651334f76fbacb9920b2bd292de61c7927b00aa67b5cad751dd660dc3e6f:77)
	at uc0.a(r8-map-id-fc73651334f76fbacb9920b2bd292de61c7927b00aa67b5cad751dd660dc3e6f:455)
	at sf5.b(r8-map-id-fc73651334f76fbacb9920b2bd292de61c7927b00aa67b5cad751dd660dc3e6f:104)
	at uc0.a(r8-map-id-fc73651334f76fbacb9920b2bd292de61c7927b00aa67b5cad751dd660dc3e6f:151)
	at sf5.b(r8-map-id-fc73651334f76fbacb9920b2bd292de61c7927b00aa67b5cad751dd660dc3e6f:104)
	at b70.a(r8-map-id-fc73651334f76fbacb9920b2bd292de61c7927b00aa67b5cad751dd660dc3e6f:586)
	at sf5.b(r8-map-id-fc73651334f76fbacb9920b2bd292de61c7927b00aa67b5cad751dd660dc3e6f:104)
	at b70.a(r8-map-id-fc73651334f76fbacb9920b2bd292de61c7927b00aa67b5cad751dd660dc3e6f:215)
	at sf5.b(r8-map-id-fc73651334f76fbacb9920b2bd292de61c7927b00aa67b5cad751dd660dc3e6f:104)
	at jf5.g(r8-map-id-fc73651334f76fbacb9920b2bd292de61c7927b00aa67b5cad751dd660dc3e6f:92)
	at gf5.run(r8-map-id-fc73651334f76fbacb9920b2bd292de61c7927b00aa67b5cad751dd660dc3e6f:42)
	at java.util.concurrent.ThreadPoolExecutor.runWorker(ThreadPoolExecutor.java:1154)
	at java.util.concurrent.ThreadPoolExecutor$Worker.run(ThreadPoolExecutor.java:652)
	at java.lang.Thread.run(Thread.java:1564)
Caused by: android.system.GaiException: android_getaddrinfo failed: EAI_NODATA (No address associated with hostname)
	at libcore.io.Linux.android_getaddrinfo(Native Method)
	at libcore.io.ForwardingOs.android_getaddrinfo(ForwardingOs.java:134)
	at libcore.io.BlockGuardOs.android_getaddrinfo(BlockGuardOs.java:222)
	at libcore.io.ForwardingOs.android_getaddrinfo(ForwardingOs.java:134)
	at java.net.Inet6AddressImpl.lookupHostByName(Inet6AddressImpl.java:135)
	... 18 more

2026-04-07T15:25:42.256062Z Warn: WebSocket disconnected, retrying in 5000ms
2026-04-07T15:27:21.909295Z Info: Delay completed, reconnecting...
2026-04-07T15:27:21.911475Z Info: Connecting to WebSocket at wss://michael.seifert.page/api/apps/v1/notify/ws
2026-04-07T15:27:21.923064Z Error: WebSocket connect failed Unable to resolve host "michael.seifert.page": No address associated with hostname
java.net.UnknownHostException: Unable to resolve host "michael.seifert.page": No address associated with hostname
	at java.net.Inet6AddressImpl.lookupHostByName(Inet6AddressImpl.java:156)
	at java.net.Inet6AddressImpl.lookupAllHostAddr(Inet6AddressImpl.java:103)
	at java.net.InetAddress.getAllByName(InetAddress.java:1152)
	at wf5.b(r8-map-id-fc73651334f76fbacb9920b2bd292de61c7927b00aa67b5cad751dd660dc3e6f:393)
	at m92.d(r8-map-id-fc73651334f76fbacb9920b2bd292de61c7927b00aa67b5cad751dd660dc3e6f:12)
	at m92.a(r8-map-id-fc73651334f76fbacb9920b2bd292de61c7927b00aa67b5cad751dd660dc3e6f:77)
	at uc0.a(r8-map-id-fc73651334f76fbacb9920b2bd292de61c7927b00aa67b5cad751dd660dc3e6f:455)
	at sf5.b(r8-map-id-fc73651334f76fbacb9920b2bd292de61c7927b00aa67b5cad751dd660dc3e6f:104)
	at uc0.a(r8-map-id-fc73651334f76fbacb9920b2bd292de61c7927b00aa67b5cad751dd660dc3e6f:151)
	at sf5.b(r8-map-id-fc73651334f76fbacb9920b2bd292de61c7927b00aa67b5cad751dd660dc3e6f:104)
	at b70.a(r8-map-id-fc73651334f76fbacb9920b2bd292de61c7927b00aa67b5cad751dd660dc3e6f:586)
	at sf5.b(r8-map-id-fc73651334f76fbacb9920b2bd292de61c7927b00aa67b5cad751dd660dc3e6f:104)
	at b70.a(r8-map-id-fc73651334f76fbacb9920b2bd292de61c7927b00aa67b5cad751dd660dc3e6f:215)
	at sf5.b(r8-map-id-fc73651334f76fbacb9920b2bd292de61c7927b00aa67b5cad751dd660dc3e6f:104)
	at jf5.g(r8-map-id-fc73651334f76fbacb9920b2bd292de61c7927b00aa67b5cad751dd660dc3e6f:92)
	at gf5.run(r8-map-id-fc73651334f76fbacb9920b2bd292de61c7927b00aa67b5cad751dd660dc3e6f:42)
	at java.util.concurrent.ThreadPoolExecutor.runWorker(ThreadPoolExecutor.java:1154)
	at java.util.concurrent.ThreadPoolExecutor$Worker.run(ThreadPoolExecutor.java:652)
	at java.lang.Thread.run(Thread.java:1564)
Caused by: android.system.GaiException: android_getaddrinfo failed: EAI_NODATA (No address associated with hostname)
	at libcore.io.Linux.android_getaddrinfo(Native Method)
	at libcore.io.ForwardingOs.android_getaddrinfo(ForwardingOs.java:134)
	at libcore.io.BlockGuardOs.android_getaddrinfo(BlockGuardOs.java:222)
	at libcore.io.ForwardingOs.android_getaddrinfo(ForwardingOs.java:134)
	at java.net.Inet6AddressImpl.lookupHostByName(Inet6AddressImpl.java:135)
	... 18 more

2026-04-07T15:27:21.926182Z Warn: WebSocket disconnected, retrying in 5000ms
2026-04-07T15:29:42.814117Z Info: Delay completed, reconnecting...
2026-04-07T15:29:42.820554Z Info: Connecting to WebSocket at wss://michael.seifert.page/api/apps/v1/notify/ws
2026-04-07T15:29:42.845915Z Error: WebSocket connect failed Unable to resolve host "michael.seifert.page": No address associated with hostname
java.net.UnknownHostException: Unable to resolve host "michael.seifert.page": No address associated with hostname
	at java.net.Inet6AddressImpl.lookupHostByName(Inet6AddressImpl.java:156)
	at java.net.Inet6AddressImpl.lookupAllHostAddr(Inet6AddressImpl.java:103)
	at java.net.InetAddress.getAllByName(InetAddress.java:1152)
	at wf5.b(r8-map-id-fc73651334f76fbacb9920b2bd292de61c7927b00aa67b5cad751dd660dc3e6f:393)
	at m92.d(r8-map-id-fc73651334f76fbacb9920b2bd292de61c7927b00aa67b5cad751dd660dc3e6f:12)
	at m92.a(r8-map-id-fc73651334f76fbacb9920b2bd292de61c7927b00aa67b5cad751dd660dc3e6f:77)
	at uc0.a(r8-map-id-fc73651334f76fbacb9920b2bd292de61c7927b00aa67b5cad751dd660dc3e6f:455)
	at sf5.b(r8-map-id-fc73651334f76fbacb9920b2bd292de61c7927b00aa67b5cad751dd660dc3e6f:104)
	at uc0.a(r8-map-id-fc73651334f76fbacb9920b2bd292de61c7927b00aa67b5cad751dd660dc3e6f:151)
	at sf5.b(r8-map-id-fc73651334f76fbacb9920b2bd292de61c7927b00aa67b5cad751dd660dc3e6f:104)
	at b70.a(r8-map-id-fc73651334f76fbacb9920b2bd292de61c7927b00aa67b5cad751dd660dc3e6f:586)
	at sf5.b(r8-map-id-fc73651334f76fbacb9920b2bd292de61c7927b00aa67b5cad751dd660dc3e6f:104)
	at b70.a(r8-map-id-fc73651334f76fbacb9920b2bd292de61c7927b00aa67b5cad751dd660dc3e6f:215)
	at sf5.b(r8-map-id-fc73651334f76fbacb9920b2bd292de61c7927b00aa67b5cad751dd660dc3e6f:104)
	at jf5.g(r8-map-id-fc73651334f76fbacb9920b2bd292de61c7927b00aa67b5cad751dd660dc3e6f:92)
	at gf5.run(r8-map-id-fc73651334f76fbacb9920b2bd292de61c7927b00aa67b5cad751dd660dc3e6f:42)
	at java.util.concurrent.ThreadPoolExecutor.runWorker(ThreadPoolExecutor.java:1154)
	at java.util.concurrent.ThreadPoolExecutor$Worker.run(ThreadPoolExecutor.java:652)
	at java.lang.Thread.run(Thread.java:1564)
Caused by: android.system.GaiException: android_getaddrinfo failed: EAI_NODATA (No address associated with hostname)
	at libcore.io.Linux.android_getaddrinfo(Native Method)
	at libcore.io.ForwardingOs.android_getaddrinfo(ForwardingOs.java:134)
	at libcore.io.BlockGuardOs.android_getaddrinfo(BlockGuardOs.java:222)
	at libcore.io.ForwardingOs.android_getaddrinfo(ForwardingOs.java:134)
	at java.net.Inet6AddressImpl.lookupHostByName(Inet6AddressImpl.java:135)
	... 18 more

2026-04-07T15:29:42.851044Z Warn: WebSocket disconnected, retrying in 5000ms
2026-04-07T15:31:40.944139Z Info: Delay completed, reconnecting...
2026-04-07T15:31:40.953825Z Info: Connecting to WebSocket at wss://michael.seifert.page/api/apps/v1/notify/ws
2026-04-07T15:31:40.985169Z Error: WebSocket connect failed Unable to resolve host "michael.seifert.page": No address associated with hostname
java.net.UnknownHostException: Unable to resolve host "michael.seifert.page": No address associated with hostname
	at java.net.Inet6AddressImpl.lookupHostByName(Inet6AddressImpl.java:156)
	at java.net.Inet6AddressImpl.lookupAllHostAddr(Inet6AddressImpl.java:103)
	at java.net.InetAddress.getAllByName(InetAddress.java:1152)
	at wf5.b(r8-map-id-fc73651334f76fbacb9920b2bd292de61c7927b00aa67b5cad751dd660dc3e6f:393)
	at m92.d(r8-map-id-fc73651334f76fbacb9920b2bd292de61c7927b00aa67b5cad751dd660dc3e6f:12)
	at m92.a(r8-map-id-fc73651334f76fbacb9920b2bd292de61c7927b00aa67b5cad751dd660dc3e6f:77)
	at uc0.a(r8-map-id-fc73651334f76fbacb9920b2bd292de61c7927b00aa67b5cad751dd660dc3e6f:455)
	at sf5.b(r8-map-id-fc73651334f76fbacb9920b2bd292de61c7927b00aa67b5cad751dd660dc3e6f:104)
	at uc0.a(r8-map-id-fc73651334f76fbacb9920b2bd292de61c7927b00aa67b5cad751dd660dc3e6f:151)
	at sf5.b(r8-map-id-fc73651334f76fbacb9920b2bd292de61c7927b00aa67b5cad751dd660dc3e6f:104)
	at b70.a(r8-map-id-fc73651334f76fbacb9920b2bd292de61c7927b00aa67b5cad751dd660dc3e6f:586)
	at sf5.b(r8-map-id-fc73651334f76fbacb9920b2bd292de61c7927b00aa67b5cad751dd660dc3e6f:104)
	at b70.a(r8-map-id-fc73651334f76fbacb9920b2bd292de61c7927b00aa67b5cad751dd660dc3e6f:215)
	at sf5.b(r8-map-id-fc73651334f76fbacb9920b2bd292de61c7927b00aa67b5cad751dd660dc3e6f:104)
	at jf5.g(r8-map-id-fc73651334f76fbacb9920b2bd292de61c7927b00aa67b5cad751dd660dc3e6f:92)
	at gf5.run(r8-map-id-fc73651334f76fbacb9920b2bd292de61c7927b00aa67b5cad751dd660dc3e6f:42)
	at java.util.concurrent.ThreadPoolExecutor.runWorker(ThreadPoolExecutor.java:1154)
	at java.util.concurrent.ThreadPoolExecutor$Worker.run(ThreadPoolExecutor.java:652)
	at java.lang.Thread.run(Thread.java:1564)
Caused by: android.system.GaiException: android_getaddrinfo failed: EAI_NODATA (No address associated with hostname)
	at libcore.io.Linux.android_getaddrinfo(Native Method)
	at libcore.io.ForwardingOs.android_getaddrinfo(ForwardingOs.java:134)
	at libcore.io.BlockGuardOs.android_getaddrinfo(BlockGuardOs.java:222)
	at libcore.io.ForwardingOs.android_getaddrinfo(ForwardingOs.java:134)
	at java.net.Inet6AddressImpl.lookupHostByName(Inet6AddressImpl.java:135)
	... 18 more

2026-04-07T15:31:40.990156Z Warn: WebSocket disconnected, retrying in 5000ms
2026-04-07T15:32:02.974904Z Info: Delay completed, reconnecting...
2026-04-07T15:32:02.978599Z Info: Connecting to WebSocket at wss://michael.seifert.page/api/apps/v1/notify/ws
2026-04-07T15:32:03.004013Z Error: WebSocket connect failed Unable to resolve host "michael.seifert.page": No address associated with hostname
java.net.UnknownHostException: Unable to resolve host "michael.seifert.page": No address associated with hostname
	at java.net.Inet6AddressImpl.lookupHostByName(Inet6AddressImpl.java:156)
	at java.net.Inet6AddressImpl.lookupAllHostAddr(Inet6AddressImpl.java:103)
	at java.net.InetAddress.getAllByName(InetAddress.java:1152)
	at wf5.b(r8-map-id-fc73651334f76fbacb9920b2bd292de61c7927b00aa67b5cad751dd660dc3e6f:393)
	at m92.d(r8-map-id-fc73651334f76fbacb9920b2bd292de61c7927b00aa67b5cad751dd660dc3e6f:12)
	at m92.a(r8-map-id-fc73651334f76fbacb9920b2bd292de61c7927b00aa67b5cad751dd660dc3e6f:77)
	at uc0.a(r8-map-id-fc73651334f76fbacb9920b2bd292de61c7927b00aa67b5cad751dd660dc3e6f:455)
	at sf5.b(r8-map-id-fc73651334f76fbacb9920b2bd292de61c7927b00aa67b5cad751dd660dc3e6f:104)
	at uc0.a(r8-map-id-fc73651334f76fbacb9920b2bd292de61c7927b00aa67b5cad751dd660dc3e6f:151)
	at sf5.b(r8-map-id-fc73651334f76fbacb9920b2bd292de61c7927b00aa67b5cad751dd660dc3e6f:104)
	at b70.a(r8-map-id-fc73651334f76fbacb9920b2bd292de61c7927b00aa67b5cad751dd660dc3e6f:586)
	at sf5.b(r8-map-id-fc73651334f76fbacb9920b2bd292de61c7927b00aa67b5cad751dd660dc3e6f:104)
	at b70.a(r8-map-id-fc73651334f76fbacb9920b2bd292de61c7927b00aa67b5cad751dd660dc3e6f:215)
	at sf5.b(r8-map-id-fc73651334f76fbacb9920b2bd292de61c7927b00aa67b5cad751dd660dc3e6f:104)
	at jf5.g(r8-map-id-fc73651334f76fbacb9920b2bd292de61c7927b00aa67b5cad751dd660dc3e6f:92)
	at gf5.run(r8-map-id-fc73651334f76fbacb9920b2bd292de61c7927b00aa67b5cad751dd660dc3e6f:42)
	at java.util.concurrent.ThreadPoolExecutor.runWorker(ThreadPoolExecutor.java:1154)
	at java.util.concurrent.ThreadPoolExecutor$Worker.run(ThreadPoolExecutor.java:652)
	at java.lang.Thread.run(Thread.java:1564)
Caused by: android.system.GaiException: android_getaddrinfo failed: EAI_NODATA (No address associated with hostname)
	at libcore.io.Linux.android_getaddrinfo(Native Method)
	at libcore.io.ForwardingOs.android_getaddrinfo(ForwardingOs.java:134)
	at libcore.io.BlockGuardOs.android_getaddrinfo(BlockGuardOs.java:222)
	at libcore.io.ForwardingOs.android_getaddrinfo(ForwardingOs.java:134)
	at java.net.Inet6AddressImpl.lookupHostByName(Inet6AddressImpl.java:135)
	... 18 more

2026-04-07T15:32:03.007916Z Warn: WebSocket disconnected, retrying in 5000ms
2026-04-07T15:32:16.075103Z Info: Delay completed, reconnecting...
2026-04-07T15:32:16.088696Z Info: Connecting to WebSocket at wss://michael.seifert.page/api/apps/v1/notify/ws
2026-04-07T15:32:16.112121Z Error: WebSocket connect failed Unable to resolve host "michael.seifert.page": No address associated with hostname
java.net.UnknownHostException: Unable to resolve host "michael.seifert.page": No address associated with hostname
	at java.net.Inet6AddressImpl.lookupHostByName(Inet6AddressImpl.java:156)
	at java.net.Inet6AddressImpl.lookupAllHostAddr(Inet6AddressImpl.java:103)
	at java.net.InetAddress.getAllByName(InetAddress.java:1152)
	at wf5.b(r8-map-id-fc73651334f76fbacb9920b2bd292de61c7927b00aa67b5cad751dd660dc3e6f:393)
	at m92.d(r8-map-id-fc73651334f76fbacb9920b2bd292de61c7927b00aa67b5cad751dd660dc3e6f:12)
	at m92.a(r8-map-id-fc73651334f76fbacb9920b2bd292de61c7927b00aa67b5cad751dd660dc3e6f:77)
	at uc0.a(r8-map-id-fc73651334f76fbacb9920b2bd292de61c7927b00aa67b5cad751dd660dc3e6f:455)
	at sf5.b(r8-map-id-fc73651334f76fbacb9920b2bd292de61c7927b00aa67b5cad751dd660dc3e6f:104)
	at uc0.a(r8-map-id-fc73651334f76fbacb9920b2bd292de61c7927b00aa67b5cad751dd660dc3e6f:151)
	at sf5.b(r8-map-id-fc73651334f76fbacb9920b2bd292de61c7927b00aa67b5cad751dd660dc3e6f:104)
	at b70.a(r8-map-id-fc73651334f76fbacb9920b2bd292de61c7927b00aa67b5cad751dd660dc3e6f:586)
	at sf5.b(r8-map-id-fc73651334f76fbacb9920b2bd292de61c7927b00aa67b5cad751dd660dc3e6f:104)
	at b70.a(r8-map-id-fc73651334f76fbacb9920b2bd292de61c7927b00aa67b5cad751dd660dc3e6f:215)
	at sf5.b(r8-map-id-fc73651334f76fbacb9920b2bd292de61c7927b00aa67b5cad751dd660dc3e6f:104)
	at jf5.g(r8-map-id-fc73651334f76fbacb9920b2bd292de61c7927b00aa67b5cad751dd660dc3e6f:92)
	at gf5.run(r8-map-id-fc73651334f76fbacb9920b2bd292de61c7927b00aa67b5cad751dd660dc3e6f:42)
	at java.util.concurrent.ThreadPoolExecutor.runWorker(ThreadPoolExecutor.java:1154)
	at java.util.concurrent.ThreadPoolExecutor$Worker.run(ThreadPoolExecutor.java:652)
	at java.lang.Thread.run(Thread.java:1564)
Caused by: android.system.GaiException: android_getaddrinfo failed: EAI_NODATA (No address associated with hostname)
	at libcore.io.Linux.android_getaddrinfo(Native Method)
	at libcore.io.ForwardingOs.android_getaddrinfo(ForwardingOs.java:134)
	at libcore.io.BlockGuardOs.android_getaddrinfo(BlockGuardOs.java:222)
	at libcore.io.ForwardingOs.android_getaddrinfo(ForwardingOs.java:134)
	at java.net.Inet6AddressImpl.lookupHostByName(Inet6AddressImpl.java:135)
	... 18 more

2026-04-07T15:32:16.115349Z Warn: WebSocket disconnected, retrying in 5000ms
2026-04-07T15:32:21.305295Z Info: Delay completed, reconnecting...
2026-04-07T15:32:21.313072Z Info: Connecting to WebSocket at wss://michael.seifert.page/api/apps/v1/notify/ws
2026-04-07T15:32:21.342278Z Error: WebSocket connect failed Unable to resolve host "michael.seifert.page": No address associated with hostname
java.net.UnknownHostException: Unable to resolve host "michael.seifert.page": No address associated with hostname
	at java.net.Inet6AddressImpl.lookupHostByName(Inet6AddressImpl.java:156)
	at java.net.Inet6AddressImpl.lookupAllHostAddr(Inet6AddressImpl.java:103)
	at java.net.InetAddress.getAllByName(InetAddress.java:1152)
	at wf5.b(r8-map-id-fc73651334f76fbacb9920b2bd292de61c7927b00aa67b5cad751dd660dc3e6f:393)
	at m92.d(r8-map-id-fc73651334f76fbacb9920b2bd292de61c7927b00aa67b5cad751dd660dc3e6f:12)
	at m92.a(r8-map-id-fc73651334f76fbacb9920b2bd292de61c7927b00aa67b5cad751dd660dc3e6f:77)
	at uc0.a(r8-map-id-fc73651334f76fbacb9920b2bd292de61c7927b00aa67b5cad751dd660dc3e6f:455)
	at sf5.b(r8-map-id-fc73651334f76fbacb9920b2bd292de61c7927b00aa67b5cad751dd660dc3e6f:104)
	at uc0.a(r8-map-id-fc73651334f76fbacb9920b2bd292de61c7927b00aa67b5cad751dd660dc3e6f:151)
	at sf5.b(r8-map-id-fc73651334f76fbacb9920b2bd292de61c7927b00aa67b5cad751dd660dc3e6f:104)
	at b70.a(r8-map-id-fc73651334f76fbacb9920b2bd292de61c7927b00aa67b5cad751dd660dc3e6f:586)
	at sf5.b(r8-map-id-fc73651334f76fbacb9920b2bd292de61c7927b00aa67b5cad751dd660dc3e6f:104)
	at b70.a(r8-map-id-fc73651334f76fbacb9920b2bd292de61c7927b00aa67b5cad751dd660dc3e6f:215)
	at sf5.b(r8-map-id-fc73651334f76fbacb9920b2bd292de61c7927b00aa67b5cad751dd660dc3e6f:104)
	at jf5.g(r8-map-id-fc73651334f76fbacb9920b2bd292de61c7927b00aa67b5cad751dd660dc3e6f:92)
	at gf5.run(r8-map-id-fc73651334f76fbacb9920b2bd292de61c7927b00aa67b5cad751dd660dc3e6f:42)
	at java.util.concurrent.ThreadPoolExecutor.runWorker(ThreadPoolExecutor.java:1154)
	at java.util.concurrent.ThreadPoolExecutor$Worker.run(ThreadPoolExecutor.java:652)
	at java.lang.Thread.run(Thread.java:1564)
Caused by: android.system.GaiException: android_getaddrinfo failed: EAI_NODATA (No address associated with hostname)
	at libcore.io.Linux.android_getaddrinfo(Native Method)
	at libcore.io.ForwardingOs.android_getaddrinfo(ForwardingOs.java:134)
	at libcore.io.BlockGuardOs.android_getaddrinfo(BlockGuardOs.java:222)
	at libcore.io.ForwardingOs.android_getaddrinfo(ForwardingOs.java:134)
	at java.net.Inet6AddressImpl.lookupHostByName(Inet6AddressImpl.java:135)
	... 18 more

2026-04-07T15:32:21.349266Z Warn: WebSocket disconnected, retrying in 5000ms
2026-04-07T15:32:27.792414Z Info: Delay completed, reconnecting...
2026-04-07T15:32:27.79736Z Info: Connecting to WebSocket at wss://michael.seifert.page/api/apps/v1/notify/ws
2026-04-07T15:32:27.82286Z Error: WebSocket connect failed Unable to resolve host "michael.seifert.page": No address associated with hostname
java.net.UnknownHostException: Unable to resolve host "michael.seifert.page": No address associated with hostname
	at java.net.Inet6AddressImpl.lookupHostByName(Inet6AddressImpl.java:156)
	at java.net.Inet6AddressImpl.lookupAllHostAddr(Inet6AddressImpl.java:103)
	at java.net.InetAddress.getAllByName(InetAddress.java:1152)
	at wf5.b(r8-map-id-fc73651334f76fbacb9920b2bd292de61c7927b00aa67b5cad751dd660dc3e6f:393)
	at m92.d(r8-map-id-fc73651334f76fbacb9920b2bd292de61c7927b00aa67b5cad751dd660dc3e6f:12)
	at m92.a(r8-map-id-fc73651334f76fbacb9920b2bd292de61c7927b00aa67b5cad751dd660dc3e6f:77)
	at uc0.a(r8-map-id-fc73651334f76fbacb9920b2bd292de61c7927b00aa67b5cad751dd660dc3e6f:455)
	at sf5.b(r8-map-id-fc73651334f76fbacb9920b2bd292de61c7927b00aa67b5cad751dd660dc3e6f:104)
	at uc0.a(r8-map-id-fc73651334f76fbacb9920b2bd292de61c7927b00aa67b5cad751dd660dc3e6f:151)
	at sf5.b(r8-map-id-fc73651334f76fbacb9920b2bd292de61c7927b00aa67b5cad751dd660dc3e6f:104)
	at b70.a(r8-map-id-fc73651334f76fbacb9920b2bd292de61c7927b00aa67b5cad751dd660dc3e6f:586)
	at sf5.b(r8-map-id-fc73651334f76fbacb9920b2bd292de61c7927b00aa67b5cad751dd660dc3e6f:104)
	at b70.a(r8-map-id-fc73651334f76fbacb9920b2bd292de61c7927b00aa67b5cad751dd660dc3e6f:215)
	at sf5.b(r8-map-id-fc73651334f76fbacb9920b2bd292de61c7927b00aa67b5cad751dd660dc3e6f:104)
	at jf5.g(r8-map-id-fc73651334f76fbacb9920b2bd292de61c7927b00aa67b5cad751dd660dc3e6f:92)
	at gf5.run(r8-map-id-fc73651334f76fbacb9920b2bd292de61c7927b00aa67b5cad751dd660dc3e6f:42)
	at java.util.concurrent.ThreadPoolExecutor.runWorker(ThreadPoolExecutor.java:1154)
	at java.util.concurrent.ThreadPoolExecutor$Worker.run(ThreadPoolExecutor.java:652)
	at java.lang.Thread.run(Thread.java:1564)
Caused by: android.system.GaiException: android_getaddrinfo failed: EAI_NODATA (No address associated with hostname)
	at libcore.io.Linux.android_getaddrinfo(Native Method)
	at libcore.io.ForwardingOs.android_getaddrinfo(ForwardingOs.java:134)
	at libcore.io.BlockGuardOs.android_getaddrinfo(BlockGuardOs.java:222)
	at libcore.io.ForwardingOs.android_getaddrinfo(ForwardingOs.java:134)
	at java.net.Inet6AddressImpl.lookupHostByName(Inet6AddressImpl.java:135)
	... 18 more

2026-04-07T15:32:27.831879Z Warn: WebSocket disconnected, retrying in 5000ms
2026-04-07T15:32:33.416136Z Info: Delay completed, reconnecting...
2026-04-07T15:32:33.432057Z Info: Connecting to WebSocket at wss://michael.seifert.page/api/apps/v1/notify/ws
2026-04-07T15:32:33.462129Z Error: WebSocket connect failed Unable to resolve host "michael.seifert.page": No address associated with hostname
java.net.UnknownHostException: Unable to resolve host "michael.seifert.page": No address associated with hostname
	at java.net.Inet6AddressImpl.lookupHostByName(Inet6AddressImpl.java:156)
	at java.net.Inet6AddressImpl.lookupAllHostAddr(Inet6AddressImpl.java:103)
	at java.net.InetAddress.getAllByName(InetAddress.java:1152)
	at wf5.b(r8-map-id-fc73651334f76fbacb9920b2bd292de61c7927b00aa67b5cad751dd660dc3e6f:393)
	at m92.d(r8-map-id-fc73651334f76fbacb9920b2bd292de61c7927b00aa67b5cad751dd660dc3e6f:12)
	at m92.a(r8-map-id-fc73651334f76fbacb9920b2bd292de61c7927b00aa67b5cad751dd660dc3e6f:77)
	at uc0.a(r8-map-id-fc73651334f76fbacb9920b2bd292de61c7927b00aa67b5cad751dd660dc3e6f:455)
	at sf5.b(r8-map-id-fc73651334f76fbacb9920b2bd292de61c7927b00aa67b5cad751dd660dc3e6f:104)
	at uc0.a(r8-map-id-fc73651334f76fbacb9920b2bd292de61c7927b00aa67b5cad751dd660dc3e6f:151)
	at sf5.b(r8-map-id-fc73651334f76fbacb9920b2bd292de61c7927b00aa67b5cad751dd660dc3e6f:104)
	at b70.a(r8-map-id-fc73651334f76fbacb9920b2bd292de61c7927b00aa67b5cad751dd660dc3e6f:586)
	at sf5.b(r8-map-id-fc73651334f76fbacb9920b2bd292de61c7927b00aa67b5cad751dd660dc3e6f:104)
	at b70.a(r8-map-id-fc73651334f76fbacb9920b2bd292de61c7927b00aa67b5cad751dd660dc3e6f:215)
	at sf5.b(r8-map-id-fc73651334f76fbacb9920b2bd292de61c7927b00aa67b5cad751dd660dc3e6f:104)
	at jf5.g(r8-map-id-fc73651334f76fbacb9920b2bd292de61c7927b00aa67b5cad751dd660dc3e6f:92)
	at gf5.run(r8-map-id-fc73651334f76fbacb9920b2bd292de61c7927b00aa67b5cad751dd660dc3e6f:42)
	at java.util.concurrent.ThreadPoolExecutor.runWorker(ThreadPoolExecutor.java:1154)
	at java.util.concurrent.ThreadPoolExecutor$Worker.run(ThreadPoolExecutor.java:652)
	at java.lang.Thread.run(Thread.java:1564)
Caused by: android.system.GaiException: android_getaddrinfo failed: EAI_NODATA (No address associated with hostname)
	at libcore.io.Linux.android_getaddrinfo(Native Method)
	at libcore.io.ForwardingOs.android_getaddrinfo(ForwardingOs.java:134)
	at libcore.io.BlockGuardOs.android_getaddrinfo(BlockGuardOs.java:222)
	at libcore.io.ForwardingOs.android_getaddrinfo(ForwardingOs.java:134)
	at java.net.Inet6AddressImpl.lookupHostByName(Inet6AddressImpl.java:135)
	... 18 more

2026-04-07T15:32:33.471031Z Warn: WebSocket disconnected, retrying in 5000ms
2026-04-07T15:32:38.455443Z Info: Delay completed, reconnecting...
2026-04-07T15:32:38.465994Z Info: Connecting to WebSocket at wss://michael.seifert.page/api/apps/v1/notify/ws
2026-04-07T15:32:38.489917Z Error: WebSocket connect failed Unable to resolve host "michael.seifert.page": No address associated with hostname
java.net.UnknownHostException: Unable to resolve host "michael.seifert.page": No address associated with hostname
	at java.net.Inet6AddressImpl.lookupHostByName(Inet6AddressImpl.java:156)
	at java.net.Inet6AddressImpl.lookupAllHostAddr(Inet6AddressImpl.java:103)
	at java.net.InetAddress.getAllByName(InetAddress.java:1152)
	at wf5.b(r8-map-id-fc73651334f76fbacb9920b2bd292de61c7927b00aa67b5cad751dd660dc3e6f:393)
	at m92.d(r8-map-id-fc73651334f76fbacb9920b2bd292de61c7927b00aa67b5cad751dd660dc3e6f:12)
	at m92.a(r8-map-id-fc73651334f76fbacb9920b2bd292de61c7927b00aa67b5cad751dd660dc3e6f:77)
	at uc0.a(r8-map-id-fc73651334f76fbacb9920b2bd292de61c7927b00aa67b5cad751dd660dc3e6f:455)
	at sf5.b(r8-map-id-fc73651334f76fbacb9920b2bd292de61c7927b00aa67b5cad751dd660dc3e6f:104)
	at uc0.a(r8-map-id-fc73651334f76fbacb9920b2bd292de61c7927b00aa67b5cad751dd660dc3e6f:151)
	at sf5.b(r8-map-id-fc73651334f76fbacb9920b2bd292de61c7927b00aa67b5cad751dd660dc3e6f:104)
	at b70.a(r8-map-id-fc73651334f76fbacb9920b2bd292de61c7927b00aa67b5cad751dd660dc3e6f:586)
	at sf5.b(r8-map-id-fc73651334f76fbacb9920b2bd292de61c7927b00aa67b5cad751dd660dc3e6f:104)
	at b70.a(r8-map-id-fc73651334f76fbacb9920b2bd292de61c7927b00aa67b5cad751dd660dc3e6f:215)
	at sf5.b(r8-map-id-fc73651334f76fbacb9920b2bd292de61c7927b00aa67b5cad751dd660dc3e6f:104)
	at jf5.g(r8-map-id-fc73651334f76fbacb9920b2bd292de61c7927b00aa67b5cad751dd660dc3e6f:92)
	at gf5.run(r8-map-id-fc73651334f76fbacb9920b2bd292de61c7927b00aa67b5cad751dd660dc3e6f:42)
	at java.util.concurrent.ThreadPoolExecutor.runWorker(ThreadPoolExecutor.java:1154)
	at java.util.concurrent.ThreadPoolExecutor$Worker.run(ThreadPoolExecutor.java:652)
	at java.lang.Thread.run(Thread.java:1564)
Caused by: android.system.GaiException: android_getaddrinfo failed: EAI_NODATA (No address associated with hostname)
	at libcore.io.Linux.android_getaddrinfo(Native Method)
	at libcore.io.ForwardingOs.android_getaddrinfo(ForwardingOs.java:134)
	at libcore.io.BlockGuardOs.android_getaddrinfo(BlockGuardOs.java:222)
	at libcore.io.ForwardingOs.android_getaddrinfo(ForwardingOs.java:134)
	at java.net.Inet6AddressImpl.lookupHostByName(Inet6AddressImpl.java:135)
	... 18 more

2026-04-07T15:32:38.494508Z Warn: WebSocket disconnected, retrying in 5000ms
2026-04-07T15:32:44.45753Z Info: Delay completed, reconnecting...
2026-04-07T15:32:44.461351Z Info: Connecting to WebSocket at wss://michael.seifert.page/api/apps/v1/notify/ws
2026-04-07T15:32:44.487241Z Error: WebSocket connect failed Unable to resolve host "michael.seifert.page": No address associated with hostname
java.net.UnknownHostException: Unable to resolve host "michael.seifert.page": No address associated with hostname
	at java.net.Inet6AddressImpl.lookupHostByName(Inet6AddressImpl.java:156)
	at java.net.Inet6AddressImpl.lookupAllHostAddr(Inet6AddressImpl.java:103)
	at java.net.InetAddress.getAllByName(InetAddress.java:1152)
	at wf5.b(r8-map-id-fc73651334f76fbacb9920b2bd292de61c7927b00aa67b5cad751dd660dc3e6f:393)
	at m92.d(r8-map-id-fc73651334f76fbacb9920b2bd292de61c7927b00aa67b5cad751dd660dc3e6f:12)
	at m92.a(r8-map-id-fc73651334f76fbacb9920b2bd292de61c7927b00aa67b5cad751dd660dc3e6f:77)
	at uc0.a(r8-map-id-fc73651334f76fbacb9920b2bd292de61c7927b00aa67b5cad751dd660dc3e6f:455)
	at sf5.b(r8-map-id-fc73651334f76fbacb9920b2bd292de61c7927b00aa67b5cad751dd660dc3e6f:104)
	at uc0.a(r8-map-id-fc73651334f76fbacb9920b2bd292de61c7927b00aa67b5cad751dd660dc3e6f:151)
	at sf5.b(r8-map-id-fc73651334f76fbacb9920b2bd292de61c7927b00aa67b5cad751dd660dc3e6f:104)
	at b70.a(r8-map-id-fc73651334f76fbacb9920b2bd292de61c7927b00aa67b5cad751dd660dc3e6f:586)
	at sf5.b(r8-map-id-fc73651334f76fbacb9920b2bd292de61c7927b00aa67b5cad751dd660dc3e6f:104)
	at b70.a(r8-map-id-fc73651334f76fbacb9920b2bd292de61c7927b00aa67b5cad751dd660dc3e6f:215)
	at sf5.b(r8-map-id-fc73651334f76fbacb9920b2bd292de61c7927b00aa67b5cad751dd660dc3e6f:104)
	at jf5.g(r8-map-id-fc73651334f76fbacb9920b2bd292de61c7927b00aa67b5cad751dd660dc3e6f:92)
	at gf5.run(r8-map-id-fc73651334f76fbacb9920b2bd292de61c7927b00aa67b5cad751dd660dc3e6f:42)
	at java.util.concurrent.ThreadPoolExecutor.runWorker(ThreadPoolExecutor.java:1154)
	at java.util.concurrent.ThreadPoolExecutor$Worker.run(ThreadPoolExecutor.java:652)
	at java.lang.Thread.run(Thread.java:1564)
Caused by: android.system.GaiException: android_getaddrinfo failed: EAI_NODATA (No address associated with hostname)
	at libcore.io.Linux.android_getaddrinfo(Native Method)
	at libcore.io.ForwardingOs.android_getaddrinfo(ForwardingOs.java:134)
	at libcore.io.BlockGuardOs.android_getaddrinfo(BlockGuardOs.java:222)
	at libcore.io.ForwardingOs.android_getaddrinfo(ForwardingOs.java:134)
	at java.net.Inet6AddressImpl.lookupHostByName(Inet6AddressImpl.java:135)
	... 18 more

2026-04-07T15:32:44.489158Z Warn: WebSocket disconnected, retrying in 5000ms
2026-04-07T15:32:49.118035Z Info: Delay completed, reconnecting...
2026-04-07T15:32:49.126205Z Info: Connecting to WebSocket at wss://michael.seifert.page/api/apps/v1/notify/ws
2026-04-07T15:32:49.152211Z Error: WebSocket connect failed Unable to resolve host "michael.seifert.page": No address associated with hostname
java.net.UnknownHostException: Unable to resolve host "michael.seifert.page": No address associated with hostname
	at java.net.Inet6AddressImpl.lookupHostByName(Inet6AddressImpl.java:156)
	at java.net.Inet6AddressImpl.lookupAllHostAddr(Inet6AddressImpl.java:103)
	at java.net.InetAddress.getAllByName(InetAddress.java:1152)
	at wf5.b(r8-map-id-fc73651334f76fbacb9920b2bd292de61c7927b00aa67b5cad751dd660dc3e6f:393)
	at m92.d(r8-map-id-fc73651334f76fbacb9920b2bd292de61c7927b00aa67b5cad751dd660dc3e6f:12)
	at m92.a(r8-map-id-fc73651334f76fbacb9920b2bd292de61c7927b00aa67b5cad751dd660dc3e6f:77)
	at uc0.a(r8-map-id-fc73651334f76fbacb9920b2bd292de61c7927b00aa67b5cad751dd660dc3e6f:455)
	at sf5.b(r8-map-id-fc73651334f76fbacb9920b2bd292de61c7927b00aa67b5cad751dd660dc3e6f:104)
	at uc0.a(r8-map-id-fc73651334f76fbacb9920b2bd292de61c7927b00aa67b5cad751dd660dc3e6f:151)
	at sf5.b(r8-map-id-fc73651334f76fbacb9920b2bd292de61c7927b00aa67b5cad751dd660dc3e6f:104)
	at b70.a(r8-map-id-fc73651334f76fbacb9920b2bd292de61c7927b00aa67b5cad751dd660dc3e6f:586)
	at sf5.b(r8-map-id-fc73651334f76fbacb9920b2bd292de61c7927b00aa67b5cad751dd660dc3e6f:104)
	at b70.a(r8-map-id-fc73651334f76fbacb9920b2bd292de61c7927b00aa67b5cad751dd660dc3e6f:215)
	at sf5.b(r8-map-id-fc73651334f76fbacb9920b2bd292de61c7927b00aa67b5cad751dd660dc3e6f:104)
	at jf5.g(r8-map-id-fc73651334f76fbacb9920b2bd292de61c7927b00aa67b5cad751dd660dc3e6f:92)
	at gf5.run(r8-map-id-fc73651334f76fbacb9920b2bd292de61c7927b00aa67b5cad751dd660dc3e6f:42)
	at java.util.concurrent.ThreadPoolExecutor.runWorker(ThreadPoolExecutor.java:1154)
	at java.util.concurrent.ThreadPoolExecutor$Worker.run(ThreadPoolExecutor.java:652)
	at java.lang.Thread.run(Thread.java:1564)
Caused by: android.system.GaiException: android_getaddrinfo failed: EAI_NODATA (No address associated with hostname)
	at libcore.io.Linux.android_getaddrinfo(Native Method)
	at libcore.io.ForwardingOs.android_getaddrinfo(ForwardingOs.java:134)
	at libcore.io.BlockGuardOs.android_getaddrinfo(BlockGuardOs.java:222)
	at libcore.io.ForwardingOs.android_getaddrinfo(ForwardingOs.java:134)
	at java.net.Inet6AddressImpl.lookupHostByName(Inet6AddressImpl.java:135)
	... 18 more

2026-04-07T15:32:49.155126Z Warn: WebSocket disconnected, retrying in 5000ms
2026-04-07T15:32:54.318891Z Info: Delay completed, reconnecting...
2026-04-07T15:32:54.340494Z Info: Connecting to WebSocket at wss://michael.seifert.page/api/apps/v1/notify/ws
2026-04-07T15:32:54.373815Z Error: WebSocket connect failed Unable to resolve host "michael.seifert.page": No address associated with hostname
java.net.UnknownHostException: Unable to resolve host "michael.seifert.page": No address associated with hostname
	at java.net.Inet6AddressImpl.lookupHostByName(Inet6AddressImpl.java:156)
	at java.net.Inet6AddressImpl.lookupAllHostAddr(Inet6AddressImpl.java:103)
	at java.net.InetAddress.getAllByName(InetAddress.java:1152)
	at wf5.b(r8-map-id-fc73651334f76fbacb9920b2bd292de61c7927b00aa67b5cad751dd660dc3e6f:393)
	at m92.d(r8-map-id-fc73651334f76fbacb9920b2bd292de61c7927b00aa67b5cad751dd660dc3e6f:12)
	at m92.a(r8-map-id-fc73651334f76fbacb9920b2bd292de61c7927b00aa67b5cad751dd660dc3e6f:77)
	at uc0.a(r8-map-id-fc73651334f76fbacb9920b2bd292de61c7927b00aa67b5cad751dd660dc3e6f:455)
	at sf5.b(r8-map-id-fc73651334f76fbacb9920b2bd292de61c7927b00aa67b5cad751dd660dc3e6f:104)
	at uc0.a(r8-map-id-fc73651334f76fbacb9920b2bd292de61c7927b00aa67b5cad751dd660dc3e6f:151)
	at sf5.b(r8-map-id-fc73651334f76fbacb9920b2bd292de61c7927b00aa67b5cad751dd660dc3e6f:104)
	at b70.a(r8-map-id-fc73651334f76fbacb9920b2bd292de61c7927b00aa67b5cad751dd660dc3e6f:586)
	at sf5.b(r8-map-id-fc73651334f76fbacb9920b2bd292de61c7927b00aa67b5cad751dd660dc3e6f:104)
	at b70.a(r8-map-id-fc73651334f76fbacb9920b2bd292de61c7927b00aa67b5cad751dd660dc3e6f:215)
	at sf5.b(r8-map-id-fc73651334f76fbacb9920b2bd292de61c7927b00aa67b5cad751dd660dc3e6f:104)
	at jf5.g(r8-map-id-fc73651334f76fbacb9920b2bd292de61c7927b00aa67b5cad751dd660dc3e6f:92)
	at gf5.run(r8-map-id-fc73651334f76fbacb9920b2bd292de61c7927b00aa67b5cad751dd660dc3e6f:42)
	at java.util.concurrent.ThreadPoolExecutor.runWorker(ThreadPoolExecutor.java:1154)
	at java.util.concurrent.ThreadPoolExecutor$Worker.run(ThreadPoolExecutor.java:652)
	at java.lang.Thread.run(Thread.java:1564)
Caused by: android.system.GaiException: android_getaddrinfo failed: EAI_NODATA (No address associated with hostname)
	at libcore.io.Linux.android_getaddrinfo(Native Method)
	at libcore.io.ForwardingOs.android_getaddrinfo(ForwardingOs.java:134)
	at libcore.io.BlockGuardOs.android_getaddrinfo(BlockGuardOs.java:222)
	at libcore.io.ForwardingOs.android_getaddrinfo(ForwardingOs.java:134)
	at java.net.Inet6AddressImpl.lookupHostByName(Inet6AddressImpl.java:135)
	... 18 more

2026-04-07T15:32:54.377282Z Warn: WebSocket disconnected, retrying in 5000ms
2026-04-07T15:32:58.413072Z Info: Delay completed, reconnecting...
2026-04-07T15:32:58.420616Z Info: Connecting to WebSocket at wss://michael.seifert.page/api/apps/v1/notify/ws
2026-04-07T15:32:58.444911Z Error: WebSocket connect failed Unable to resolve host "michael.seifert.page": No address associated with hostname
java.net.UnknownHostException: Unable to resolve host "michael.seifert.page": No address associated with hostname
	at java.net.Inet6AddressImpl.lookupHostByName(Inet6AddressImpl.java:156)
	at java.net.Inet6AddressImpl.lookupAllHostAddr(Inet6AddressImpl.java:103)
	at java.net.InetAddress.getAllByName(InetAddress.java:1152)
	at wf5.b(r8-map-id-fc73651334f76fbacb9920b2bd292de61c7927b00aa67b5cad751dd660dc3e6f:393)
	at m92.d(r8-map-id-fc73651334f76fbacb9920b2bd292de61c7927b00aa67b5cad751dd660dc3e6f:12)
	at m92.a(r8-map-id-fc73651334f76fbacb9920b2bd292de61c7927b00aa67b5cad751dd660dc3e6f:77)
	at uc0.a(r8-map-id-fc73651334f76fbacb9920b2bd292de61c7927b00aa67b5cad751dd660dc3e6f:455)
	at sf5.b(r8-map-id-fc73651334f76fbacb9920b2bd292de61c7927b00aa67b5cad751dd660dc3e6f:104)
	at uc0.a(r8-map-id-fc73651334f76fbacb9920b2bd292de61c7927b00aa67b5cad751dd660dc3e6f:151)
	at sf5.b(r8-map-id-fc73651334f76fbacb9920b2bd292de61c7927b00aa67b5cad751dd660dc3e6f:104)
	at b70.a(r8-map-id-fc73651334f76fbacb9920b2bd292de61c7927b00aa67b5cad751dd660dc3e6f:586)
	at sf5.b(r8-map-id-fc73651334f76fbacb9920b2bd292de61c7927b00aa67b5cad751dd660dc3e6f:104)
	at b70.a(r8-map-id-fc73651334f76fbacb9920b2bd292de61c7927b00aa67b5cad751dd660dc3e6f:215)
	at sf5.b(r8-map-id-fc73651334f76fbacb9920b2bd292de61c7927b00aa67b5cad751dd660dc3e6f:104)
	at jf5.g(r8-map-id-fc73651334f76fbacb9920b2bd292de61c7927b00aa67b5cad751dd660dc3e6f:92)
	at gf5.run(r8-map-id-fc73651334f76fbacb9920b2bd292de61c7927b00aa67b5cad751dd660dc3e6f:42)
	at java.util.concurrent.ThreadPoolExecutor.runWorker(ThreadPoolExecutor.java:1154)
	at java.util.concurrent.ThreadPoolExecutor$Worker.run(ThreadPoolExecutor.java:652)
	at java.lang.Thread.run(Thread.java:1564)
Caused by: android.system.GaiException: android_getaddrinfo failed: EAI_NODATA (No address associated with hostname)
	at libcore.io.Linux.android_getaddrinfo(Native Method)
	at libcore.io.ForwardingOs.android_getaddrinfo(ForwardingOs.java:134)
	at libcore.io.BlockGuardOs.android_getaddrinfo(BlockGuardOs.java:222)
	at libcore.io.ForwardingOs.android_getaddrinfo(ForwardingOs.java:134)
	at java.net.Inet6AddressImpl.lookupHostByName(Inet6AddressImpl.java:135)
	... 18 more

2026-04-07T15:32:58.448145Z Warn: WebSocket disconnected, retrying in 5000ms
2026-04-07T15:33:02.917004Z Info: Delay completed, reconnecting...
2026-04-07T15:33:02.924553Z Info: Connecting to WebSocket at wss://michael.seifert.page/api/apps/v1/notify/ws
2026-04-07T15:33:02.942139Z Error: WebSocket connect failed Unable to resolve host "michael.seifert.page": No address associated with hostname
java.net.UnknownHostException: Unable to resolve host "michael.seifert.page": No address associated with hostname
	at java.net.Inet6AddressImpl.lookupHostByName(Inet6AddressImpl.java:156)
	at java.net.Inet6AddressImpl.lookupAllHostAddr(Inet6AddressImpl.java:103)
	at java.net.InetAddress.getAllByName(InetAddress.java:1152)
	at wf5.b(r8-map-id-fc73651334f76fbacb9920b2bd292de61c7927b00aa67b5cad751dd660dc3e6f:393)
	at m92.d(r8-map-id-fc73651334f76fbacb9920b2bd292de61c7927b00aa67b5cad751dd660dc3e6f:12)
	at m92.a(r8-map-id-fc73651334f76fbacb9920b2bd292de61c7927b00aa67b5cad751dd660dc3e6f:77)
	at uc0.a(r8-map-id-fc73651334f76fbacb9920b2bd292de61c7927b00aa67b5cad751dd660dc3e6f:455)
	at sf5.b(r8-map-id-fc73651334f76fbacb9920b2bd292de61c7927b00aa67b5cad751dd660dc3e6f:104)
	at uc0.a(r8-map-id-fc73651334f76fbacb9920b2bd292de61c7927b00aa67b5cad751dd660dc3e6f:151)
	at sf5.b(r8-map-id-fc73651334f76fbacb9920b2bd292de61c7927b00aa67b5cad751dd660dc3e6f:104)
	at b70.a(r8-map-id-fc73651334f76fbacb9920b2bd292de61c7927b00aa67b5cad751dd660dc3e6f:586)
	at sf5.b(r8-map-id-fc73651334f76fbacb9920b2bd292de61c7927b00aa67b5cad751dd660dc3e6f:104)
	at b70.a(r8-map-id-fc73651334f76fbacb9920b2bd292de61c7927b00aa67b5cad751dd660dc3e6f:215)
	at sf5.b(r8-map-id-fc73651334f76fbacb9920b2bd292de61c7927b00aa67b5cad751dd660dc3e6f:104)
	at jf5.g(r8-map-id-fc73651334f76fbacb9920b2bd292de61c7927b00aa67b5cad751dd660dc3e6f:92)
	at gf5.run(r8-map-id-fc73651334f76fbacb9920b2bd292de61c7927b00aa67b5cad751dd660dc3e6f:42)
	at java.util.concurrent.ThreadPoolExecutor.runWorker(ThreadPoolExecutor.java:1154)
	at java.util.concurrent.ThreadPoolExecutor$Worker.run(ThreadPoolExecutor.java:652)
	at java.lang.Thread.run(Thread.java:1564)
Caused by: android.system.GaiException: android_getaddrinfo failed: EAI_NODATA (No address associated with hostname)
	at libcore.io.Linux.android_getaddrinfo(Native Method)
	at libcore.io.ForwardingOs.android_getaddrinfo(ForwardingOs.java:134)
	at libcore.io.BlockGuardOs.android_getaddrinfo(BlockGuardOs.java:222)
	at libcore.io.ForwardingOs.android_getaddrinfo(ForwardingOs.java:134)
	at java.net.Inet6AddressImpl.lookupHostByName(Inet6AddressImpl.java:135)
	... 18 more

2026-04-07T15:33:02.94492Z Warn: WebSocket disconnected, retrying in 5000ms
2026-04-07T15:33:07.553584Z Info: Delay completed, reconnecting...
2026-04-07T15:33:07.557187Z Info: Connecting to WebSocket at wss://michael.seifert.page/api/apps/v1/notify/ws
2026-04-07T15:33:07.581883Z Error: WebSocket connect failed Unable to resolve host "michael.seifert.page": No address associated with hostname
java.net.UnknownHostException: Unable to resolve host "michael.seifert.page": No address associated with hostname
	at java.net.Inet6AddressImpl.lookupHostByName(Inet6AddressImpl.java:156)
	at java.net.Inet6AddressImpl.lookupAllHostAddr(Inet6AddressImpl.java:103)
	at java.net.InetAddress.getAllByName(InetAddress.java:1152)
	at wf5.b(r8-map-id-fc73651334f76fbacb9920b2bd292de61c7927b00aa67b5cad751dd660dc3e6f:393)
	at m92.d(r8-map-id-fc73651334f76fbacb9920b2bd292de61c7927b00aa67b5cad751dd660dc3e6f:12)
	at m92.a(r8-map-id-fc73651334f76fbacb9920b2bd292de61c7927b00aa67b5cad751dd660dc3e6f:77)
	at uc0.a(r8-map-id-fc73651334f76fbacb9920b2bd292de61c7927b00aa67b5cad751dd660dc3e6f:455)
	at sf5.b(r8-map-id-fc73651334f76fbacb9920b2bd292de61c7927b00aa67b5cad751dd660dc3e6f:104)
	at uc0.a(r8-map-id-fc73651334f76fbacb9920b2bd292de61c7927b00aa67b5cad751dd660dc3e6f:151)
	at sf5.b(r8-map-id-fc73651334f76fbacb9920b2bd292de61c7927b00aa67b5cad751dd660dc3e6f:104)
	at b70.a(r8-map-id-fc73651334f76fbacb9920b2bd292de61c7927b00aa67b5cad751dd660dc3e6f:586)
	at sf5.b(r8-map-id-fc73651334f76fbacb9920b2bd292de61c7927b00aa67b5cad751dd660dc3e6f:104)
	at b70.a(r8-map-id-fc73651334f76fbacb9920b2bd292de61c7927b00aa67b5cad751dd660dc3e6f:215)
	at sf5.b(r8-map-id-fc73651334f76fbacb9920b2bd292de61c7927b00aa67b5cad751dd660dc3e6f:104)
	at jf5.g(r8-map-id-fc73651334f76fbacb9920b2bd292de61c7927b00aa67b5cad751dd660dc3e6f:92)
	at gf5.run(r8-map-id-fc73651334f76fbacb9920b2bd292de61c7927b00aa67b5cad751dd660dc3e6f:42)
	at java.util.concurrent.ThreadPoolExecutor.runWorker(ThreadPoolExecutor.java:1154)
	at java.util.concurrent.ThreadPoolExecutor$Worker.run(ThreadPoolExecutor.java:652)
	at java.lang.Thread.run(Thread.java:1564)
Caused by: android.system.GaiException: android_getaddrinfo failed: EAI_NODATA (No address associated with hostname)
	at libcore.io.Linux.android_getaddrinfo(Native Method)
	at libcore.io.ForwardingOs.android_getaddrinfo(ForwardingOs.java:134)
	at libcore.io.BlockGuardOs.android_getaddrinfo(BlockGuardOs.java:222)
	at libcore.io.ForwardingOs.android_getaddrinfo(ForwardingOs.java:134)
	at java.net.Inet6AddressImpl.lookupHostByName(Inet6AddressImpl.java:135)
	... 18 more

2026-04-07T15:33:07.588337Z Warn: WebSocket disconnected, retrying in 5000ms
2026-04-07T15:33:13.40665Z Info: Delay completed, reconnecting...
2026-04-07T15:33:13.414766Z Info: Connecting to WebSocket at wss://michael.seifert.page/api/apps/v1/notify/ws
2026-04-07T15:33:13.446068Z Error: WebSocket connect failed Unable to resolve host "michael.seifert.page": No address associated with hostname
java.net.UnknownHostException: Unable to resolve host "michael.seifert.page": No address associated with hostname
	at java.net.Inet6AddressImpl.lookupHostByName(Inet6AddressImpl.java:156)
	at java.net.Inet6AddressImpl.lookupAllHostAddr(Inet6AddressImpl.java:103)
	at java.net.InetAddress.getAllByName(InetAddress.java:1152)
	at wf5.b(r8-map-id-fc73651334f76fbacb9920b2bd292de61c7927b00aa67b5cad751dd660dc3e6f:393)
	at m92.d(r8-map-id-fc73651334f76fbacb9920b2bd292de61c7927b00aa67b5cad751dd660dc3e6f:12)
	at m92.a(r8-map-id-fc73651334f76fbacb9920b2bd292de61c7927b00aa67b5cad751dd660dc3e6f:77)
	at uc0.a(r8-map-id-fc73651334f76fbacb9920b2bd292de61c7927b00aa67b5cad751dd660dc3e6f:455)
	at sf5.b(r8-map-id-fc73651334f76fbacb9920b2bd292de61c7927b00aa67b5cad751dd660dc3e6f:104)
	at uc0.a(r8-map-id-fc73651334f76fbacb9920b2bd292de61c7927b00aa67b5cad751dd660dc3e6f:151)
	at sf5.b(r8-map-id-fc73651334f76fbacb9920b2bd292de61c7927b00aa67b5cad751dd660dc3e6f:104)
	at b70.a(r8-map-id-fc73651334f76fbacb9920b2bd292de61c7927b00aa67b5cad751dd660dc3e6f:586)
	at sf5.b(r8-map-id-fc73651334f76fbacb9920b2bd292de61c7927b00aa67b5cad751dd660dc3e6f:104)
	at b70.a(r8-map-id-fc73651334f76fbacb9920b2bd292de61c7927b00aa67b5cad751dd660dc3e6f:215)
	at sf5.b(r8-map-id-fc73651334f76fbacb9920b2bd292de61c7927b00aa67b5cad751dd660dc3e6f:104)
	at jf5.g(r8-map-id-fc73651334f76fbacb9920b2bd292de61c7927b00aa67b5cad751dd660dc3e6f:92)
	at gf5.run(r8-map-id-fc73651334f76fbacb9920b2bd292de61c7927b00aa67b5cad751dd660dc3e6f:42)
	at java.util.concurrent.ThreadPoolExecutor.runWorker(ThreadPoolExecutor.java:1154)
	at java.util.concurrent.ThreadPoolExecutor$Worker.run(ThreadPoolExecutor.java:652)
	at java.lang.Thread.run(Thread.java:1564)
Caused by: android.system.GaiException: android_getaddrinfo failed: EAI_NODATA (No address associated with hostname)
	at libcore.io.Linux.android_getaddrinfo(Native Method)
	at libcore.io.ForwardingOs.android_getaddrinfo(ForwardingOs.java:134)
	at libcore.io.BlockGuardOs.android_getaddrinfo(BlockGuardOs.java:222)
	at libcore.io.ForwardingOs.android_getaddrinfo(ForwardingOs.java:134)
	at java.net.Inet6AddressImpl.lookupHostByName(Inet6AddressImpl.java:135)
	... 18 more

2026-04-07T15:33:13.449298Z Warn: WebSocket disconnected, retrying in 5000ms
2026-04-07T15:33:18.734993Z Info: Delay completed, reconnecting...
2026-04-07T15:33:18.750669Z Info: Connecting to WebSocket at wss://michael.seifert.page/api/apps/v1/notify/ws
2026-04-07T15:33:18.78195Z Error: WebSocket connect failed Unable to resolve host "michael.seifert.page": No address associated with hostname
java.net.UnknownHostException: Unable to resolve host "michael.seifert.page": No address associated with hostname
	at java.net.Inet6AddressImpl.lookupHostByName(Inet6AddressImpl.java:156)
	at java.net.Inet6AddressImpl.lookupAllHostAddr(Inet6AddressImpl.java:103)
	at java.net.InetAddress.getAllByName(InetAddress.java:1152)
	at wf5.b(r8-map-id-fc73651334f76fbacb9920b2bd292de61c7927b00aa67b5cad751dd660dc3e6f:393)
	at m92.d(r8-map-id-fc73651334f76fbacb9920b2bd292de61c7927b00aa67b5cad751dd660dc3e6f:12)
	at m92.a(r8-map-id-fc73651334f76fbacb9920b2bd292de61c7927b00aa67b5cad751dd660dc3e6f:77)
	at uc0.a(r8-map-id-fc73651334f76fbacb9920b2bd292de61c7927b00aa67b5cad751dd660dc3e6f:455)
	at sf5.b(r8-map-id-fc73651334f76fbacb9920b2bd292de61c7927b00aa67b5cad751dd660dc3e6f:104)
	at uc0.a(r8-map-id-fc73651334f76fbacb9920b2bd292de61c7927b00aa67b5cad751dd660dc3e6f:151)
	at sf5.b(r8-map-id-fc73651334f76fbacb9920b2bd292de61c7927b00aa67b5cad751dd660dc3e6f:104)
	at b70.a(r8-map-id-fc73651334f76fbacb9920b2bd292de61c7927b00aa67b5cad751dd660dc3e6f:586)
	at sf5.b(r8-map-id-fc73651334f76fbacb9920b2bd292de61c7927b00aa67b5cad751dd660dc3e6f:104)
	at b70.a(r8-map-id-fc73651334f76fbacb9920b2bd292de61c7927b00aa67b5cad751dd660dc3e6f:215)
	at sf5.b(r8-map-id-fc73651334f76fbacb9920b2bd292de61c7927b00aa67b5cad751dd660dc3e6f:104)
	at jf5.g(r8-map-id-fc73651334f76fbacb9920b2bd292de61c7927b00aa67b5cad751dd660dc3e6f:92)
	at gf5.run(r8-map-id-fc73651334f76fbacb9920b2bd292de61c7927b00aa67b5cad751dd660dc3e6f:42)
	at java.util.concurrent.ThreadPoolExecutor.runWorker(ThreadPoolExecutor.java:1154)
	at java.util.concurrent.ThreadPoolExecutor$Worker.run(ThreadPoolExecutor.java:652)
	at java.lang.Thread.run(Thread.java:1564)
Caused by: android.system.GaiException: android_getaddrinfo failed: EAI_NODATA (No address associated with hostname)
	at libcore.io.Linux.android_getaddrinfo(Native Method)
	at libcore.io.ForwardingOs.android_getaddrinfo(ForwardingOs.java:134)
	at libcore.io.BlockGuardOs.android_getaddrinfo(BlockGuardOs.java:222)
	at libcore.io.ForwardingOs.android_getaddrinfo(ForwardingOs.java:134)
	at java.net.Inet6AddressImpl.lookupHostByName(Inet6AddressImpl.java:135)
	... 18 more

2026-04-07T15:33:18.785238Z Warn: WebSocket disconnected, retrying in 5000ms
2026-04-07T15:33:23.303878Z Info: Delay completed, reconnecting...
2026-04-07T15:33:23.308938Z Info: Connecting to WebSocket at wss://michael.seifert.page/api/apps/v1/notify/ws
2026-04-07T15:33:23.343114Z Error: WebSocket connect failed Unable to resolve host "michael.seifert.page": No address associated with hostname
java.net.UnknownHostException: Unable to resolve host "michael.seifert.page": No address associated with hostname
	at java.net.Inet6AddressImpl.lookupHostByName(Inet6AddressImpl.java:156)
	at java.net.Inet6AddressImpl.lookupAllHostAddr(Inet6AddressImpl.java:103)
	at java.net.InetAddress.getAllByName(InetAddress.java:1152)
	at wf5.b(r8-map-id-fc73651334f76fbacb9920b2bd292de61c7927b00aa67b5cad751dd660dc3e6f:393)
	at m92.d(r8-map-id-fc73651334f76fbacb9920b2bd292de61c7927b00aa67b5cad751dd660dc3e6f:12)
	at m92.a(r8-map-id-fc73651334f76fbacb9920b2bd292de61c7927b00aa67b5cad751dd660dc3e6f:77)
	at uc0.a(r8-map-id-fc73651334f76fbacb9920b2bd292de61c7927b00aa67b5cad751dd660dc3e6f:455)
	at sf5.b(r8-map-id-fc73651334f76fbacb9920b2bd292de61c7927b00aa67b5cad751dd660dc3e6f:104)
	at uc0.a(r8-map-id-fc73651334f76fbacb9920b2bd292de61c7927b00aa67b5cad751dd660dc3e6f:151)
	at sf5.b(r8-map-id-fc73651334f76fbacb9920b2bd292de61c7927b00aa67b5cad751dd660dc3e6f:104)
	at b70.a(r8-map-id-fc73651334f76fbacb9920b2bd292de61c7927b00aa67b5cad751dd660dc3e6f:586)
	at sf5.b(r8-map-id-fc73651334f76fbacb9920b2bd292de61c7927b00aa67b5cad751dd660dc3e6f:104)
	at b70.a(r8-map-id-fc73651334f76fbacb9920b2bd292de61c7927b00aa67b5cad751dd660dc3e6f:215)
	at sf5.b(r8-map-id-fc73651334f76fbacb9920b2bd292de61c7927b00aa67b5cad751dd660dc3e6f:104)
	at jf5.g(r8-map-id-fc73651334f76fbacb9920b2bd292de61c7927b00aa67b5cad751dd660dc3e6f:92)
	at gf5.run(r8-map-id-fc73651334f76fbacb9920b2bd292de61c7927b00aa67b5cad751dd660dc3e6f:42)
	at java.util.concurrent.ThreadPoolExecutor.runWorker(ThreadPoolExecutor.java:1154)
	at java.util.concurrent.ThreadPoolExecutor$Worker.run(ThreadPoolExecutor.java:652)
	at java.lang.Thread.run(Thread.java:1564)
Caused by: android.system.GaiException: android_getaddrinfo failed: EAI_NODATA (No address associated with hostname)
	at libcore.io.Linux.android_getaddrinfo(Native Method)
	at libcore.io.ForwardingOs.android_getaddrinfo(ForwardingOs.java:134)
	at libcore.io.BlockGuardOs.android_getaddrinfo(BlockGuardOs.java:222)
	at libcore.io.ForwardingOs.android_getaddrinfo(ForwardingOs.java:134)
	at java.net.Inet6AddressImpl.lookupHostByName(Inet6AddressImpl.java:135)
	... 18 more

2026-04-07T15:33:23.345624Z Warn: WebSocket disconnected, retrying in 5000ms
2026-04-07T15:33:28.376454Z Info: Delay completed, reconnecting...
2026-04-07T15:33:28.381055Z Info: Connecting to WebSocket at wss://michael.seifert.page/api/apps/v1/notify/ws
2026-04-07T15:33:28.411278Z Error: WebSocket connect failed Unable to resolve host "michael.seifert.page": No address associated with hostname
java.net.UnknownHostException: Unable to resolve host "michael.seifert.page": No address associated with hostname
	at java.net.Inet6AddressImpl.lookupHostByName(Inet6AddressImpl.java:156)
	at java.net.Inet6AddressImpl.lookupAllHostAddr(Inet6AddressImpl.java:103)
	at java.net.InetAddress.getAllByName(InetAddress.java:1152)
	at wf5.b(r8-map-id-fc73651334f76fbacb9920b2bd292de61c7927b00aa67b5cad751dd660dc3e6f:393)
	at m92.d(r8-map-id-fc73651334f76fbacb9920b2bd292de61c7927b00aa67b5cad751dd660dc3e6f:12)
	at m92.a(r8-map-id-fc73651334f76fbacb9920b2bd292de61c7927b00aa67b5cad751dd660dc3e6f:77)
	at uc0.a(r8-map-id-fc73651334f76fbacb9920b2bd292de61c7927b00aa67b5cad751dd660dc3e6f:455)
	at sf5.b(r8-map-id-fc73651334f76fbacb9920b2bd292de61c7927b00aa67b5cad751dd660dc3e6f:104)
	at uc0.a(r8-map-id-fc73651334f76fbacb9920b2bd292de61c7927b00aa67b5cad751dd660dc3e6f:151)
	at sf5.b(r8-map-id-fc73651334f76fbacb9920b2bd292de61c7927b00aa67b5cad751dd660dc3e6f:104)
	at b70.a(r8-map-id-fc73651334f76fbacb9920b2bd292de61c7927b00aa67b5cad751dd660dc3e6f:586)
	at sf5.b(r8-map-id-fc73651334f76fbacb9920b2bd292de61c7927b00aa67b5cad751dd660dc3e6f:104)
	at b70.a(r8-map-id-fc73651334f76fbacb9920b2bd292de61c7927b00aa67b5cad751dd660dc3e6f:215)
	at sf5.b(r8-map-id-fc73651334f76fbacb9920b2bd292de61c7927b00aa67b5cad751dd660dc3e6f:104)
	at jf5.g(r8-map-id-fc73651334f76fbacb9920b2bd292de61c7927b00aa67b5cad751dd660dc3e6f:92)
	at gf5.run(r8-map-id-fc73651334f76fbacb9920b2bd292de61c7927b00aa67b5cad751dd660dc3e6f:42)
	at java.util.concurrent.ThreadPoolExecutor.runWorker(ThreadPoolExecutor.java:1154)
	at java.util.concurrent.ThreadPoolExecutor$Worker.run(ThreadPoolExecutor.java:652)
	at java.lang.Thread.run(Thread.java:1564)
Caused by: android.system.GaiException: android_getaddrinfo failed: EAI_NODATA (No address associated with hostname)
	at libcore.io.Linux.android_getaddrinfo(Native Method)
	at libcore.io.ForwardingOs.android_getaddrinfo(ForwardingOs.java:134)
	at libcore.io.BlockGuardOs.android_getaddrinfo(BlockGuardOs.java:222)
	at libcore.io.ForwardingOs.android_getaddrinfo(ForwardingOs.java:134)
	at java.net.Inet6AddressImpl.lookupHostByName(Inet6AddressImpl.java:135)
	... 18 more

2026-04-07T15:33:28.414617Z Warn: WebSocket disconnected, retrying in 5000ms
2026-04-07T15:33:34.021563Z Info: Delay completed, reconnecting...
2026-04-07T15:33:34.024031Z Info: Connecting to WebSocket at wss://michael.seifert.page/api/apps/v1/notify/ws
2026-04-07T15:33:34.052554Z Error: WebSocket connect failed Unable to resolve host "michael.seifert.page": No address associated with hostname
java.net.UnknownHostException: Unable to resolve host "michael.seifert.page": No address associated with hostname
	at java.net.Inet6AddressImpl.lookupHostByName(Inet6AddressImpl.java:156)
	at java.net.Inet6AddressImpl.lookupAllHostAddr(Inet6AddressImpl.java:103)
	at java.net.InetAddress.getAllByName(InetAddress.java:1152)
	at wf5.b(r8-map-id-fc73651334f76fbacb9920b2bd292de61c7927b00aa67b5cad751dd660dc3e6f:393)
	at m92.d(r8-map-id-fc73651334f76fbacb9920b2bd292de61c7927b00aa67b5cad751dd660dc3e6f:12)
	at m92.a(r8-map-id-fc73651334f76fbacb9920b2bd292de61c7927b00aa67b5cad751dd660dc3e6f:77)
	at uc0.a(r8-map-id-fc73651334f76fbacb9920b2bd292de61c7927b00aa67b5cad751dd660dc3e6f:455)
	at sf5.b(r8-map-id-fc73651334f76fbacb9920b2bd292de61c7927b00aa67b5cad751dd660dc3e6f:104)
	at uc0.a(r8-map-id-fc73651334f76fbacb9920b2bd292de61c7927b00aa67b5cad751dd660dc3e6f:151)
	at sf5.b(r8-map-id-fc73651334f76fbacb9920b2bd292de61c7927b00aa67b5cad751dd660dc3e6f:104)
	at b70.a(r8-map-id-fc73651334f76fbacb9920b2bd292de61c7927b00aa67b5cad751dd660dc3e6f:586)
	at sf5.b(r8-map-id-fc73651334f76fbacb9920b2bd292de61c7927b00aa67b5cad751dd660dc3e6f:104)
	at b70.a(r8-map-id-fc73651334f76fbacb9920b2bd292de61c7927b00aa67b5cad751dd660dc3e6f:215)
	at sf5.b(r8-map-id-fc73651334f76fbacb9920b2bd292de61c7927b00aa67b5cad751dd660dc3e6f:104)
	at jf5.g(r8-map-id-fc73651334f76fbacb9920b2bd292de61c7927b00aa67b5cad751dd660dc3e6f:92)
	at gf5.run(r8-map-id-fc73651334f76fbacb9920b2bd292de61c7927b00aa67b5cad751dd660dc3e6f:42)
	at java.util.concurrent.ThreadPoolExecutor.runWorker(ThreadPoolExecutor.java:1154)
	at java.util.concurrent.ThreadPoolExecutor$Worker.run(ThreadPoolExecutor.java:652)
	at java.lang.Thread.run(Thread.java:1564)
Caused by: android.system.GaiException: android_getaddrinfo failed: EAI_NODATA (No address associated with hostname)
	at libcore.io.Linux.android_getaddrinfo(Native Method)
	at libcore.io.ForwardingOs.android_getaddrinfo(ForwardingOs.java:134)
	at libcore.io.BlockGuardOs.android_getaddrinfo(BlockGuardOs.java:222)
	at libcore.io.ForwardingOs.android_getaddrinfo(ForwardingOs.java:134)
	at java.net.Inet6AddressImpl.lookupHostByName(Inet6AddressImpl.java:135)
	... 18 more

2026-04-07T15:33:34.055649Z Warn: WebSocket disconnected, retrying in 5000ms
2026-04-07T15:33:39.763539Z Info: Delay completed, reconnecting...
2026-04-07T15:33:39.769029Z Info: Connecting to WebSocket at wss://michael.seifert.page/api/apps/v1/notify/ws
2026-04-07T15:33:39.802554Z Error: WebSocket connect failed Unable to resolve host "michael.seifert.page": No address associated with hostname
java.net.UnknownHostException: Unable to resolve host "michael.seifert.page": No address associated with hostname
	at java.net.Inet6AddressImpl.lookupHostByName(Inet6AddressImpl.java:156)
	at java.net.Inet6AddressImpl.lookupAllHostAddr(Inet6AddressImpl.java:103)
	at java.net.InetAddress.getAllByName(InetAddress.java:1152)
	at wf5.b(r8-map-id-fc73651334f76fbacb9920b2bd292de61c7927b00aa67b5cad751dd660dc3e6f:393)
	at m92.d(r8-map-id-fc73651334f76fbacb9920b2bd292de61c7927b00aa67b5cad751dd660dc3e6f:12)
	at m92.a(r8-map-id-fc73651334f76fbacb9920b2bd292de61c7927b00aa67b5cad751dd660dc3e6f:77)
	at uc0.a(r8-map-id-fc73651334f76fbacb9920b2bd292de61c7927b00aa67b5cad751dd660dc3e6f:455)
	at sf5.b(r8-map-id-fc73651334f76fbacb9920b2bd292de61c7927b00aa67b5cad751dd660dc3e6f:104)
	at uc0.a(r8-map-id-fc73651334f76fbacb9920b2bd292de61c7927b00aa67b5cad751dd660dc3e6f:151)
	at sf5.b(r8-map-id-fc73651334f76fbacb9920b2bd292de61c7927b00aa67b5cad751dd660dc3e6f:104)
	at b70.a(r8-map-id-fc73651334f76fbacb9920b2bd292de61c7927b00aa67b5cad751dd660dc3e6f:586)
	at sf5.b(r8-map-id-fc73651334f76fbacb9920b2bd292de61c7927b00aa67b5cad751dd660dc3e6f:104)
	at b70.a(r8-map-id-fc73651334f76fbacb9920b2bd292de61c7927b00aa67b5cad751dd660dc3e6f:215)
	at sf5.b(r8-map-id-fc73651334f76fbacb9920b2bd292de61c7927b00aa67b5cad751dd660dc3e6f:104)
	at jf5.g(r8-map-id-fc73651334f76fbacb9920b2bd292de61c7927b00aa67b5cad751dd660dc3e6f:92)
	at gf5.run(r8-map-id-fc73651334f76fbacb9920b2bd292de61c7927b00aa67b5cad751dd660dc3e6f:42)
	at java.util.concurrent.ThreadPoolExecutor.runWorker(ThreadPoolExecutor.java:1154)
	at java.util.concurrent.ThreadPoolExecutor$Worker.run(ThreadPoolExecutor.java:652)
	at java.lang.Thread.run(Thread.java:1564)
Caused by: android.system.GaiException: android_getaddrinfo failed: EAI_NODATA (No address associated with hostname)
	at libcore.io.Linux.android_getaddrinfo(Native Method)
	at libcore.io.ForwardingOs.android_getaddrinfo(ForwardingOs.java:134)
	at libcore.io.BlockGuardOs.android_getaddrinfo(BlockGuardOs.java:222)
	at libcore.io.ForwardingOs.android_getaddrinfo(ForwardingOs.java:134)
	at java.net.Inet6AddressImpl.lookupHostByName(Inet6AddressImpl.java:135)
	... 18 more

2026-04-07T15:33:39.807869Z Warn: WebSocket disconnected, retrying in 5000ms
2026-04-07T15:33:44.314616Z Info: Delay completed, reconnecting...
2026-04-07T15:33:44.321902Z Info: Connecting to WebSocket at wss://michael.seifert.page/api/apps/v1/notify/ws
2026-04-07T15:33:44.346057Z Error: WebSocket connect failed Unable to resolve host "michael.seifert.page": No address associated with hostname
java.net.UnknownHostException: Unable to resolve host "michael.seifert.page": No address associated with hostname
	at java.net.Inet6AddressImpl.lookupHostByName(Inet6AddressImpl.java:156)
	at java.net.Inet6AddressImpl.lookupAllHostAddr(Inet6AddressImpl.java:103)
	at java.net.InetAddress.getAllByName(InetAddress.java:1152)
	at wf5.b(r8-map-id-fc73651334f76fbacb9920b2bd292de61c7927b00aa67b5cad751dd660dc3e6f:393)
	at m92.d(r8-map-id-fc73651334f76fbacb9920b2bd292de61c7927b00aa67b5cad751dd660dc3e6f:12)
	at m92.a(r8-map-id-fc73651334f76fbacb9920b2bd292de61c7927b00aa67b5cad751dd660dc3e6f:77)
	at uc0.a(r8-map-id-fc73651334f76fbacb9920b2bd292de61c7927b00aa67b5cad751dd660dc3e6f:455)
	at sf5.b(r8-map-id-fc73651334f76fbacb9920b2bd292de61c7927b00aa67b5cad751dd660dc3e6f:104)
	at uc0.a(r8-map-id-fc73651334f76fbacb9920b2bd292de61c7927b00aa67b5cad751dd660dc3e6f:151)
	at sf5.b(r8-map-id-fc73651334f76fbacb9920b2bd292de61c7927b00aa67b5cad751dd660dc3e6f:104)
	at b70.a(r8-map-id-fc73651334f76fbacb9920b2bd292de61c7927b00aa67b5cad751dd660dc3e6f:586)
	at sf5.b(r8-map-id-fc73651334f76fbacb9920b2bd292de61c7927b00aa67b5cad751dd660dc3e6f:104)
	at b70.a(r8-map-id-fc73651334f76fbacb9920b2bd292de61c7927b00aa67b5cad751dd660dc3e6f:215)
	at sf5.b(r8-map-id-fc73651334f76fbacb9920b2bd292de61c7927b00aa67b5cad751dd660dc3e6f:104)
	at jf5.g(r8-map-id-fc73651334f76fbacb9920b2bd292de61c7927b00aa67b5cad751dd660dc3e6f:92)
	at gf5.run(r8-map-id-fc73651334f76fbacb9920b2bd292de61c7927b00aa67b5cad751dd660dc3e6f:42)
	at java.util.concurrent.ThreadPoolExecutor.runWorker(ThreadPoolExecutor.java:1154)
	at java.util.concurrent.ThreadPoolExecutor$Worker.run(ThreadPoolExecutor.java:652)
	at java.lang.Thread.run(Thread.java:1564)
Caused by: android.system.GaiException: android_getaddrinfo failed: EAI_NODATA (No address associated with hostname)
	at libcore.io.Linux.android_getaddrinfo(Native Method)
	at libcore.io.ForwardingOs.android_getaddrinfo(ForwardingOs.java:134)
	at libcore.io.BlockGuardOs.android_getaddrinfo(BlockGuardOs.java:222)
	at libcore.io.ForwardingOs.android_getaddrinfo(ForwardingOs.java:134)
	at java.net.Inet6AddressImpl.lookupHostByName(Inet6AddressImpl.java:135)
	... 18 more

2026-04-07T15:33:44.349416Z Warn: WebSocket disconnected, retrying in 5000ms
2026-04-07T15:33:49.01694Z Info: Delay completed, reconnecting...
2026-04-07T15:33:49.021082Z Info: Connecting to WebSocket at wss://michael.seifert.page/api/apps/v1/notify/ws
2026-04-07T15:33:49.052806Z Error: WebSocket connect failed Unable to resolve host "michael.seifert.page": No address associated with hostname
java.net.UnknownHostException: Unable to resolve host "michael.seifert.page": No address associated with hostname
	at java.net.Inet6AddressImpl.lookupHostByName(Inet6AddressImpl.java:156)
	at java.net.Inet6AddressImpl.lookupAllHostAddr(Inet6AddressImpl.java:103)
	at java.net.InetAddress.getAllByName(InetAddress.java:1152)
	at wf5.b(r8-map-id-fc73651334f76fbacb9920b2bd292de61c7927b00aa67b5cad751dd660dc3e6f:393)
	at m92.d(r8-map-id-fc73651334f76fbacb9920b2bd292de61c7927b00aa67b5cad751dd660dc3e6f:12)
	at m92.a(r8-map-id-fc73651334f76fbacb9920b2bd292de61c7927b00aa67b5cad751dd660dc3e6f:77)
	at uc0.a(r8-map-id-fc73651334f76fbacb9920b2bd292de61c7927b00aa67b5cad751dd660dc3e6f:455)
	at sf5.b(r8-map-id-fc73651334f76fbacb9920b2bd292de61c7927b00aa67b5cad751dd660dc3e6f:104)
	at uc0.a(r8-map-id-fc73651334f76fbacb9920b2bd292de61c7927b00aa67b5cad751dd660dc3e6f:151)
	at sf5.b(r8-map-id-fc73651334f76fbacb9920b2bd292de61c7927b00aa67b5cad751dd660dc3e6f:104)
	at b70.a(r8-map-id-fc73651334f76fbacb9920b2bd292de61c7927b00aa67b5cad751dd660dc3e6f:586)
	at sf5.b(r8-map-id-fc73651334f76fbacb9920b2bd292de61c7927b00aa67b5cad751dd660dc3e6f:104)
	at b70.a(r8-map-id-fc73651334f76fbacb9920b2bd292de61c7927b00aa67b5cad751dd660dc3e6f:215)
	at sf5.b(r8-map-id-fc73651334f76fbacb9920b2bd292de61c7927b00aa67b5cad751dd660dc3e6f:104)
	at jf5.g(r8-map-id-fc73651334f76fbacb9920b2bd292de61c7927b00aa67b5cad751dd660dc3e6f:92)
	at gf5.run(r8-map-id-fc73651334f76fbacb9920b2bd292de61c7927b00aa67b5cad751dd660dc3e6f:42)
	at java.util.concurrent.ThreadPoolExecutor.runWorker(ThreadPoolExecutor.java:1154)
	at java.util.concurrent.ThreadPoolExecutor$Worker.run(ThreadPoolExecutor.java:652)
	at java.lang.Thread.run(Thread.java:1564)
Caused by: android.system.GaiException: android_getaddrinfo failed: EAI_NODATA (No address associated with hostname)
	at libcore.io.Linux.android_getaddrinfo(Native Method)
	at libcore.io.ForwardingOs.android_getaddrinfo(ForwardingOs.java:134)
	at libcore.io.BlockGuardOs.android_getaddrinfo(BlockGuardOs.java:222)
	at libcore.io.ForwardingOs.android_getaddrinfo(ForwardingOs.java:134)
	at java.net.Inet6AddressImpl.lookupHostByName(Inet6AddressImpl.java:135)
	... 18 more

2026-04-07T15:33:49.057097Z Warn: WebSocket disconnected, retrying in 5000ms
2026-04-07T15:33:54.012086Z Info: Delay completed, reconnecting...
2026-04-07T15:33:54.022475Z Info: Connecting to WebSocket at wss://michael.seifert.page/api/apps/v1/notify/ws
2026-04-07T15:33:54.046501Z Error: WebSocket connect failed Unable to resolve host "michael.seifert.page": No address associated with hostname
java.net.UnknownHostException: Unable to resolve host "michael.seifert.page": No address associated with hostname
	at java.net.Inet6AddressImpl.lookupHostByName(Inet6AddressImpl.java:156)
	at java.net.Inet6AddressImpl.lookupAllHostAddr(Inet6AddressImpl.java:103)
	at java.net.InetAddress.getAllByName(InetAddress.java:1152)
	at wf5.b(r8-map-id-fc73651334f76fbacb9920b2bd292de61c7927b00aa67b5cad751dd660dc3e6f:393)
	at m92.d(r8-map-id-fc73651334f76fbacb9920b2bd292de61c7927b00aa67b5cad751dd660dc3e6f:12)
	at m92.a(r8-map-id-fc73651334f76fbacb9920b2bd292de61c7927b00aa67b5cad751dd660dc3e6f:77)
	at uc0.a(r8-map-id-fc73651334f76fbacb9920b2bd292de61c7927b00aa67b5cad751dd660dc3e6f:455)
	at sf5.b(r8-map-id-fc73651334f76fbacb9920b2bd292de61c7927b00aa67b5cad751dd660dc3e6f:104)
	at uc0.a(r8-map-id-fc73651334f76fbacb9920b2bd292de61c7927b00aa67b5cad751dd660dc3e6f:151)
	at sf5.b(r8-map-id-fc73651334f76fbacb9920b2bd292de61c7927b00aa67b5cad751dd660dc3e6f:104)
	at b70.a(r8-map-id-fc73651334f76fbacb9920b2bd292de61c7927b00aa67b5cad751dd660dc3e6f:586)
	at sf5.b(r8-map-id-fc73651334f76fbacb9920b2bd292de61c7927b00aa67b5cad751dd660dc3e6f:104)
	at b70.a(r8-map-id-fc73651334f76fbacb9920b2bd292de61c7927b00aa67b5cad751dd660dc3e6f:215)
	at sf5.b(r8-map-id-fc73651334f76fbacb9920b2bd292de61c7927b00aa67b5cad751dd660dc3e6f:104)
	at jf5.g(r8-map-id-fc73651334f76fbacb9920b2bd292de61c7927b00aa67b5cad751dd660dc3e6f:92)
	at gf5.run(r8-map-id-fc73651334f76fbacb9920b2bd292de61c7927b00aa67b5cad751dd660dc3e6f:42)
	at java.util.concurrent.ThreadPoolExecutor.runWorker(ThreadPoolExecutor.java:1154)
	at java.util.concurrent.ThreadPoolExecutor$Worker.run(ThreadPoolExecutor.java:652)
	at java.lang.Thread.run(Thread.java:1564)
Caused by: android.system.GaiException: android_getaddrinfo failed: EAI_NODATA (No address associated with hostname)
	at libcore.io.Linux.android_getaddrinfo(Native Method)
	at libcore.io.ForwardingOs.android_getaddrinfo(ForwardingOs.java:134)
	at libcore.io.BlockGuardOs.android_getaddrinfo(BlockGuardOs.java:222)
	at libcore.io.ForwardingOs.android_getaddrinfo(ForwardingOs.java:134)
	at java.net.Inet6AddressImpl.lookupHostByName(Inet6AddressImpl.java:135)
	... 18 more

2026-04-07T15:33:54.050963Z Warn: WebSocket disconnected, retrying in 5000ms
2026-04-07T15:33:58.790001Z Info: Delay completed, reconnecting...
2026-04-07T15:33:58.809693Z Info: Connecting to WebSocket at wss://michael.seifert.page/api/apps/v1/notify/ws
2026-04-07T15:33:58.834715Z Error: WebSocket connect failed Unable to resolve host "michael.seifert.page": No address associated with hostname
java.net.UnknownHostException: Unable to resolve host "michael.seifert.page": No address associated with hostname
	at java.net.Inet6AddressImpl.lookupHostByName(Inet6AddressImpl.java:156)
	at java.net.Inet6AddressImpl.lookupAllHostAddr(Inet6AddressImpl.java:103)
	at java.net.InetAddress.getAllByName(InetAddress.java:1152)
	at wf5.b(r8-map-id-fc73651334f76fbacb9920b2bd292de61c7927b00aa67b5cad751dd660dc3e6f:393)
	at m92.d(r8-map-id-fc73651334f76fbacb9920b2bd292de61c7927b00aa67b5cad751dd660dc3e6f:12)
	at m92.a(r8-map-id-fc73651334f76fbacb9920b2bd292de61c7927b00aa67b5cad751dd660dc3e6f:77)
	at uc0.a(r8-map-id-fc73651334f76fbacb9920b2bd292de61c7927b00aa67b5cad751dd660dc3e6f:455)
	at sf5.b(r8-map-id-fc73651334f76fbacb9920b2bd292de61c7927b00aa67b5cad751dd660dc3e6f:104)
	at uc0.a(r8-map-id-fc73651334f76fbacb9920b2bd292de61c7927b00aa67b5cad751dd660dc3e6f:151)
	at sf5.b(r8-map-id-fc73651334f76fbacb9920b2bd292de61c7927b00aa67b5cad751dd660dc3e6f:104)
	at b70.a(r8-map-id-fc73651334f76fbacb9920b2bd292de61c7927b00aa67b5cad751dd660dc3e6f:586)
	at sf5.b(r8-map-id-fc73651334f76fbacb9920b2bd292de61c7927b00aa67b5cad751dd660dc3e6f:104)
	at b70.a(r8-map-id-fc73651334f76fbacb9920b2bd292de61c7927b00aa67b5cad751dd660dc3e6f:215)
	at sf5.b(r8-map-id-fc73651334f76fbacb9920b2bd292de61c7927b00aa67b5cad751dd660dc3e6f:104)
	at jf5.g(r8-map-id-fc73651334f76fbacb9920b2bd292de61c7927b00aa67b5cad751dd660dc3e6f:92)
	at gf5.run(r8-map-id-fc73651334f76fbacb9920b2bd292de61c7927b00aa67b5cad751dd660dc3e6f:42)
	at java.util.concurrent.ThreadPoolExecutor.runWorker(ThreadPoolExecutor.java:1154)
	at java.util.concurrent.ThreadPoolExecutor$Worker.run(ThreadPoolExecutor.java:652)
	at java.lang.Thread.run(Thread.java:1564)
Caused by: android.system.GaiException: android_getaddrinfo failed: EAI_NODATA (No address associated with hostname)
	at libcore.io.Linux.android_getaddrinfo(Native Method)
	at libcore.io.ForwardingOs.android_getaddrinfo(ForwardingOs.java:134)
	at libcore.io.BlockGuardOs.android_getaddrinfo(BlockGuardOs.java:222)
	at libcore.io.ForwardingOs.android_getaddrinfo(ForwardingOs.java:134)
	at java.net.Inet6AddressImpl.lookupHostByName(Inet6AddressImpl.java:135)
	... 18 more

2026-04-07T15:33:58.841664Z Warn: WebSocket disconnected, retrying in 5000ms
2026-04-07T15:34:04.447286Z Info: Delay completed, reconnecting...
2026-04-07T15:34:04.467248Z Info: Connecting to WebSocket at wss://michael.seifert.page/api/apps/v1/notify/ws
2026-04-07T15:34:04.490934Z Error: WebSocket connect failed Unable to resolve host "michael.seifert.page": No address associated with hostname
java.net.UnknownHostException: Unable to resolve host "michael.seifert.page": No address associated with hostname
	at java.net.Inet6AddressImpl.lookupHostByName(Inet6AddressImpl.java:156)
	at java.net.Inet6AddressImpl.lookupAllHostAddr(Inet6AddressImpl.java:103)
	at java.net.InetAddress.getAllByName(InetAddress.java:1152)
	at wf5.b(r8-map-id-fc73651334f76fbacb9920b2bd292de61c7927b00aa67b5cad751dd660dc3e6f:393)
	at m92.d(r8-map-id-fc73651334f76fbacb9920b2bd292de61c7927b00aa67b5cad751dd660dc3e6f:12)
	at m92.a(r8-map-id-fc73651334f76fbacb9920b2bd292de61c7927b00aa67b5cad751dd660dc3e6f:77)
	at uc0.a(r8-map-id-fc73651334f76fbacb9920b2bd292de61c7927b00aa67b5cad751dd660dc3e6f:455)
	at sf5.b(r8-map-id-fc73651334f76fbacb9920b2bd292de61c7927b00aa67b5cad751dd660dc3e6f:104)
	at uc0.a(r8-map-id-fc73651334f76fbacb9920b2bd292de61c7927b00aa67b5cad751dd660dc3e6f:151)
	at sf5.b(r8-map-id-fc73651334f76fbacb9920b2bd292de61c7927b00aa67b5cad751dd660dc3e6f:104)
	at b70.a(r8-map-id-fc73651334f76fbacb9920b2bd292de61c7927b00aa67b5cad751dd660dc3e6f:586)
	at sf5.b(r8-map-id-fc73651334f76fbacb9920b2bd292de61c7927b00aa67b5cad751dd660dc3e6f:104)
	at b70.a(r8-map-id-fc73651334f76fbacb9920b2bd292de61c7927b00aa67b5cad751dd660dc3e6f:215)
	at sf5.b(r8-map-id-fc73651334f76fbacb9920b2bd292de61c7927b00aa67b5cad751dd660dc3e6f:104)
	at jf5.g(r8-map-id-fc73651334f76fbacb9920b2bd292de61c7927b00aa67b5cad751dd660dc3e6f:92)
	at gf5.run(r8-map-id-fc73651334f76fbacb9920b2bd292de61c7927b00aa67b5cad751dd660dc3e6f:42)
	at java.util.concurrent.ThreadPoolExecutor.runWorker(ThreadPoolExecutor.java:1154)
	at java.util.concurrent.ThreadPoolExecutor$Worker.run(ThreadPoolExecutor.java:652)
	at java.lang.Thread.run(Thread.java:1564)
Caused by: android.system.GaiException: android_getaddrinfo failed: EAI_NODATA (No address associated with hostname)
	at libcore.io.Linux.android_getaddrinfo(Native Method)
	at libcore.io.ForwardingOs.android_getaddrinfo(ForwardingOs.java:134)
	at libcore.io.BlockGuardOs.android_getaddrinfo(BlockGuardOs.java:222)
	at libcore.io.ForwardingOs.android_getaddrinfo(ForwardingOs.java:134)
	at java.net.Inet6AddressImpl.lookupHostByName(Inet6AddressImpl.java:135)
	... 18 more

2026-04-07T15:34:04.494546Z Warn: WebSocket disconnected, retrying in 5000ms
2026-04-07T15:34:09.439819Z Info: Delay completed, reconnecting...
2026-04-07T15:34:09.442647Z Info: Connecting to WebSocket at wss://michael.seifert.page/api/apps/v1/notify/ws
2026-04-07T15:34:09.466396Z Error: WebSocket connect failed Unable to resolve host "michael.seifert.page": No address associated with hostname
java.net.UnknownHostException: Unable to resolve host "michael.seifert.page": No address associated with hostname
	at java.net.Inet6AddressImpl.lookupHostByName(Inet6AddressImpl.java:156)
	at java.net.Inet6AddressImpl.lookupAllHostAddr(Inet6AddressImpl.java:103)
	at java.net.InetAddress.getAllByName(InetAddress.java:1152)
	at wf5.b(r8-map-id-fc73651334f76fbacb9920b2bd292de61c7927b00aa67b5cad751dd660dc3e6f:393)
	at m92.d(r8-map-id-fc73651334f76fbacb9920b2bd292de61c7927b00aa67b5cad751dd660dc3e6f:12)
	at m92.a(r8-map-id-fc73651334f76fbacb9920b2bd292de61c7927b00aa67b5cad751dd660dc3e6f:77)
	at uc0.a(r8-map-id-fc73651334f76fbacb9920b2bd292de61c7927b00aa67b5cad751dd660dc3e6f:455)
	at sf5.b(r8-map-id-fc73651334f76fbacb9920b2bd292de61c7927b00aa67b5cad751dd660dc3e6f:104)
	at uc0.a(r8-map-id-fc73651334f76fbacb9920b2bd292de61c7927b00aa67b5cad751dd660dc3e6f:151)
	at sf5.b(r8-map-id-fc73651334f76fbacb9920b2bd292de61c7927b00aa67b5cad751dd660dc3e6f:104)
	at b70.a(r8-map-id-fc73651334f76fbacb9920b2bd292de61c7927b00aa67b5cad751dd660dc3e6f:586)
	at sf5.b(r8-map-id-fc73651334f76fbacb9920b2bd292de61c7927b00aa67b5cad751dd660dc3e6f:104)
	at b70.a(r8-map-id-fc73651334f76fbacb9920b2bd292de61c7927b00aa67b5cad751dd660dc3e6f:215)
	at sf5.b(r8-map-id-fc73651334f76fbacb9920b2bd292de61c7927b00aa67b5cad751dd660dc3e6f:104)
	at jf5.g(r8-map-id-fc73651334f76fbacb9920b2bd292de61c7927b00aa67b5cad751dd660dc3e6f:92)
	at gf5.run(r8-map-id-fc73651334f76fbacb9920b2bd292de61c7927b00aa67b5cad751dd660dc3e6f:42)
	at java.util.concurrent.ThreadPoolExecutor.runWorker(ThreadPoolExecutor.java:1154)
	at java.util.concurrent.ThreadPoolExecutor$Worker.run(ThreadPoolExecutor.java:652)
	at java.lang.Thread.run(Thread.java:1564)
Caused by: android.system.GaiException: android_getaddrinfo failed: EAI_NODATA (No address associated with hostname)
	at libcore.io.Linux.android_getaddrinfo(Native Method)
	at libcore.io.ForwardingOs.android_getaddrinfo(ForwardingOs.java:134)
	at libcore.io.BlockGuardOs.android_getaddrinfo(BlockGuardOs.java:222)
	at libcore.io.ForwardingOs.android_getaddrinfo(ForwardingOs.java:134)
	at java.net.Inet6AddressImpl.lookupHostByName(Inet6AddressImpl.java:135)
	... 18 more

2026-04-07T15:34:09.469836Z Warn: WebSocket disconnected, retrying in 5000ms
2026-04-07T15:34:14.047696Z Info: Delay completed, reconnecting...
2026-04-07T15:34:14.056283Z Info: Connecting to WebSocket at wss://michael.seifert.page/api/apps/v1/notify/ws
2026-04-07T15:34:14.089386Z Error: WebSocket connect failed Unable to resolve host "michael.seifert.page": No address associated with hostname
java.net.UnknownHostException: Unable to resolve host "michael.seifert.page": No address associated with hostname
	at java.net.Inet6AddressImpl.lookupHostByName(Inet6AddressImpl.java:156)
	at java.net.Inet6AddressImpl.lookupAllHostAddr(Inet6AddressImpl.java:103)
	at java.net.InetAddress.getAllByName(InetAddress.java:1152)
	at wf5.b(r8-map-id-fc73651334f76fbacb9920b2bd292de61c7927b00aa67b5cad751dd660dc3e6f:393)
	at m92.d(r8-map-id-fc73651334f76fbacb9920b2bd292de61c7927b00aa67b5cad751dd660dc3e6f:12)
	at m92.a(r8-map-id-fc73651334f76fbacb9920b2bd292de61c7927b00aa67b5cad751dd660dc3e6f:77)
	at uc0.a(r8-map-id-fc73651334f76fbacb9920b2bd292de61c7927b00aa67b5cad751dd660dc3e6f:455)
	at sf5.b(r8-map-id-fc73651334f76fbacb9920b2bd292de61c7927b00aa67b5cad751dd660dc3e6f:104)
	at uc0.a(r8-map-id-fc73651334f76fbacb9920b2bd292de61c7927b00aa67b5cad751dd660dc3e6f:151)
	at sf5.b(r8-map-id-fc73651334f76fbacb9920b2bd292de61c7927b00aa67b5cad751dd660dc3e6f:104)
	at b70.a(r8-map-id-fc73651334f76fbacb9920b2bd292de61c7927b00aa67b5cad751dd660dc3e6f:586)
	at sf5.b(r8-map-id-fc73651334f76fbacb9920b2bd292de61c7927b00aa67b5cad751dd660dc3e6f:104)
	at b70.a(r8-map-id-fc73651334f76fbacb9920b2bd292de61c7927b00aa67b5cad751dd660dc3e6f:215)
	at sf5.b(r8-map-id-fc73651334f76fbacb9920b2bd292de61c7927b00aa67b5cad751dd660dc3e6f:104)
	at jf5.g(r8-map-id-fc73651334f76fbacb9920b2bd292de61c7927b00aa67b5cad751dd660dc3e6f:92)
	at gf5.run(r8-map-id-fc73651334f76fbacb9920b2bd292de61c7927b00aa67b5cad751dd660dc3e6f:42)
	at java.util.concurrent.ThreadPoolExecutor.runWorker(ThreadPoolExecutor.java:1154)
	at java.util.concurrent.ThreadPoolExecutor$Worker.run(ThreadPoolExecutor.java:652)
	at java.lang.Thread.run(Thread.java:1564)
Caused by: android.system.GaiException: android_getaddrinfo failed: EAI_NODATA (No address associated with hostname)
	at libcore.io.Linux.android_getaddrinfo(Native Method)
	at libcore.io.ForwardingOs.android_getaddrinfo(ForwardingOs.java:134)
	at libcore.io.BlockGuardOs.android_getaddrinfo(BlockGuardOs.java:222)
	at libcore.io.ForwardingOs.android_getaddrinfo(ForwardingOs.java:134)
	at java.net.Inet6AddressImpl.lookupHostByName(Inet6AddressImpl.java:135)
	... 18 more

2026-04-07T15:34:14.092505Z Warn: WebSocket disconnected, retrying in 5000ms
2026-04-07T15:34:18.368009Z Info: Delay completed, reconnecting...
2026-04-07T15:34:18.385733Z Info: Connecting to WebSocket at wss://michael.seifert.page/api/apps/v1/notify/ws
2026-04-07T15:34:18.410949Z Error: WebSocket connect failed Unable to resolve host "michael.seifert.page": No address associated with hostname
java.net.UnknownHostException: Unable to resolve host "michael.seifert.page": No address associated with hostname
	at java.net.Inet6AddressImpl.lookupHostByName(Inet6AddressImpl.java:156)
	at java.net.Inet6AddressImpl.lookupAllHostAddr(Inet6AddressImpl.java:103)
	at java.net.InetAddress.getAllByName(InetAddress.java:1152)
	at wf5.b(r8-map-id-fc73651334f76fbacb9920b2bd292de61c7927b00aa67b5cad751dd660dc3e6f:393)
	at m92.d(r8-map-id-fc73651334f76fbacb9920b2bd292de61c7927b00aa67b5cad751dd660dc3e6f:12)
	at m92.a(r8-map-id-fc73651334f76fbacb9920b2bd292de61c7927b00aa67b5cad751dd660dc3e6f:77)
	at uc0.a(r8-map-id-fc73651334f76fbacb9920b2bd292de61c7927b00aa67b5cad751dd660dc3e6f:455)
	at sf5.b(r8-map-id-fc73651334f76fbacb9920b2bd292de61c7927b00aa67b5cad751dd660dc3e6f:104)
	at uc0.a(r8-map-id-fc73651334f76fbacb9920b2bd292de61c7927b00aa67b5cad751dd660dc3e6f:151)
	at sf5.b(r8-map-id-fc73651334f76fbacb9920b2bd292de61c7927b00aa67b5cad751dd660dc3e6f:104)
	at b70.a(r8-map-id-fc73651334f76fbacb9920b2bd292de61c7927b00aa67b5cad751dd660dc3e6f:586)
	at sf5.b(r8-map-id-fc73651334f76fbacb9920b2bd292de61c7927b00aa67b5cad751dd660dc3e6f:104)
	at b70.a(r8-map-id-fc73651334f76fbacb9920b2bd292de61c7927b00aa67b5cad751dd660dc3e6f:215)
	at sf5.b(r8-map-id-fc73651334f76fbacb9920b2bd292de61c7927b00aa67b5cad751dd660dc3e6f:104)
	at jf5.g(r8-map-id-fc73651334f76fbacb9920b2bd292de61c7927b00aa67b5cad751dd660dc3e6f:92)
	at gf5.run(r8-map-id-fc73651334f76fbacb9920b2bd292de61c7927b00aa67b5cad751dd660dc3e6f:42)
	at java.util.concurrent.ThreadPoolExecutor.runWorker(ThreadPoolExecutor.java:1154)
	at java.util.concurrent.ThreadPoolExecutor$Worker.run(ThreadPoolExecutor.java:652)
	at java.lang.Thread.run(Thread.java:1564)
Caused by: android.system.GaiException: android_getaddrinfo failed: EAI_NODATA (No address associated with hostname)
	at libcore.io.Linux.android_getaddrinfo(Native Method)
	at libcore.io.ForwardingOs.android_getaddrinfo(ForwardingOs.java:134)
	at libcore.io.BlockGuardOs.android_getaddrinfo(BlockGuardOs.java:222)
	at libcore.io.ForwardingOs.android_getaddrinfo(ForwardingOs.java:134)
	at java.net.Inet6AddressImpl.lookupHostByName(Inet6AddressImpl.java:135)
	... 18 more

2026-04-07T15:34:18.414325Z Warn: WebSocket disconnected, retrying in 5000ms
2026-04-07T15:34:23.541951Z Info: Delay completed, reconnecting...
2026-04-07T15:34:23.551251Z Info: Connecting to WebSocket at wss://michael.seifert.page/api/apps/v1/notify/ws
2026-04-07T15:34:23.580787Z Error: WebSocket connect failed Unable to resolve host "michael.seifert.page": No address associated with hostname
java.net.UnknownHostException: Unable to resolve host "michael.seifert.page": No address associated with hostname
	at java.net.Inet6AddressImpl.lookupHostByName(Inet6AddressImpl.java:156)
	at java.net.Inet6AddressImpl.lookupAllHostAddr(Inet6AddressImpl.java:103)
	at java.net.InetAddress.getAllByName(InetAddress.java:1152)
	at wf5.b(r8-map-id-fc73651334f76fbacb9920b2bd292de61c7927b00aa67b5cad751dd660dc3e6f:393)
	at m92.d(r8-map-id-fc73651334f76fbacb9920b2bd292de61c7927b00aa67b5cad751dd660dc3e6f:12)
	at m92.a(r8-map-id-fc73651334f76fbacb9920b2bd292de61c7927b00aa67b5cad751dd660dc3e6f:77)
	at uc0.a(r8-map-id-fc73651334f76fbacb9920b2bd292de61c7927b00aa67b5cad751dd660dc3e6f:455)
	at sf5.b(r8-map-id-fc73651334f76fbacb9920b2bd292de61c7927b00aa67b5cad751dd660dc3e6f:104)
	at uc0.a(r8-map-id-fc73651334f76fbacb9920b2bd292de61c7927b00aa67b5cad751dd660dc3e6f:151)
	at sf5.b(r8-map-id-fc73651334f76fbacb9920b2bd292de61c7927b00aa67b5cad751dd660dc3e6f:104)
	at b70.a(r8-map-id-fc73651334f76fbacb9920b2bd292de61c7927b00aa67b5cad751dd660dc3e6f:586)
	at sf5.b(r8-map-id-fc73651334f76fbacb9920b2bd292de61c7927b00aa67b5cad751dd660dc3e6f:104)
	at b70.a(r8-map-id-fc73651334f76fbacb9920b2bd292de61c7927b00aa67b5cad751dd660dc3e6f:215)
	at sf5.b(r8-map-id-fc73651334f76fbacb9920b2bd292de61c7927b00aa67b5cad751dd660dc3e6f:104)
	at jf5.g(r8-map-id-fc73651334f76fbacb9920b2bd292de61c7927b00aa67b5cad751dd660dc3e6f:92)
	at gf5.run(r8-map-id-fc73651334f76fbacb9920b2bd292de61c7927b00aa67b5cad751dd660dc3e6f:42)
	at java.util.concurrent.ThreadPoolExecutor.runWorker(ThreadPoolExecutor.java:1154)
	at java.util.concurrent.ThreadPoolExecutor$Worker.run(ThreadPoolExecutor.java:652)
	at java.lang.Thread.run(Thread.java:1564)
Caused by: android.system.GaiException: android_getaddrinfo failed: EAI_NODATA (No address associated with hostname)
	at libcore.io.Linux.android_getaddrinfo(Native Method)
	at libcore.io.ForwardingOs.android_getaddrinfo(ForwardingOs.java:134)
	at libcore.io.BlockGuardOs.android_getaddrinfo(BlockGuardOs.java:222)
	at libcore.io.ForwardingOs.android_getaddrinfo(ForwardingOs.java:134)
	at java.net.Inet6AddressImpl.lookupHostByName(Inet6AddressImpl.java:135)
	... 18 more

2026-04-07T15:34:23.584248Z Warn: WebSocket disconnected, retrying in 5000ms
2026-04-07T15:34:27.918809Z Info: Delay completed, reconnecting...
2026-04-07T15:34:27.923305Z Info: Connecting to WebSocket at wss://michael.seifert.page/api/apps/v1/notify/ws
2026-04-07T15:34:27.953017Z Error: WebSocket connect failed Unable to resolve host "michael.seifert.page": No address associated with hostname
java.net.UnknownHostException: Unable to resolve host "michael.seifert.page": No address associated with hostname
	at java.net.Inet6AddressImpl.lookupHostByName(Inet6AddressImpl.java:156)
	at java.net.Inet6AddressImpl.lookupAllHostAddr(Inet6AddressImpl.java:103)
	at java.net.InetAddress.getAllByName(InetAddress.java:1152)
	at wf5.b(r8-map-id-fc73651334f76fbacb9920b2bd292de61c7927b00aa67b5cad751dd660dc3e6f:393)
	at m92.d(r8-map-id-fc73651334f76fbacb9920b2bd292de61c7927b00aa67b5cad751dd660dc3e6f:12)
	at m92.a(r8-map-id-fc73651334f76fbacb9920b2bd292de61c7927b00aa67b5cad751dd660dc3e6f:77)
	at uc0.a(r8-map-id-fc73651334f76fbacb9920b2bd292de61c7927b00aa67b5cad751dd660dc3e6f:455)
	at sf5.b(r8-map-id-fc73651334f76fbacb9920b2bd292de61c7927b00aa67b5cad751dd660dc3e6f:104)
	at uc0.a(r8-map-id-fc73651334f76fbacb9920b2bd292de61c7927b00aa67b5cad751dd660dc3e6f:151)
	at sf5.b(r8-map-id-fc73651334f76fbacb9920b2bd292de61c7927b00aa67b5cad751dd660dc3e6f:104)
	at b70.a(r8-map-id-fc73651334f76fbacb9920b2bd292de61c7927b00aa67b5cad751dd660dc3e6f:586)
	at sf5.b(r8-map-id-fc73651334f76fbacb9920b2bd292de61c7927b00aa67b5cad751dd660dc3e6f:104)
	at b70.a(r8-map-id-fc73651334f76fbacb9920b2bd292de61c7927b00aa67b5cad751dd660dc3e6f:215)
	at sf5.b(r8-map-id-fc73651334f76fbacb9920b2bd292de61c7927b00aa67b5cad751dd660dc3e6f:104)
	at jf5.g(r8-map-id-fc73651334f76fbacb9920b2bd292de61c7927b00aa67b5cad751dd660dc3e6f:92)
	at gf5.run(r8-map-id-fc73651334f76fbacb9920b2bd292de61c7927b00aa67b5cad751dd660dc3e6f:42)
	at java.util.concurrent.ThreadPoolExecutor.runWorker(ThreadPoolExecutor.java:1154)
	at java.util.concurrent.ThreadPoolExecutor$Worker.run(ThreadPoolExecutor.java:652)
	at java.lang.Thread.run(Thread.java:1564)
Caused by: android.system.GaiException: android_getaddrinfo failed: EAI_NODATA (No address associated with hostname)
	at libcore.io.Linux.android_getaddrinfo(Native Method)
	at libcore.io.ForwardingOs.android_getaddrinfo(ForwardingOs.java:134)
	at libcore.io.BlockGuardOs.android_getaddrinfo(BlockGuardOs.java:222)
	at libcore.io.ForwardingOs.android_getaddrinfo(ForwardingOs.java:134)
	at java.net.Inet6AddressImpl.lookupHostByName(Inet6AddressImpl.java:135)
	... 18 more

2026-04-07T15:34:27.958007Z Warn: WebSocket disconnected, retrying in 5000ms
2026-04-07T15:35:12.686851Z Info: Delay completed, reconnecting...
2026-04-07T15:35:12.688887Z Info: Connecting to WebSocket at wss://michael.seifert.page/api/apps/v1/notify/ws
2026-04-07T15:35:12.699436Z Error: WebSocket connect failed Unable to resolve host "michael.seifert.page": No address associated with hostname
java.net.UnknownHostException: Unable to resolve host "michael.seifert.page": No address associated with hostname
	at java.net.Inet6AddressImpl.lookupHostByName(Inet6AddressImpl.java:156)
	at java.net.Inet6AddressImpl.lookupAllHostAddr(Inet6AddressImpl.java:103)
	at java.net.InetAddress.getAllByName(InetAddress.java:1152)
	at wf5.b(r8-map-id-fc73651334f76fbacb9920b2bd292de61c7927b00aa67b5cad751dd660dc3e6f:393)
	at m92.d(r8-map-id-fc73651334f76fbacb9920b2bd292de61c7927b00aa67b5cad751dd660dc3e6f:12)
	at m92.a(r8-map-id-fc73651334f76fbacb9920b2bd292de61c7927b00aa67b5cad751dd660dc3e6f:77)
	at uc0.a(r8-map-id-fc73651334f76fbacb9920b2bd292de61c7927b00aa67b5cad751dd660dc3e6f:455)
	at sf5.b(r8-map-id-fc73651334f76fbacb9920b2bd292de61c7927b00aa67b5cad751dd660dc3e6f:104)
	at uc0.a(r8-map-id-fc73651334f76fbacb9920b2bd292de61c7927b00aa67b5cad751dd660dc3e6f:151)
	at sf5.b(r8-map-id-fc73651334f76fbacb9920b2bd292de61c7927b00aa67b5cad751dd660dc3e6f:104)
	at b70.a(r8-map-id-fc73651334f76fbacb9920b2bd292de61c7927b00aa67b5cad751dd660dc3e6f:586)
	at sf5.b(r8-map-id-fc73651334f76fbacb9920b2bd292de61c7927b00aa67b5cad751dd660dc3e6f:104)
	at b70.a(r8-map-id-fc73651334f76fbacb9920b2bd292de61c7927b00aa67b5cad751dd660dc3e6f:215)
	at sf5.b(r8-map-id-fc73651334f76fbacb9920b2bd292de61c7927b00aa67b5cad751dd660dc3e6f:104)
	at jf5.g(r8-map-id-fc73651334f76fbacb9920b2bd292de61c7927b00aa67b5cad751dd660dc3e6f:92)
	at gf5.run(r8-map-id-fc73651334f76fbacb9920b2bd292de61c7927b00aa67b5cad751dd660dc3e6f:42)
	at java.util.concurrent.ThreadPoolExecutor.runWorker(ThreadPoolExecutor.java:1154)
	at java.util.concurrent.ThreadPoolExecutor$Worker.run(ThreadPoolExecutor.java:652)
	at java.lang.Thread.run(Thread.java:1564)
Caused by: android.system.GaiException: android_getaddrinfo failed: EAI_NODATA (No address associated with hostname)
	at libcore.io.Linux.android_getaddrinfo(Native Method)
	at libcore.io.ForwardingOs.android_getaddrinfo(ForwardingOs.java:134)
	at libcore.io.BlockGuardOs.android_getaddrinfo(BlockGuardOs.java:222)
	at libcore.io.ForwardingOs.android_getaddrinfo(ForwardingOs.java:134)
	at java.net.Inet6AddressImpl.lookupHostByName(Inet6AddressImpl.java:135)
	... 18 more

2026-04-07T15:35:12.700511Z Warn: WebSocket disconnected, retrying in 5000ms
2026-04-07T15:36:43.447285Z Info: Delay completed, reconnecting...
2026-04-07T15:36:43.448452Z Info: Connecting to WebSocket at wss://michael.seifert.page/api/apps/v1/notify/ws
2026-04-07T15:36:43.464145Z Error: WebSocket connect failed Unable to resolve host "michael.seifert.page": No address associated with hostname
java.net.UnknownHostException: Unable to resolve host "michael.seifert.page": No address associated with hostname
	at java.net.Inet6AddressImpl.lookupHostByName(Inet6AddressImpl.java:156)
	at java.net.Inet6AddressImpl.lookupAllHostAddr(Inet6AddressImpl.java:103)
	at java.net.InetAddress.getAllByName(InetAddress.java:1152)
	at wf5.b(r8-map-id-fc73651334f76fbacb9920b2bd292de61c7927b00aa67b5cad751dd660dc3e6f:393)
	at m92.d(r8-map-id-fc73651334f76fbacb9920b2bd292de61c7927b00aa67b5cad751dd660dc3e6f:12)
	at m92.a(r8-map-id-fc73651334f76fbacb9920b2bd292de61c7927b00aa67b5cad751dd660dc3e6f:77)
	at uc0.a(r8-map-id-fc73651334f76fbacb9920b2bd292de61c7927b00aa67b5cad751dd660dc3e6f:455)
	at sf5.b(r8-map-id-fc73651334f76fbacb9920b2bd292de61c7927b00aa67b5cad751dd660dc3e6f:104)
	at uc0.a(r8-map-id-fc73651334f76fbacb9920b2bd292de61c7927b00aa67b5cad751dd660dc3e6f:151)
	at sf5.b(r8-map-id-fc73651334f76fbacb9920b2bd292de61c7927b00aa67b5cad751dd660dc3e6f:104)
	at b70.a(r8-map-id-fc73651334f76fbacb9920b2bd292de61c7927b00aa67b5cad751dd660dc3e6f:586)
	at sf5.b(r8-map-id-fc73651334f76fbacb9920b2bd292de61c7927b00aa67b5cad751dd660dc3e6f:104)
	at b70.a(r8-map-id-fc73651334f76fbacb9920b2bd292de61c7927b00aa67b5cad751dd660dc3e6f:215)
	at sf5.b(r8-map-id-fc73651334f76fbacb9920b2bd292de61c7927b00aa67b5cad751dd660dc3e6f:104)
	at jf5.g(r8-map-id-fc73651334f76fbacb9920b2bd292de61c7927b00aa67b5cad751dd660dc3e6f:92)
	at gf5.run(r8-map-id-fc73651334f76fbacb9920b2bd292de61c7927b00aa67b5cad751dd660dc3e6f:42)
	at java.util.concurrent.ThreadPoolExecutor.runWorker(ThreadPoolExecutor.java:1154)
	at java.util.concurrent.ThreadPoolExecutor$Worker.run(ThreadPoolExecutor.java:652)
	at java.lang.Thread.run(Thread.java:1564)
Caused by: android.system.GaiException: android_getaddrinfo failed: EAI_NODATA (No address associated with hostname)
	at libcore.io.Linux.android_getaddrinfo(Native Method)
	at libcore.io.ForwardingOs.android_getaddrinfo(ForwardingOs.java:134)
	at libcore.io.BlockGuardOs.android_getaddrinfo(BlockGuardOs.java:222)
	at libcore.io.ForwardingOs.android_getaddrinfo(ForwardingOs.java:134)
	at java.net.Inet6AddressImpl.lookupHostByName(Inet6AddressImpl.java:135)
	... 18 more

2026-04-07T15:36:43.467196Z Warn: WebSocket disconnected, retrying in 5000ms
2026-04-07T15:36:51.291512Z Info: Delay completed, reconnecting...
2026-04-07T15:36:51.291909Z Info: Connecting to WebSocket at wss://michael.seifert.page/api/apps/v1/notify/ws
2026-04-07T15:36:51.488988Z Debug: Sent WebSocket command: establishConnectionRequest
2026-04-07T15:36:51.735644Z Info: Device handshake successful
2026-04-07T15:36:51.737068Z Warn: DriveSync for drive=9ff813af-f2d6-1e2f-9b9d-b189e72d1a11 already exists, skipping
2026-04-07T15:36:51.737623Z Warn: DriveSync for drive=2612429d-1c3f-0372-82b8-d42fb2cc0499 already exists, skipping
2026-04-07T15:36:51.738008Z Warn: DriveSync for drive=4db49422-ebad-02e9-9ab9-6e9c477d1e08 already exists, skipping
2026-04-07T15:36:51.739366Z Debug: Sent WebSocket command: processInbox
2026-04-07T15:36:51.739864Z Debug: Sent WebSocket command: processInbox
2026-04-07T15:36:51.740281Z Debug: Sent WebSocket command: processInbox
2026-04-07T15:36:51.740919Z Info: Synchronizing drive 2612429d-1c3f-0372-82b8-d42fb2cc0499
2026-04-07T15:36:51.74123Z Info: Synchronizing drive 4db49422-ebad-02e9-9ab9-6e9c477d1e08
2026-04-07T15:36:51.742546Z Info: Synchronizing drive 9ff813af-f2d6-1e2f-9b9d-b189e72d1a11
2026-04-07T15:36:51.817231Z Info: Received 0 records from QueryBatch() on Drive 4db49422-ebad-02e9-9ab9-6e9c477d1e08
2026-04-07T15:36:51.817626Z Debug: DriveSync: all DB writes complete for drive 4db49422-ebad-02e9-9ab9-6e9c477d1e08 (0 total records)
2026-04-07T15:36:51.818393Z Debug: Drive 4db49422-ebad-02e9-9ab9-6e9c477d1e08 synchronized with 0 records read.
2026-04-07T15:36:51.941614Z Info: Received 0 records from QueryBatch() on Drive 2612429d-1c3f-0372-82b8-d42fb2cc0499
2026-04-07T15:36:51.941873Z Debug: DriveSync: all DB writes complete for drive 2612429d-1c3f-0372-82b8-d42fb2cc0499 (0 total records)
2026-04-07T15:36:51.942617Z Debug: Drive 2612429d-1c3f-0372-82b8-d42fb2cc0499 synchronized with 0 records read.
2026-04-07T15:36:52.032861Z Info: Received 8 records from QueryBatch() on Drive 9ff813af-f2d6-1e2f-9b9d-b189e72d1a11
2026-04-07T15:36:52.033087Z Debug: DriveSync: batch contains 1 chat conversation(s): [674e0d67-34c0-4267-8b94-748f0d226cfb]
2026-04-07T15:36:53.930151Z Info: Scroll changed: id=470ba88a-2e41-4a84-97dd-11fe5dbe5936 -> 114:85
2026-04-07T15:36:54.461583Z Debug: DriveSync: all DB writes complete for drive 9ff813af-f2d6-1e2f-9b9d-b189e72d1a11 (8 total records)
2026-04-07T15:36:54.461761Z Debug: ConversationStream: BatchReceived 8 files (conversations=1, messages=7, adminFiles=0)
2026-04-07T15:36:54.462194Z Debug: Drive 9ff813af-f2d6-1e2f-9b9d-b189e72d1a11 synchronized with 8 records read.
2026-04-07T15:36:54.470388Z Debug: ConversationStream: unread++ convo=674e0d67-34c0-4267-8b94-748f0d226cfb count=2
2026-04-07T15:36:54.470743Z Debug: ConversationStream: Stopped(totalCount=8)
2026-04-07T15:36:54.473608Z Debug: ChatMessageStream: processIncrementalBatch 7 messages across 1 conversation(s)
2026-04-07T15:36:54.474935Z Debug: ChatMessageStream: Stopped(totalCount=8)
2026-04-07T15:36:54.980447Z Error: (HomebaseImageLoader) Non-retriable exception: Not found
2026-04-07T15:36:56.35914Z Debug: markAsRead: convo=470ba88a-2e41-4a84-97dd-11fe5dbe5936 unread=3/8 newReadTime=1775576216359
2026-04-07T15:36:56.359412Z Info: Popping Outbox
2026-04-07T15:36:56.35944Z Debug: markAsRead: convo=470ba88a-2e41-4a84-97dd-11fe5dbe5936 endTime=1775574205112
2026-04-07T15:36:56.36087Z Info: No more items in outbox
2026-04-07T15:36:56.643711Z Info: Popping Outbox
2026-04-07T15:36:56.656109Z Info: Log the data from the outboxRecord here...
2026-04-07T15:36:56.656095Z Info: Popping Outbox
2026-04-07T15:36:56.659383Z Info: No more items in outbox
2026-04-07T15:36:56.783441Z Debug: ChatMessageStream: loadConversation(674e0d67-34c0-4267-8b94-748f0d226cfb)
2026-04-07T15:36:56.783898Z Info: (ConversationListUi) Navigating to detail for 674e0d67-34c0-4267-8b94-748f0d226cfb
2026-04-07T15:36:56.786563Z Info: Pre-initializing empty scroll position: id=674e0d67-34c0-4267-8b94-748f0d226cfb
2026-04-07T15:36:56.93865Z Debug: ChatMessageStream: loadConversation(674e0d67-34c0-4267-8b94-748f0d226cfb) → 1000 messages
2026-04-07T15:36:56.950807Z Info: Getting saved scroll position
2026-04-07T15:36:56.954462Z Info: Pre-initializing scroll position: id=674e0d67-34c0-4267-8b94-748f0d226cfb -> 1019:206
2026-04-07T15:36:56.989931Z Info: Popping Outbox
2026-04-07T15:36:56.991505Z Info: No more items in outbox
2026-04-07T15:36:56.991791Z Info: (ConversationListUi) Restore detail pane for 674e0d67-34c0-4267-8b94-748f0d226cfb
2026-04-07T15:36:57.247741Z Info: Synchronizing drive 9ff813af-f2d6-1e2f-9b9d-b189e72d1a11
2026-04-07T15:36:57.294146Z Info: Scroll changed: id=674e0d67-34c0-4267-8b94-748f0d226cfb -> 1015:163
2026-04-07T15:36:57.420429Z Info: Received 3 records from QueryBatch() on Drive 9ff813af-f2d6-1e2f-9b9d-b189e72d1a11
2026-04-07T15:36:57.420684Z Debug: DriveSync: batch contains 1 chat conversation(s): [470ba88a-2e41-4a84-97dd-11fe5dbe5936]
2026-04-07T15:36:57.450101Z Debug: DriveSync: all DB writes complete for drive 9ff813af-f2d6-1e2f-9b9d-b189e72d1a11 (3 total records)
2026-04-07T15:36:57.450095Z Debug: ConversationStream: BatchReceived 3 files (conversations=0, messages=3, adminFiles=0)
2026-04-07T15:36:57.450488Z Debug: Drive 9ff813af-f2d6-1e2f-9b9d-b189e72d1a11 synchronized with 3 records read.
2026-04-07T15:36:57.450424Z Debug: ChatMessageStream: processIncrementalBatch 3 messages across 1 conversation(s)
2026-04-07T15:36:57.450943Z Debug: ConversationStream: unread++ convo=470ba88a-2e41-4a84-97dd-11fe5dbe5936 count=1
2026-04-07T15:36:57.450967Z Info: Synchronizing drive 9ff813af-f2d6-1e2f-9b9d-b189e72d1a11
2026-04-07T15:36:57.45131Z Debug: ConversationStream: Stopped(totalCount=3)
2026-04-07T15:36:57.451982Z Debug: ChatMessageStream: Stopped(totalCount=3)
2026-04-07T15:36:57.624983Z Info: Received 0 records from QueryBatch() on Drive 9ff813af-f2d6-1e2f-9b9d-b189e72d1a11
2026-04-07T15:36:57.625654Z Debug: DriveSync: all DB writes complete for drive 9ff813af-f2d6-1e2f-9b9d-b189e72d1a11 (0 total records)
2026-04-07T15:36:57.62639Z Debug: ConversationStream: Stopped(totalCount=0)
2026-04-07T15:36:57.626686Z Debug: ChatMessageStream: Stopped(totalCount=0)
2026-04-07T15:36:57.62691Z Debug: Drive 9ff813af-f2d6-1e2f-9b9d-b189e72d1a11 synchronized with 0 records read.
2026-04-07T15:36:57.678931Z Info: (ShareShortcutPublisher) Published 8 share shortcuts
2026-04-07T15:36:58.025075Z Debug: markAsRead: convo=674e0d67-34c0-4267-8b94-748f0d226cfb unread=0/6 newReadTime=1775576218025
2026-04-07T15:36:58.222521Z Debug: ConversationStream: unreadSync convo=674e0d67-34c0-4267-8b94-748f0d226cfb 1->0
2026-04-07T15:36:58.737607Z Error: (HomebaseImageLoader) Non-retriable exception: Not found
2026-04-07T15:37:01.013281Z Debug: ChatMessageStream: loadConversation(4b2cf99c-7078-4f0e-ae07-f8cca955a510)
2026-04-07T15:37:01.014036Z Info: (ConversationListUi) Navigating to detail for 4b2cf99c-7078-4f0e-ae07-f8cca955a510
2026-04-07T15:37:01.022797Z Info: Pre-initializing empty scroll position: id=4b2cf99c-7078-4f0e-ae07-f8cca955a510
2026-04-07T15:37:01.208446Z Debug: ChatMessageStream: loadConversation(4b2cf99c-7078-4f0e-ae07-f8cca955a510) → 1000 messages
2026-04-07T15:37:01.214508Z Info: Getting saved scroll position
2026-04-07T15:37:01.215348Z Info: Pre-initializing scroll position: id=4b2cf99c-7078-4f0e-ae07-f8cca955a510 -> 1060:89
2026-04-07T15:37:01.253218Z Info: (ConversationListUi) Restore detail pane for 4b2cf99c-7078-4f0e-ae07-f8cca955a510
2026-04-07T15:37:01.555243Z Info: Scroll changed: id=4b2cf99c-7078-4f0e-ae07-f8cca955a510 -> 1060:89
2026-04-07T15:37:01.993754Z Debug: markAsRead: convo=4b2cf99c-7078-4f0e-ae07-f8cca955a510 unread=1/8 newReadTime=1775576221994
2026-04-07T15:37:01.994445Z Debug: markAsRead: convo=4b2cf99c-7078-4f0e-ae07-f8cca955a510 endTime=1775574418448
2026-04-07T15:37:02.248673Z Debug: ConversationStream: unreadSync convo=4b2cf99c-7078-4f0e-ae07-f8cca955a510 1->0
2026-04-07T15:37:02.2623Z Info: Popping Outbox
2026-04-07T15:37:02.272541Z Info: Popping Outbox
2026-04-07T15:37:02.273838Z Info: Log the data from the outboxRecord here...
2026-04-07T15:37:02.274588Z Info: No more items in outbox
2026-04-07T15:37:02.602895Z Info: Popping Outbox
2026-04-07T15:37:02.60387Z Info: No more items in outbox
2026-04-07T15:37:02.759103Z Error: (HomebaseImageLoader) Non-retriable exception: Not found
2026-04-07T15:37:03.684996Z Info: Scroll changed: id=4b2cf99c-7078-4f0e-ae07-f8cca955a510 -> 1061:211
2026-04-07T15:37:11.227519Z Debug: ConversationStream: BatchReceived 1 files (conversations=0, messages=1, adminFiles=0)
2026-04-07T15:37:11.228562Z Debug: ChatMessageStream: processIncrementalBatch 1 messages across 1 conversation(s)
2026-04-07T15:37:11.232655Z Info: Resetting scroll position, new message seen, index: 1069
2026-04-07T15:37:11.232798Z Info: Setting scroll position: 1069
2026-04-07T15:37:11.241726Z Debug: ConversationStream: BatchReceived 1 files (conversations=0, messages=1, adminFiles=0)
2026-04-07T15:37:11.241872Z Debug: ChatMessageStream: processIncrementalBatch 1 messages across 1 conversation(s)
2026-04-07T15:37:11.256357Z Info: No saved scroll position
2026-04-07T15:37:11.257702Z Info: Popping Outbox
2026-04-07T15:37:11.264619Z Info: Log the data from the outboxRecord here...
2026-04-07T15:37:11.264619Z Info: Popping Outbox
2026-04-07T15:37:11.266347Z Info: No more items in outbox
2026-04-07T15:37:11.268746Z Info: (DriveUploadProvider) drive upload url: [https://michael.seifert.page/api/v2/drives/9ff813af-f2d6-1e2f-9b9d-b189e72d1a11/files]
2026-04-07T15:37:11.3631Z Info: Popping Outbox
2026-04-07T15:37:11.363855Z Info: No more items in outbox
2026-04-07T15:37:11.553082Z Info: Scroll changed: id=4b2cf99c-7078-4f0e-ae07-f8cca955a510 -> 1066:110
2026-04-07T15:37:11.719927Z Info: Synchronizing drive 9ff813af-f2d6-1e2f-9b9d-b189e72d1a11
2026-04-07T15:37:11.757077Z Error: (HomebaseImageLoader) Non-retriable exception: Not found
2026-04-07T15:37:11.867495Z Info: Received 1 records from QueryBatch() on Drive 9ff813af-f2d6-1e2f-9b9d-b189e72d1a11
2026-04-07T15:37:11.86812Z Debug: DriveSync: batch contains 1 chat conversation(s): [4b2cf99c-7078-4f0e-ae07-f8cca955a510]
2026-04-07T15:37:11.896859Z Debug: ConversationStream: BatchReceived 1 files (conversations=0, messages=1, adminFiles=0)
2026-04-07T15:37:11.896987Z Debug: DriveSync: all DB writes complete for drive 9ff813af-f2d6-1e2f-9b9d-b189e72d1a11 (1 total records)
2026-04-07T15:37:11.897759Z Debug: ChatMessageStream: processIncrementalBatch 1 messages across 1 conversation(s)
2026-04-07T15:37:11.898178Z Debug: Drive 9ff813af-f2d6-1e2f-9b9d-b189e72d1a11 synchronized with 1 records read.
2026-04-07T15:37:11.898146Z Debug: ConversationStream: Stopped(totalCount=1)
2026-04-07T15:37:11.899068Z Info: Synchronizing drive 9ff813af-f2d6-1e2f-9b9d-b189e72d1a11
2026-04-07T15:37:11.904499Z Debug: ChatMessageStream: Stopped(totalCount=1)
2026-04-07T15:37:11.907379Z Info: No saved scroll position
2026-04-07T15:37:12.037785Z Info: Received 0 records from QueryBatch() on Drive 9ff813af-f2d6-1e2f-9b9d-b189e72d1a11
2026-04-07T15:37:12.038927Z Debug: DriveSync: all DB writes complete for drive 9ff813af-f2d6-1e2f-9b9d-b189e72d1a11 (0 total records)
2026-04-07T15:37:12.040937Z Debug: Drive 9ff813af-f2d6-1e2f-9b9d-b189e72d1a11 synchronized with 0 records read.
2026-04-07T15:37:12.041199Z Debug: ChatMessageStream: Stopped(totalCount=0)
2026-04-07T15:37:12.042509Z Debug: ConversationStream: Stopped(totalCount=0)
2026-04-07T15:37:12.677935Z Debug: markAsRead: convo=4b2cf99c-7078-4f0e-ae07-f8cca955a510 unread=0/1 newReadTime=1775576232678
2026-04-07T15:37:13.975466Z Info: (ShareShortcutPublisher) Published 8 share shortcuts
2026-04-07T15:37:14.691988Z Debug: ChatMessageStream: processIncrementalBatch 1 messages across 1 conversation(s)
2026-04-07T15:37:14.691918Z Debug: ConversationStream: BatchReceived 1 files (conversations=0, messages=1, adminFiles=0)
2026-04-07T15:37:14.697912Z Info: Resetting scroll position, new message seen, index: 1070
2026-04-07T15:37:14.698023Z Info: Setting scroll position: 1070
2026-04-07T15:37:14.70862Z Debug: ChatMessageStream: processIncrementalBatch 1 messages across 1 conversation(s)
2026-04-07T15:37:14.710166Z Debug: ConversationStream: BatchReceived 1 files (conversations=0, messages=1, adminFiles=0)
2026-04-07T15:37:14.712272Z Info: No saved scroll position
2026-04-07T15:37:14.722183Z Info: Popping Outbox
2026-04-07T15:37:14.73312Z Info: Popping Outbox
2026-04-07T15:37:14.73373Z Info: Log the data from the outboxRecord here...
2026-04-07T15:37:14.734518Z Info: No more items in outbox
2026-04-07T15:37:14.738395Z Info: (DriveUploadProvider) drive upload url: [https://michael.seifert.page/api/v2/drives/9ff813af-f2d6-1e2f-9b9d-b189e72d1a11/files]
2026-04-07T15:37:14.84858Z Info: Popping Outbox
2026-04-07T15:37:14.85078Z Info: No more items in outbox
2026-04-07T15:37:15.010779Z Info: Scroll changed: id=4b2cf99c-7078-4f0e-ae07-f8cca955a510 -> 1067:44
2026-04-07T15:37:15.218179Z Error: (HomebaseImageLoader) Non-retriable exception: Not found
2026-04-07T15:37:15.225228Z Info: Synchronizing drive 9ff813af-f2d6-1e2f-9b9d-b189e72d1a11
2026-04-07T15:37:15.398857Z Info: Received 1 records from QueryBatch() on Drive 9ff813af-f2d6-1e2f-9b9d-b189e72d1a11
2026-04-07T15:37:15.399618Z Debug: DriveSync: batch contains 1 chat conversation(s): [4b2cf99c-7078-4f0e-ae07-f8cca955a510]
2026-04-07T15:37:15.429464Z Debug: ConversationStream: BatchReceived 1 files (conversations=0, messages=1, adminFiles=0)
2026-04-07T15:37:15.429734Z Debug: ChatMessageStream: processIncrementalBatch 1 messages across 1 conversation(s)
2026-04-07T15:37:15.431786Z Debug: DriveSync: all DB writes complete for drive 9ff813af-f2d6-1e2f-9b9d-b189e72d1a11 (1 total records)
2026-04-07T15:37:15.432813Z Debug: ConversationStream: Stopped(totalCount=1)
2026-04-07T15:37:15.433078Z Debug: Drive 9ff813af-f2d6-1e2f-9b9d-b189e72d1a11 synchronized with 1 records read.
2026-04-07T15:37:15.435203Z Debug: ChatMessageStream: Stopped(totalCount=1)
2026-04-07T15:37:15.436642Z Info: Synchronizing drive 9ff813af-f2d6-1e2f-9b9d-b189e72d1a11
2026-04-07T15:37:15.440874Z Info: No saved scroll position
2026-04-07T15:37:15.576864Z Info: Received 0 records from QueryBatch() on Drive 9ff813af-f2d6-1e2f-9b9d-b189e72d1a11
2026-04-07T15:37:15.577628Z Debug: DriveSync: all DB writes complete for drive 9ff813af-f2d6-1e2f-9b9d-b189e72d1a11 (0 total records)
2026-04-07T15:37:15.579161Z Debug: ConversationStream: Stopped(totalCount=0)
2026-04-07T15:37:15.579363Z Debug: ChatMessageStream: Stopped(totalCount=0)
2026-04-07T15:37:15.580346Z Debug: Drive 9ff813af-f2d6-1e2f-9b9d-b189e72d1a11 synchronized with 0 records read.
2026-04-07T15:37:16.191509Z Debug: markAsRead: convo=4b2cf99c-7078-4f0e-ae07-f8cca955a510 unread=0/1 newReadTime=1775576236192
2026-04-07T15:37:17.461235Z Info: (ShareShortcutPublisher) Published 8 share shortcuts
2026-04-07T15:37:28.330827Z Info: Scroll changed: id=4b2cf99c-7078-4f0e-ae07-f8cca955a510 -> 1062:357
2026-04-07T15:37:32.910216Z Error: (HomebaseImageLoader) Non-retriable exception: Not found
2026-04-07T15:37:33.485144Z Error: (HomebaseImageLoader) Non-retriable exception: Not found
2026-04-07T15:37:40.183737Z Debug: ChatMessageStream: processIncrementalBatch 0 messages across 0 conversation(s)
2026-04-07T15:37:40.183711Z Debug: ConversationStream: BatchReceived 1 files (conversations=1, messages=0, adminFiles=0)
2026-04-07T15:37:40.194055Z Error: (HomebaseImageLoader) Non-retriable exception: Not found
2026-04-07T15:37:40.211098Z Info: Popping Outbox
2026-04-07T15:37:40.220236Z Info: Popping Outbox
2026-04-07T15:37:40.220725Z Info: Log the data from the outboxRecord here...
2026-04-07T15:37:40.22187Z Info: No more items in outbox
2026-04-07T15:37:40.291306Z Info: Popping Outbox
2026-04-07T15:37:40.292807Z Info: No more items in outbox
2026-04-07T15:37:40.531927Z Info: Synchronizing drive 9ff813af-f2d6-1e2f-9b9d-b189e72d1a11
2026-04-07T15:37:40.671803Z Info: Received 1 records from QueryBatch() on Drive 9ff813af-f2d6-1e2f-9b9d-b189e72d1a11
2026-04-07T15:37:40.684229Z Debug: ChatMessageStream: processIncrementalBatch 0 messages across 0 conversation(s)
2026-04-07T15:37:40.68431Z Debug: DriveSync: all DB writes complete for drive 9ff813af-f2d6-1e2f-9b9d-b189e72d1a11 (1 total records)
2026-04-07T15:37:40.684355Z Debug: ConversationStream: BatchReceived 1 files (conversations=1, messages=0, adminFiles=0)
2026-04-07T15:37:40.685192Z Debug: Drive 9ff813af-f2d6-1e2f-9b9d-b189e72d1a11 synchronized with 1 records read.
2026-04-07T15:37:40.685341Z Debug: ChatMessageStream: Stopped(totalCount=1)
2026-04-07T15:37:40.686134Z Debug: ConversationStream: Stopped(totalCount=1)
2026-04-07T15:37:40.686605Z Info: Synchronizing drive 9ff813af-f2d6-1e2f-9b9d-b189e72d1a11
2026-04-07T15:37:40.700206Z Error: (HomebaseImageLoader) Non-retriable exception: Not found
2026-04-07T15:37:40.842104Z Info: Received 0 records from QueryBatch() on Drive 9ff813af-f2d6-1e2f-9b9d-b189e72d1a11
2026-04-07T15:37:40.843052Z Debug: DriveSync: all DB writes complete for drive 9ff813af-f2d6-1e2f-9b9d-b189e72d1a11 (0 total records)
2026-04-07T15:37:40.844306Z Debug: ConversationStream: Stopped(totalCount=0)
2026-04-07T15:37:40.845366Z Debug: ChatMessageStream: Stopped(totalCount=0)
2026-04-07T15:37:40.845676Z Debug: Drive 9ff813af-f2d6-1e2f-9b9d-b189e72d1a11 synchronized with 0 records read.
2026-04-07T15:37:44.031048Z Debug: ChatMessageStream: processIncrementalBatch 0 messages across 0 conversation(s)
2026-04-07T15:37:44.030982Z Debug: ConversationStream: BatchReceived 1 files (conversations=1, messages=0, adminFiles=0)
2026-04-07T15:37:44.047359Z Info: Popping Outbox
2026-04-07T15:37:44.055177Z Info: Popping Outbox
2026-04-07T15:37:44.056018Z Info: Log the data from the outboxRecord here...
2026-04-07T15:37:44.056833Z Info: No more items in outbox
2026-04-07T15:37:44.124976Z Info: Popping Outbox
2026-04-07T15:37:44.127801Z Info: No more items in outbox
2026-04-07T15:37:44.356281Z Info: Synchronizing drive 9ff813af-f2d6-1e2f-9b9d-b189e72d1a11
2026-04-07T15:37:44.495854Z Info: Received 1 records from QueryBatch() on Drive 9ff813af-f2d6-1e2f-9b9d-b189e72d1a11
2026-04-07T15:37:44.511881Z Debug: ChatMessageStream: processIncrementalBatch 0 messages across 0 conversation(s)
2026-04-07T15:37:44.511849Z Debug: DriveSync: all DB writes complete for drive 9ff813af-f2d6-1e2f-9b9d-b189e72d1a11 (1 total records)
2026-04-07T15:37:44.511924Z Debug: ConversationStream: BatchReceived 1 files (conversations=1, messages=0, adminFiles=0)
2026-04-07T15:37:44.512774Z Debug: Drive 9ff813af-f2d6-1e2f-9b9d-b189e72d1a11 synchronized with 1 records read.
2026-04-07T15:37:44.512803Z Debug: ChatMessageStream: Stopped(totalCount=1)
2026-04-07T15:37:44.515058Z Debug: ConversationStream: Stopped(totalCount=1)
2026-04-07T15:37:44.545704Z Error: (HomebaseImageLoader) Non-retriable exception: Not found
2026-04-07T15:37:46.982163Z Debug: ConversationStream: BatchReceived 1 files (conversations=1, messages=0, adminFiles=0)
2026-04-07T15:37:46.982285Z Debug: ChatMessageStream: processIncrementalBatch 0 messages across 0 conversation(s)
2026-04-07T15:37:46.992025Z Info: Popping Outbox
2026-04-07T15:37:46.999077Z Info: Popping Outbox
2026-04-07T15:37:46.999418Z Info: Log the data from the outboxRecord here...
2026-04-07T15:37:46.999819Z Info: No more items in outbox
2026-04-07T15:37:47.068234Z Info: Popping Outbox
2026-04-07T15:37:47.069483Z Info: No more items in outbox
2026-04-07T15:37:47.299484Z Info: Synchronizing drive 9ff813af-f2d6-1e2f-9b9d-b189e72d1a11
2026-04-07T15:37:47.439852Z Info: Received 1 records from QueryBatch() on Drive 9ff813af-f2d6-1e2f-9b9d-b189e72d1a11
2026-04-07T15:37:47.453039Z Debug: DriveSync: all DB writes complete for drive 9ff813af-f2d6-1e2f-9b9d-b189e72d1a11 (1 total records)
2026-04-07T15:37:47.453014Z Debug: ConversationStream: BatchReceived 1 files (conversations=1, messages=0, adminFiles=0)
2026-04-07T15:37:47.453303Z Debug: Drive 9ff813af-f2d6-1e2f-9b9d-b189e72d1a11 synchronized with 1 records read.
2026-04-07T15:37:47.453285Z Debug: ChatMessageStream: processIncrementalBatch 0 messages across 0 conversation(s)
2026-04-07T15:37:47.454125Z Debug: ConversationStream: Stopped(totalCount=1)
2026-04-07T15:37:47.454748Z Info: Synchronizing drive 9ff813af-f2d6-1e2f-9b9d-b189e72d1a11
2026-04-07T15:37:47.454976Z Debug: ChatMessageStream: Stopped(totalCount=1)
2026-04-07T15:37:47.498786Z Error: (HomebaseImageLoader) Non-retriable exception: Not found
2026-04-07T15:37:47.580664Z Info: Received 0 records from QueryBatch() on Drive 9ff813af-f2d6-1e2f-9b9d-b189e72d1a11
2026-04-07T15:37:47.581137Z Debug: DriveSync: all DB writes complete for drive 9ff813af-f2d6-1e2f-9b9d-b189e72d1a11 (0 total records)
2026-04-07T15:37:47.582665Z Debug: ChatMessageStream: Stopped(totalCount=0)
2026-04-07T15:37:47.582714Z Debug: Drive 9ff813af-f2d6-1e2f-9b9d-b189e72d1a11 synchronized with 0 records read.
2026-04-07T15:37:47.582973Z Debug: ConversationStream: Stopped(totalCount=0)
2026-04-07T15:37:52.970492Z Debug: ConversationStream: BatchReceived 1 files (conversations=1, messages=0, adminFiles=0)
2026-04-07T15:37:52.970704Z Debug: ChatMessageStream: processIncrementalBatch 0 messages across 0 conversation(s)
2026-04-07T15:37:52.993228Z Info: Popping Outbox
2026-04-07T15:37:53.00691Z Info: Popping Outbox
2026-04-07T15:37:53.007338Z Info: Log the data from the outboxRecord here...
2026-04-07T15:37:53.008905Z Info: No more items in outbox
2026-04-07T15:37:53.073631Z Info: Popping Outbox
2026-04-07T15:37:53.075168Z Info: No more items in outbox
2026-04-07T15:37:53.310344Z Info: Synchronizing drive 9ff813af-f2d6-1e2f-9b9d-b189e72d1a11
2026-04-07T15:37:53.443622Z Info: Received 1 records from QueryBatch() on Drive 9ff813af-f2d6-1e2f-9b9d-b189e72d1a11
2026-04-07T15:37:53.454659Z Debug: DriveSync: all DB writes complete for drive 9ff813af-f2d6-1e2f-9b9d-b189e72d1a11 (1 total records)
2026-04-07T15:37:53.454764Z Debug: ConversationStream: BatchReceived 1 files (conversations=1, messages=0, adminFiles=0)
2026-04-07T15:37:53.454972Z Debug: Drive 9ff813af-f2d6-1e2f-9b9d-b189e72d1a11 synchronized with 1 records read.
2026-04-07T15:37:53.454808Z Debug: ChatMessageStream: processIncrementalBatch 0 messages across 0 conversation(s)
2026-04-07T15:37:53.455671Z Debug: ChatMessageStream: Stopped(totalCount=1)
2026-04-07T15:37:53.456417Z Debug: ConversationStream: Stopped(totalCount=1)
2026-04-07T15:37:53.488605Z Error: (HomebaseImageLoader) Non-retriable exception: Not found
2026-04-07T15:37:57.175921Z Debug: ChatMessageStream: loadConversation(fb778fd4-0387-81aa-4c13-ca4e17da9ea8)
2026-04-07T15:37:57.176544Z Info: (ConversationListUi) Navigating to detail for fb778fd4-0387-81aa-4c13-ca4e17da9ea8
2026-04-07T15:37:57.191299Z Info: Pre-initializing empty scroll position: id=fb778fd4-0387-81aa-4c13-ca4e17da9ea8
2026-04-07T15:37:57.42681Z Warn: Message (uid: f937860b-0967-9277-c909-c974db8d2962) with no version and not edited has null userDate. using authorSpecificDate
2026-04-07T15:37:57.427017Z Warn: See File here: https://michael.seifert.page/owner/drives/9ff813aff2d61e2f9b9db189e72d1a11_66ea8355ae4155c39b5a719166b510e3/f937860b-0967-9277-c909-c974db8d2962
2026-04-07T15:37:57.427445Z Warn: Message (uid: 7df7983c-1f96-4312-a919-cad6840209ff) with no version and not edited has null userDate. using authorSpecificDate
2026-04-07T15:37:57.42754Z Warn: See File here: https://michael.seifert.page/owner/drives/9ff813aff2d61e2f9b9db189e72d1a11_66ea8355ae4155c39b5a719166b510e3/7df7983c-1f96-4312-a919-cad6840209ff
2026-04-07T15:37:57.42785Z Warn: Message (uid: a073d397-0bed-4f8c-12eb-07d7072af8a3) with no version and not edited has null userDate. using authorSpecificDate
2026-04-07T15:37:57.428015Z Warn: See File here: https://michael.seifert.page/owner/drives/9ff813aff2d61e2f9b9db189e72d1a11_66ea8355ae4155c39b5a719166b510e3/a073d397-0bed-4f8c-12eb-07d7072af8a3
2026-04-07T15:37:57.428143Z Warn: Message (uid: 661b3d93-faf8-69cf-bb7f-004cf91ba94d) with no version and not edited has null userDate. using authorSpecificDate
2026-04-07T15:37:57.428225Z Warn: See File here: https://michael.seifert.page/owner/drives/9ff813aff2d61e2f9b9db189e72d1a11_66ea8355ae4155c39b5a719166b510e3/661b3d93-faf8-69cf-bb7f-004cf91ba94d
2026-04-07T15:37:57.428407Z Warn: Message (uid: 138d87c4-71c0-27a0-06f8-6855dbac1f3a) with no version and not edited has null userDate. using authorSpecificDate
2026-04-07T15:37:57.428547Z Warn: See File here: https://michael.seifert.page/owner/drives/9ff813aff2d61e2f9b9db189e72d1a11_66ea8355ae4155c39b5a719166b510e3/138d87c4-71c0-27a0-06f8-6855dbac1f3a
2026-04-07T15:37:57.428661Z Warn: Message (uid: d06eb3c4-ecbb-cfef-a0d4-7a1fd4fdbd37) with no version and not edited has null userDate. using authorSpecificDate
2026-04-07T15:37:57.428722Z Warn: See File here: https://michael.seifert.page/owner/drives/9ff813aff2d61e2f9b9db189e72d1a11_66ea8355ae4155c39b5a719166b510e3/d06eb3c4-ecbb-cfef-a0d4-7a1fd4fdbd37
2026-04-07T15:37:57.428913Z Warn: Message (uid: 858ab0d3-46ac-32a6-9507-ba34a2ce4f41) with no version and not edited has null userDate. using authorSpecificDate
2026-04-07T15:37:57.429079Z Warn: See File here: https://michael.seifert.page/owner/drives/9ff813aff2d61e2f9b9db189e72d1a11_66ea8355ae4155c39b5a719166b510e3/858ab0d3-46ac-32a6-9507-ba34a2ce4f41
2026-04-07T15:37:57.429344Z Warn: Message (uid: 6776e53f-babf-608e-6ceb-2aa1e48f7288) with no version and not edited has null userDate. using authorSpecificDate
2026-04-07T15:37:57.429475Z Warn: See File here: https://michael.seifert.page/owner/drives/9ff813aff2d61e2f9b9db189e72d1a11_66ea8355ae4155c39b5a719166b510e3/6776e53f-babf-608e-6ceb-2aa1e48f7288
2026-04-07T15:37:57.429616Z Warn: Message (uid: bab84aad-6efb-3c9b-5e8d-f59b01c581d5) with no version and not edited has null userDate. using authorSpecificDate
2026-04-07T15:37:57.429691Z Warn: See File here: https://michael.seifert.page/owner/drives/9ff813aff2d61e2f9b9db189e72d1a11_66ea8355ae4155c39b5a719166b510e3/bab84aad-6efb-3c9b-5e8d-f59b01c581d5
2026-04-07T15:37:57.429798Z Warn: Message (uid: f33667b4-d28c-fd8b-ff76-6dcdd34772fd) with no version and not edited has null userDate. using authorSpecificDate
2026-04-07T15:37:57.429872Z Warn: See File here: https://michael.seifert.page/owner/drives/9ff813aff2d61e2f9b9db189e72d1a11_66ea8355ae4155c39b5a719166b510e3/f33667b4-d28c-fd8b-ff76-6dcdd34772fd
2026-04-07T15:37:57.430005Z Warn: Message (uid: b5cb723a-6f35-c52a-4e66-194be68efa83) with no version and not edited has null userDate. using authorSpecificDate
2026-04-07T15:37:57.430126Z Warn: See File here: https://michael.seifert.page/owner/drives/9ff813aff2d61e2f9b9db189e72d1a11_66ea8355ae4155c39b5a719166b510e3/b5cb723a-6f35-c52a-4e66-194be68efa83
2026-04-07T15:37:57.431047Z Warn: Message (uid: 474e8377-9cfd-b2a2-599e-7796840b6b6b) with no version and not edited has null userDate. using authorSpecificDate
2026-04-07T15:37:57.431302Z Warn: See File here: https://michael.seifert.page/owner/drives/9ff813aff2d61e2f9b9db189e72d1a11_66ea8355ae4155c39b5a719166b510e3/474e8377-9cfd-b2a2-599e-7796840b6b6b
2026-04-07T15:37:57.431713Z Warn: Message (uid: 0ed0060e-a6f0-864a-33ff-229174b7137c) with no version and not edited has null userDate. using authorSpecificDate
2026-04-07T15:37:57.432137Z Warn: See File here: https://michael.seifert.page/owner/drives/9ff813aff2d61e2f9b9db189e72d1a11_66ea8355ae4155c39b5a719166b510e3/0ed0060e-a6f0-864a-33ff-229174b7137c
2026-04-07T15:37:57.432584Z Warn: Message (uid: 3f045ec6-06c5-4b10-33e8-5dd1151b1ee2) with no version and not edited has null userDate. using authorSpecificDate
2026-04-07T15:37:57.43303Z Warn: See File here: https://michael.seifert.page/owner/drives/9ff813aff2d61e2f9b9db189e72d1a11_66ea8355ae4155c39b5a719166b510e3/3f045ec6-06c5-4b10-33e8-5dd1151b1ee2
2026-04-07T15:37:57.433468Z Warn: Message (uid: 80cdd123-81dc-3149-2e09-db4ee75837cd) with no version and not edited has null userDate. using authorSpecificDate
2026-04-07T15:37:57.433751Z Warn: See File here: https://michael.seifert.page/owner/drives/9ff813aff2d61e2f9b9db189e72d1a11_66ea8355ae4155c39b5a719166b510e3/80cdd123-81dc-3149-2e09-db4ee75837cd
2026-04-07T15:37:57.434421Z Warn: Message (uid: e0177d9f-ceb2-32a8-74f6-83e0a4fcd4ee) with no version and not edited has null userDate. using authorSpecificDate
2026-04-07T15:37:57.434841Z Warn: See File here: https://michael.seifert.page/owner/drives/9ff813aff2d61e2f9b9db189e72d1a11_66ea8355ae4155c39b5a719166b510e3/e0177d9f-ceb2-32a8-74f6-83e0a4fcd4ee
2026-04-07T15:37:57.43531Z Warn: Message (uid: b393aea4-04c7-fa5d-9864-354cdae20932) with no version and not edited has null userDate. using authorSpecificDate
2026-04-07T15:37:57.435578Z Warn: See File here: https://michael.seifert.page/owner/drives/9ff813aff2d61e2f9b9db189e72d1a11_66ea8355ae4155c39b5a719166b510e3/b393aea4-04c7-fa5d-9864-354cdae20932
2026-04-07T15:37:57.436037Z Warn: Message (uid: 71df70d7-009d-9a79-92fe-2df6c6f193c6) with no version and not edited has null userDate. using authorSpecificDate
2026-04-07T15:37:57.436195Z Warn: See File here: https://michael.seifert.page/owner/drives/9ff813aff2d61e2f9b9db189e72d1a11_66ea8355ae4155c39b5a719166b510e3/71df70d7-009d-9a79-92fe-2df6c6f193c6
2026-04-07T15:37:57.436744Z Warn: Message (uid: 4bbcb0b2-985e-7fdc-42f4-d803a20e6934) with no version and not edited has null userDate. using authorSpecificDate
2026-04-07T15:37:57.436852Z Warn: See File here: https://michael.seifert.page/owner/drives/9ff813aff2d61e2f9b9db189e72d1a11_66ea8355ae4155c39b5a719166b510e3/4bbcb0b2-985e-7fdc-42f4-d803a20e6934
2026-04-07T15:37:57.437229Z Warn: Message (uid: 36a7a327-2afe-5357-dfe8-b78d9c0a1e6c) with no version and not edited has null userDate. using authorSpecificDate
2026-04-07T15:37:57.437531Z Warn: See File here: https://michael.seifert.page/owner/drives/9ff813aff2d61e2f9b9db189e72d1a11_66ea8355ae4155c39b5a719166b510e3/36a7a327-2afe-5357-dfe8-b78d9c0a1e6c
2026-04-07T15:37:57.438583Z Warn: Message (uid: 75330c99-64df-40b6-a357-19f87dafce6b) with no version and not edited has null userDate. using authorSpecificDate
2026-04-07T15:37:57.438872Z Warn: See File here: https://michael.seifert.page/owner/drives/9ff813aff2d61e2f9b9db189e72d1a11_66ea8355ae4155c39b5a719166b510e3/75330c99-64df-40b6-a357-19f87dafce6b
2026-04-07T15:37:57.439153Z Warn: Message (uid: d25e3b33-f813-0eff-6338-f83bcbfc02e1) with no version and not edited has null userDate. using authorSpecificDate
2026-04-07T15:37:57.439253Z Warn: See File here: https://michael.seifert.page/owner/drives/9ff813aff2d61e2f9b9db189e72d1a11_66ea8355ae4155c39b5a719166b510e3/d25e3b33-f813-0eff-6338-f83bcbfc02e1
2026-04-07T15:37:57.439471Z Warn: Message (uid: 9641447b-7437-f8f8-fead-ad27ebf4066b) with no version and not edited has null userDate. using authorSpecificDate
2026-04-07T15:37:57.439594Z Warn: See File here: https://michael.seifert.page/owner/drives/9ff813aff2d61e2f9b9db189e72d1a11_66ea8355ae4155c39b5a719166b510e3/9641447b-7437-f8f8-fead-ad27ebf4066b
2026-04-07T15:37:57.439708Z Warn: Message (uid: 3d70759d-d3f2-2403-6388-443043a5fbee) with no version and not edited has null userDate. using authorSpecificDate
2026-04-07T15:37:57.439801Z Warn: See File here: https://michael.seifert.page/owner/drives/9ff813aff2d61e2f9b9db189e72d1a11_66ea8355ae4155c39b5a719166b510e3/3d70759d-d3f2-2403-6388-443043a5fbee
2026-04-07T15:37:57.440037Z Warn: Message (uid: d97800b7-03d4-9971-6810-69b048581a23) with no version and not edited has null userDate. using authorSpecificDate
2026-04-07T15:37:57.440171Z Warn: See File here: https://michael.seifert.page/owner/drives/9ff813aff2d61e2f9b9db189e72d1a11_66ea8355ae4155c39b5a719166b510e3/d97800b7-03d4-9971-6810-69b048581a23
2026-04-07T15:37:57.440537Z Warn: Message (uid: 70b587f6-4f52-a7fe-a62c-02d802bab014) with no version and not edited has null userDate. using authorSpecificDate
2026-04-07T15:37:57.440644Z Warn: See File here: https://michael.seifert.page/owner/drives/9ff813aff2d61e2f9b9db189e72d1a11_66ea8355ae4155c39b5a719166b510e3/70b587f6-4f52-a7fe-a62c-02d802bab014
2026-04-07T15:37:57.440821Z Warn: Message (uid: 9ce1017a-5b3d-b02c-7027-88a2152a58ac) with no version and not edited has null userDate. using authorSpecificDate
2026-04-07T15:37:57.440945Z Warn: See File here: https://michael.seifert.page/owner/drives/9ff813aff2d61e2f9b9db189e72d1a11_66ea8355ae4155c39b5a719166b510e3/9ce1017a-5b3d-b02c-7027-88a2152a58ac
2026-04-07T15:37:57.441333Z Warn: Message (uid: 1f838a82-a107-dcf4-7988-6b4e248c89fe) with no version and not edited has null userDate. using authorSpecificDate
2026-04-07T15:37:57.441471Z Warn: See File here: https://michael.seifert.page/owner/drives/9ff813aff2d61e2f9b9db189e72d1a11_66ea8355ae4155c39b5a719166b510e3/1f838a82-a107-dcf4-7988-6b4e248c89fe
2026-04-07T15:37:57.441579Z Warn: Message (uid: 46dbe959-cee1-87eb-dd9b-dbb0f6f69421) with no version and not edited has null userDate. using authorSpecificDate
2026-04-07T15:37:57.441695Z Warn: See File here: https://michael.seifert.page/owner/drives/9ff813aff2d61e2f9b9db189e72d1a11_66ea8355ae4155c39b5a719166b510e3/46dbe959-cee1-87eb-dd9b-dbb0f6f69421
2026-04-07T15:37:57.441969Z Warn: Message (uid: 7fd4d212-0e04-a8d3-f647-af97bc8f0cf3) with no version and not edited has null userDate. using authorSpecificDate
2026-04-07T15:37:57.442166Z Warn: See File here: https://michael.seifert.page/owner/drives/9ff813aff2d61e2f9b9db189e72d1a11_66ea8355ae4155c39b5a719166b510e3/7fd4d212-0e04-a8d3-f647-af97bc8f0cf3
2026-04-07T15:37:57.442419Z Warn: Message (uid: e4d4dbb1-74d8-58a6-35a8-61e122612849) with no version and not edited has null userDate. using authorSpecificDate
2026-04-07T15:37:57.442594Z Warn: See File here: https://michael.seifert.page/owner/drives/9ff813aff2d61e2f9b9db189e72d1a11_66ea8355ae4155c39b5a719166b510e3/e4d4dbb1-74d8-58a6-35a8-61e122612849
2026-04-07T15:37:57.442813Z Warn: Message (uid: 533fd013-964d-4610-7221-527b3e78136d) with no version and not edited has null userDate. using authorSpecificDate
2026-04-07T15:37:57.442935Z Warn: See File here: https://michael.seifert.page/owner/drives/9ff813aff2d61e2f9b9db189e72d1a11_66ea8355ae4155c39b5a719166b510e3/533fd013-964d-4610-7221-527b3e78136d
2026-04-07T15:37:57.443058Z Warn: Message (uid: b970bb4f-cc17-09aa-618e-7abb43a359c5) with no version and not edited has null userDate. using authorSpecificDate
2026-04-07T15:37:57.443143Z Warn: See File here: https://michael.seifert.page/owner/drives/9ff813aff2d61e2f9b9db189e72d1a11_66ea8355ae4155c39b5a719166b510e3/b970bb4f-cc17-09aa-618e-7abb43a359c5
2026-04-07T15:37:57.44334Z Warn: Message (uid: c0dee493-347a-8306-076d-9becab102f0c) with no version and not edited has null userDate. using authorSpecificDate
2026-04-07T15:37:57.443527Z Warn: See File here: https://michael.seifert.page/owner/drives/9ff813aff2d61e2f9b9db189e72d1a11_66ea8355ae4155c39b5a719166b510e3/c0dee493-347a-8306-076d-9becab102f0c
2026-04-07T15:37:57.443707Z Warn: Message (uid: c094b85b-3d75-2b3d-95db-16b38e56eaf2) with no version and not edited has null userDate. using authorSpecificDate
2026-04-07T15:37:57.443793Z Warn: See File here: https://michael.seifert.page/owner/drives/9ff813aff2d61e2f9b9db189e72d1a11_66ea8355ae4155c39b5a719166b510e3/c094b85b-3d75-2b3d-95db-16b38e56eaf2
2026-04-07T15:37:57.444023Z Warn: Message (uid: 096bab3c-49e4-ec81-98be-a273527d6fb2) with no version and not edited has null userDate. using authorSpecificDate
2026-04-07T15:37:57.444137Z Warn: See File here: https://michael.seifert.page/owner/drives/9ff813aff2d61e2f9b9db189e72d1a11_66ea8355ae4155c39b5a719166b510e3/096bab3c-49e4-ec81-98be-a273527d6fb2
2026-04-07T15:37:57.4444Z Warn: Message (uid: f1af3f9c-b7a3-0b4f-20a0-83d0b459bbd1) with no version and not edited has null userDate. using authorSpecificDate
2026-04-07T15:37:57.444583Z Warn: See File here: https://michael.seifert.page/owner/drives/9ff813aff2d61e2f9b9db189e72d1a11_66ea8355ae4155c39b5a719166b510e3/f1af3f9c-b7a3-0b4f-20a0-83d0b459bbd1
2026-04-07T15:37:57.444718Z Warn: Message (uid: 6778dd6e-2217-29d3-a5d5-baae94a1a3a1) with no version and not edited has null userDate. using authorSpecificDate
2026-04-07T15:37:57.444828Z Warn: See File here: https://michael.seifert.page/owner/drives/9ff813aff2d61e2f9b9db189e72d1a11_66ea8355ae4155c39b5a719166b510e3/6778dd6e-2217-29d3-a5d5-baae94a1a3a1
2026-04-07T15:37:57.44507Z Warn: Message (uid: 93683db0-d49a-4bee-a3ac-ec071e34c85d) with no version and not edited has null userDate. using authorSpecificDate
2026-04-07T15:37:57.445156Z Warn: See File here: https://michael.seifert.page/owner/drives/9ff813aff2d61e2f9b9db189e72d1a11_66ea8355ae4155c39b5a719166b510e3/93683db0-d49a-4bee-a3ac-ec071e34c85d
2026-04-07T15:37:57.44529Z Warn: Message (uid: 043bdebf-6c63-8e8f-e3fb-00c987c1a7c0) with no version and not edited has null userDate. using authorSpecificDate
2026-04-07T15:37:57.445353Z Warn: See File here: https://michael.seifert.page/owner/drives/9ff813aff2d61e2f9b9db189e72d1a11_66ea8355ae4155c39b5a719166b510e3/043bdebf-6c63-8e8f-e3fb-00c987c1a7c0
2026-04-07T15:37:57.445555Z Warn: Message (uid: a63cf2e8-8b01-7d4e-29bd-3c203111341b) with no version and not edited has null userDate. using authorSpecificDate
2026-04-07T15:37:57.445628Z Warn: See File here: https://michael.seifert.page/owner/drives/9ff813aff2d61e2f9b9db189e72d1a11_66ea8355ae4155c39b5a719166b510e3/a63cf2e8-8b01-7d4e-29bd-3c203111341b
2026-04-07T15:37:57.445712Z Warn: Message (uid: 0bfede4c-2feb-abbc-68d8-6e2dac75af91) with no version and not edited has null userDate. using authorSpecificDate
2026-04-07T15:37:57.445737Z Warn: See File here: https://michael.seifert.page/owner/drives/9ff813aff2d61e2f9b9db189e72d1a11_66ea8355ae4155c39b5a719166b510e3/0bfede4c-2feb-abbc-68d8-6e2dac75af91
2026-04-07T15:37:57.445859Z Warn: Message (uid: 232f3b82-3251-6d44-7bff-c1bc11b76ac0) with no version and not edited has null userDate. using authorSpecificDate
2026-04-07T15:37:57.446038Z Warn: See File here: https://michael.seifert.page/owner/drives/9ff813aff2d61e2f9b9db189e72d1a11_66ea8355ae4155c39b5a719166b510e3/232f3b82-3251-6d44-7bff-c1bc11b76ac0
2026-04-07T15:37:57.446215Z Warn: Message (uid: f14c4367-3038-485b-b595-6029b2894405) with no version and not edited has null userDate. using authorSpecificDate
2026-04-07T15:37:57.446346Z Warn: See File here: https://michael.seifert.page/owner/drives/9ff813aff2d61e2f9b9db189e72d1a11_66ea8355ae4155c39b5a719166b510e3/f14c4367-3038-485b-b595-6029b2894405
2026-04-07T15:37:57.446504Z Warn: Message (uid: 3c9b720e-32a3-d958-a925-41d6b8383657) with no version and not edited has null userDate. using authorSpecificDate
2026-04-07T15:37:57.446621Z Warn: See File here: https://michael.seifert.page/owner/drives/9ff813aff2d61e2f9b9db189e72d1a11_66ea8355ae4155c39b5a719166b510e3/3c9b720e-32a3-d958-a925-41d6b8383657
2026-04-07T15:37:57.446763Z Warn: Message (uid: b5a7ea5c-6dc8-e2ed-6888-e323314e10b6) with no version and not edited has null userDate. using authorSpecificDate
2026-04-07T15:37:57.446857Z Warn: See File here: https://michael.seifert.page/owner/drives/9ff813aff2d61e2f9b9db189e72d1a11_66ea8355ae4155c39b5a719166b510e3/b5a7ea5c-6dc8-e2ed-6888-e323314e10b6
2026-04-07T15:37:57.446988Z Warn: Message (uid: c28b7d15-52f9-fca7-7dfe-cfcef206fc5a) with no version and not edited has null userDate. using authorSpecificDate
2026-04-07T15:37:57.447085Z Warn: See File here: https://michael.seifert.page/owner/drives/9ff813aff2d61e2f9b9db189e72d1a11_66ea8355ae4155c39b5a719166b510e3/c28b7d15-52f9-fca7-7dfe-cfcef206fc5a
2026-04-07T15:37:57.447207Z Warn: Message (uid: 73abd7f5-613c-a940-5400-aeceba355e15) with no version and not edited has null userDate. using authorSpecificDate
2026-04-07T15:37:57.447319Z Warn: See File here: https://michael.seifert.page/owner/drives/9ff813aff2d61e2f9b9db189e72d1a11_66ea8355ae4155c39b5a719166b510e3/73abd7f5-613c-a940-5400-aeceba355e15
2026-04-07T15:37:57.447492Z Warn: Message (uid: e6554fde-1e64-d4b7-0023-47c02bd795fc) with no version and not edited has null userDate. using authorSpecificDate
2026-04-07T15:37:57.447618Z Warn: See File here: https://michael.seifert.page/owner/drives/9ff813aff2d61e2f9b9db189e72d1a11_66ea8355ae4155c39b5a719166b510e3/e6554fde-1e64-d4b7-0023-47c02bd795fc
2026-04-07T15:37:57.447833Z Warn: Message (uid: d8184b80-4733-83fc-e888-88a9297193e2) with no version and not edited has null userDate. using authorSpecificDate
2026-04-07T15:37:57.447986Z Warn: See File here: https://michael.seifert.page/owner/drives/9ff813aff2d61e2f9b9db189e72d1a11_66ea8355ae4155c39b5a719166b510e3/d8184b80-4733-83fc-e888-88a9297193e2
2026-04-07T15:37:57.448137Z Warn: Message (uid: 1616ef1e-ef7e-330f-7d73-644a961586ac) with no version and not edited has null userDate. using authorSpecificDate
2026-04-07T15:37:57.448257Z Warn: See File here: https://michael.seifert.page/owner/drives/9ff813aff2d61e2f9b9db189e72d1a11_66ea8355ae4155c39b5a719166b510e3/1616ef1e-ef7e-330f-7d73-644a961586ac
2026-04-07T15:37:57.448388Z Warn: Message (uid: b159fba2-67cb-d0da-b3ba-1e03eecd932b) with no version and not edited has null userDate. using authorSpecificDate
2026-04-07T15:37:57.448497Z Warn: See File here: https://michael.seifert.page/owner/drives/9ff813aff2d61e2f9b9db189e72d1a11_66ea8355ae4155c39b5a719166b510e3/b159fba2-67cb-d0da-b3ba-1e03eecd932b
2026-04-07T15:37:57.448635Z Warn: Message (uid: 79ed2bf9-0516-e6be-1c06-d5b4ff846326) with no version and not edited has null userDate. using authorSpecificDate
2026-04-07T15:37:57.448735Z Warn: See File here: https://michael.seifert.page/owner/drives/9ff813aff2d61e2f9b9db189e72d1a11_66ea8355ae4155c39b5a719166b510e3/79ed2bf9-0516-e6be-1c06-d5b4ff846326
2026-04-07T15:37:57.448871Z Warn: Message (uid: b0c99aa9-21b9-38c4-b7f3-35334e755c7e) with no version and not edited has null userDate. using authorSpecificDate
2026-04-07T15:37:57.449015Z Warn: See File here: https://michael.seifert.page/owner/drives/9ff813aff2d61e2f9b9db189e72d1a11_66ea8355ae4155c39b5a719166b510e3/b0c99aa9-21b9-38c4-b7f3-35334e755c7e
2026-04-07T15:37:57.449144Z Warn: Message (uid: c7fbbcd8-a59a-c8e2-9f2a-1e82f6cc0533) with no version and not edited has null userDate. using authorSpecificDate
2026-04-07T15:37:57.449276Z Warn: See File here: https://michael.seifert.page/owner/drives/9ff813aff2d61e2f9b9db189e72d1a11_66ea8355ae4155c39b5a719166b510e3/c7fbbcd8-a59a-c8e2-9f2a-1e82f6cc0533
2026-04-07T15:37:57.44943Z Warn: Message (uid: 1a92286a-ab93-c258-638b-a51646ee5558) with no version and not edited has null userDate. using authorSpecificDate
2026-04-07T15:37:57.449536Z Warn: See File here: https://michael.seifert.page/owner/drives/9ff813aff2d61e2f9b9db189e72d1a11_66ea8355ae4155c39b5a719166b510e3/1a92286a-ab93-c258-638b-a51646ee5558
2026-04-07T15:37:57.449672Z Warn: Message (uid: dd73b1c9-d11f-0b2f-51a4-7f3992257e3a) with no version and not edited has null userDate. using authorSpecificDate
2026-04-07T15:37:57.449771Z Warn: See File here: https://michael.seifert.page/owner/drives/9ff813aff2d61e2f9b9db189e72d1a11_66ea8355ae4155c39b5a719166b510e3/dd73b1c9-d11f-0b2f-51a4-7f3992257e3a
2026-04-07T15:37:57.449915Z Warn: Message (uid: d9b905a3-69c5-62f3-e6a3-ed330cf205fb) with no version and not edited has null userDate. using authorSpecificDate
2026-04-07T15:37:57.450171Z Warn: See File here: https://michael.seifert.page/owner/drives/9ff813aff2d61e2f9b9db189e72d1a11_66ea8355ae4155c39b5a719166b510e3/d9b905a3-69c5-62f3-e6a3-ed330cf205fb
2026-04-07T15:37:57.450375Z Warn: Message (uid: 703b7028-96ae-28bc-3552-efc5e1d2c84b) with no version and not edited has null userDate. using authorSpecificDate
2026-04-07T15:37:57.450488Z Warn: See File here: https://michael.seifert.page/owner/drives/9ff813aff2d61e2f9b9db189e72d1a11_66ea8355ae4155c39b5a719166b510e3/703b7028-96ae-28bc-3552-efc5e1d2c84b
2026-04-07T15:37:57.450797Z Debug: ChatMessageStream: loadConversation(fb778fd4-0387-81aa-4c13-ca4e17da9ea8) → 418 messages
2026-04-07T15:37:57.456475Z Info: Getting saved scroll position
2026-04-07T15:37:57.458184Z Info: Pre-initializing scroll position: id=fb778fd4-0387-81aa-4c13-ca4e17da9ea8 -> 496:47
2026-04-07T15:37:57.484669Z Info: (ConversationListUi) Restore detail pane for fb778fd4-0387-81aa-4c13-ca4e17da9ea8
2026-04-07T15:37:57.787973Z Info: Scroll changed: id=fb778fd4-0387-81aa-4c13-ca4e17da9ea8 -> 496:47
2026-04-07T15:37:58.211842Z Debug: markAsRead: convo=fb778fd4-0387-81aa-4c13-ca4e17da9ea8 unread=0/6 newReadTime=1775576278212
2026-04-07T15:37:58.917455Z Info: Scroll changed: id=fb778fd4-0387-81aa-4c13-ca4e17da9ea8 -> 497:119
2026-04-07T15:38:01.307448Z Debug: ConversationStream: BatchReceived 1 files (conversations=1, messages=0, adminFiles=0)
2026-04-07T15:38:01.307523Z Debug: ChatMessageStream: processIncrementalBatch 0 messages across 0 conversation(s)
2026-04-07T15:38:01.336287Z Info: Popping Outbox
2026-04-07T15:38:01.351097Z Info: Popping Outbox
2026-04-07T15:38:01.351982Z Info: Log the data from the outboxRecord here...
2026-04-07T15:38:01.352186Z Info: No more items in outbox
2026-04-07T15:38:01.422741Z Info: Popping Outbox
2026-04-07T15:38:01.424846Z Info: No more items in outbox
2026-04-07T15:38:01.652741Z Info: Synchronizing drive 9ff813af-f2d6-1e2f-9b9d-b189e72d1a11
2026-04-07T15:38:01.792936Z Info: Received 1 records from QueryBatch() on Drive 9ff813af-f2d6-1e2f-9b9d-b189e72d1a11
2026-04-07T15:38:01.808823Z Debug: ConversationStream: BatchReceived 1 files (conversations=1, messages=0, adminFiles=0)
2026-04-07T15:38:01.80893Z Debug: ChatMessageStream: processIncrementalBatch 0 messages across 0 conversation(s)
2026-04-07T15:38:01.809297Z Debug: DriveSync: all DB writes complete for drive 9ff813af-f2d6-1e2f-9b9d-b189e72d1a11 (1 total records)
2026-04-07T15:38:01.809805Z Debug: ChatMessageStream: Stopped(totalCount=1)
2026-04-07T15:38:01.809835Z Debug: Drive 9ff813af-f2d6-1e2f-9b9d-b189e72d1a11 synchronized with 1 records read.
2026-04-07T15:38:01.810481Z Debug: ConversationStream: Stopped(totalCount=1)
2026-04-07T15:38:01.820299Z Error: (HomebaseImageLoader) Non-retriable exception: Not found
2026-04-07T15:38:09.874937Z Debug: ConversationStream: BatchReceived 1 files (conversations=1, messages=0, adminFiles=0)
2026-04-07T15:38:09.87505Z Debug: ChatMessageStream: processIncrementalBatch 0 messages across 0 conversation(s)
2026-04-07T15:38:09.885238Z Info: Popping Outbox
2026-04-07T15:38:09.900651Z Info: Popping Outbox
2026-04-07T15:38:09.900762Z Info: Log the data from the outboxRecord here...
2026-04-07T15:38:09.902861Z Info: No more items in outbox
2026-04-07T15:38:09.977137Z Info: Popping Outbox
2026-04-07T15:38:09.980112Z Info: No more items in outbox
2026-04-07T15:38:10.205009Z Info: Synchronizing drive 9ff813af-f2d6-1e2f-9b9d-b189e72d1a11
2026-04-07T15:38:10.341098Z Info: Received 1 records from QueryBatch() on Drive 9ff813af-f2d6-1e2f-9b9d-b189e72d1a11
2026-04-07T15:38:10.354746Z Debug: ChatMessageStream: processIncrementalBatch 0 messages across 0 conversation(s)
2026-04-07T15:38:10.354576Z Debug: ConversationStream: BatchReceived 1 files (conversations=1, messages=0, adminFiles=0)
2026-04-07T15:38:10.355663Z Debug: DriveSync: all DB writes complete for drive 9ff813af-f2d6-1e2f-9b9d-b189e72d1a11 (1 total records)
2026-04-07T15:38:10.356765Z Debug: ChatMessageStream: Stopped(totalCount=1)
2026-04-07T15:38:10.356804Z Debug: Drive 9ff813af-f2d6-1e2f-9b9d-b189e72d1a11 synchronized with 1 records read.
2026-04-07T15:38:10.357945Z Info: Synchronizing drive 9ff813af-f2d6-1e2f-9b9d-b189e72d1a11
2026-04-07T15:38:10.358097Z Debug: ConversationStream: Stopped(totalCount=1)
2026-04-07T15:38:10.382782Z Error: (HomebaseImageLoader) Non-retriable exception: Not found
2026-04-07T15:38:10.502594Z Info: Received 0 records from QueryBatch() on Drive 9ff813af-f2d6-1e2f-9b9d-b189e72d1a11
2026-04-07T15:38:10.503286Z Debug: DriveSync: all DB writes complete for drive 9ff813af-f2d6-1e2f-9b9d-b189e72d1a11 (0 total records)
2026-04-07T15:38:10.504109Z Debug: ConversationStream: Stopped(totalCount=0)
2026-04-07T15:38:10.504185Z Debug: Drive 9ff813af-f2d6-1e2f-9b9d-b189e72d1a11 synchronized with 0 records read.
2026-04-07T15:38:10.504308Z Debug: ChatMessageStream: Stopped(totalCount=0)
2026-04-07T15:38:12.947548Z Debug: ChatMessageStream: processIncrementalBatch 0 messages across 0 conversation(s)
2026-04-07T15:38:12.947498Z Debug: ConversationStream: BatchReceived 1 files (conversations=1, messages=0, adminFiles=0)
2026-04-07T15:38:12.960477Z Info: Popping Outbox
2026-04-07T15:38:12.96895Z Info: Popping Outbox
2026-04-07T15:38:12.969994Z Info: Log the data from the outboxRecord here...
2026-04-07T15:38:12.970395Z Info: No more items in outbox
2026-04-07T15:38:13.04331Z Info: Popping Outbox
2026-04-07T15:38:13.045005Z Info: No more items in outbox
2026-04-07T15:38:13.269323Z Info: Synchronizing drive 9ff813af-f2d6-1e2f-9b9d-b189e72d1a11
2026-04-07T15:38:13.412648Z Info: Received 1 records from QueryBatch() on Drive 9ff813af-f2d6-1e2f-9b9d-b189e72d1a11
2026-04-07T15:38:13.430504Z Debug: ConversationStream: BatchReceived 1 files (conversations=1, messages=0, adminFiles=0)
2026-04-07T15:38:13.430529Z Debug: DriveSync: all DB writes complete for drive 9ff813af-f2d6-1e2f-9b9d-b189e72d1a11 (1 total records)
2026-04-07T15:38:13.430873Z Debug: ChatMessageStream: processIncrementalBatch 0 messages across 0 conversation(s)
2026-04-07T15:38:13.431435Z Debug: ConversationStream: Stopped(totalCount=1)
2026-04-07T15:38:13.431536Z Debug: ChatMessageStream: Stopped(totalCount=1)
2026-04-07T15:38:13.431861Z Debug: Drive 9ff813af-f2d6-1e2f-9b9d-b189e72d1a11 synchronized with 1 records read.
2026-04-07T15:38:13.432804Z Info: Synchronizing drive 9ff813af-f2d6-1e2f-9b9d-b189e72d1a11
2026-04-07T15:38:13.462756Z Error: (HomebaseImageLoader) Non-retriable exception: Not found
2026-04-07T15:38:13.568012Z Info: Received 0 records from QueryBatch() on Drive 9ff813af-f2d6-1e2f-9b9d-b189e72d1a11
2026-04-07T15:38:13.56831Z Debug: DriveSync: all DB writes complete for drive 9ff813af-f2d6-1e2f-9b9d-b189e72d1a11 (0 total records)
2026-04-07T15:38:13.571364Z Debug: ConversationStream: Stopped(totalCount=0)
2026-04-07T15:38:13.571503Z Debug: ChatMessageStream: Stopped(totalCount=0)
2026-04-07T15:38:13.571433Z Debug: Drive 9ff813af-f2d6-1e2f-9b9d-b189e72d1a11 synchronized with 0 records read.
2026-04-07T15:38:17.925055Z Debug: ConversationStream: BatchReceived 1 files (conversations=1, messages=0, adminFiles=0)
2026-04-07T15:38:17.925234Z Debug: ChatMessageStream: processIncrementalBatch 0 messages across 0 conversation(s)
2026-04-07T15:38:17.951842Z Info: Popping Outbox
2026-04-07T15:38:17.961837Z Info: Popping Outbox
2026-04-07T15:38:17.961973Z Info: Log the data from the outboxRecord here...
2026-04-07T15:38:17.962593Z Info: No more items in outbox
2026-04-07T15:38:18.076854Z Info: Popping Outbox
2026-04-07T15:38:18.078856Z Info: No more items in outbox
2026-04-07T15:38:18.30327Z Info: Synchronizing drive 9ff813af-f2d6-1e2f-9b9d-b189e72d1a11
2026-04-07T15:38:18.430016Z Info: Received 1 records from QueryBatch() on Drive 9ff813af-f2d6-1e2f-9b9d-b189e72d1a11
2026-04-07T15:38:18.434084Z Error: (HomebaseImageLoader) Non-retriable exception: Not found
2026-04-07T15:38:18.44737Z Debug: ChatMessageStream: processIncrementalBatch 0 messages across 0 conversation(s)
2026-04-07T15:38:18.44754Z Debug: ConversationStream: BatchReceived 1 files (conversations=1, messages=0, adminFiles=0)
2026-04-07T15:38:18.447683Z Debug: DriveSync: all DB writes complete for drive 9ff813af-f2d6-1e2f-9b9d-b189e72d1a11 (1 total records)
2026-04-07T15:38:18.44898Z Debug: ChatMessageStream: Stopped(totalCount=1)
2026-04-07T15:38:18.449049Z Debug: Drive 9ff813af-f2d6-1e2f-9b9d-b189e72d1a11 synchronized with 1 records read.
2026-04-07T15:38:18.450448Z Debug: ConversationStream: Stopped(totalCount=1)
2026-04-07T15:38:18.450672Z Info: Synchronizing drive 9ff813af-f2d6-1e2f-9b9d-b189e72d1a11
2026-04-07T15:38:18.582331Z Info: Received 0 records from QueryBatch() on Drive 9ff813af-f2d6-1e2f-9b9d-b189e72d1a11
2026-04-07T15:38:18.583263Z Debug: DriveSync: all DB writes complete for drive 9ff813af-f2d6-1e2f-9b9d-b189e72d1a11 (0 total records)
2026-04-07T15:38:18.585099Z Debug: Drive 9ff813af-f2d6-1e2f-9b9d-b189e72d1a11 synchronized with 0 records read.
2026-04-07T15:38:18.585053Z Debug: ChatMessageStream: Stopped(totalCount=0)
2026-04-07T15:38:18.585548Z Debug: ConversationStream: Stopped(totalCount=0)
2026-04-07T15:38:25.606957Z Debug: ChatMessageStream: loadConversation(8ed60f53-3419-416d-a721-7e3ed9d1f0c5)
2026-04-07T15:38:25.607382Z Info: (ConversationListUi) Navigating to detail for 8ed60f53-3419-416d-a721-7e3ed9d1f0c5
2026-04-07T15:38:25.610246Z Info: Pre-initializing empty scroll position: id=8ed60f53-3419-416d-a721-7e3ed9d1f0c5
2026-04-07T15:38:25.809706Z Debug: ChatMessageStream: loadConversation(8ed60f53-3419-416d-a721-7e3ed9d1f0c5) → 2 messages
2026-04-07T15:38:25.810607Z Info: Getting saved scroll position
2026-04-07T15:38:25.818528Z Info: Pre-initializing scroll position at bottom: id=8ed60f53-3419-416d-a721-7e3ed9d1f0c5
2026-04-07T15:38:25.839615Z Info: (ConversationListUi) Restore detail pane for 8ed60f53-3419-416d-a721-7e3ed9d1f0c5
2026-04-07T15:38:26.141821Z Info: Scroll changed: id=8ed60f53-3419-416d-a721-7e3ed9d1f0c5 -> 0:0
2026-04-07T15:38:40.459814Z Info: Connecting to WebSocket at wss://michael.seifert.page/api/apps/v1/notify/ws
2026-04-07T15:38:40.468143Z Info: WebSocket connection ended
2026-04-07T15:38:40.487418Z Error: WebSocket connect failed Unable to resolve host "michael.seifert.page": No address associated with hostname
java.net.UnknownHostException: Unable to resolve host "michael.seifert.page": No address associated with hostname
	at java.net.Inet6AddressImpl.lookupHostByName(Inet6AddressImpl.java:156)
	at java.net.Inet6AddressImpl.lookupAllHostAddr(Inet6AddressImpl.java:103)
	at java.net.InetAddress.getAllByName(InetAddress.java:1152)
	at wf5.b(r8-map-id-fc73651334f76fbacb9920b2bd292de61c7927b00aa67b5cad751dd660dc3e6f:393)
	at m92.d(r8-map-id-fc73651334f76fbacb9920b2bd292de61c7927b00aa67b5cad751dd660dc3e6f:12)
	at m92.a(r8-map-id-fc73651334f76fbacb9920b2bd292de61c7927b00aa67b5cad751dd660dc3e6f:77)
	at uc0.a(r8-map-id-fc73651334f76fbacb9920b2bd292de61c7927b00aa67b5cad751dd660dc3e6f:455)
	at sf5.b(r8-map-id-fc73651334f76fbacb9920b2bd292de61c7927b00aa67b5cad751dd660dc3e6f:104)
	at uc0.a(r8-map-id-fc73651334f76fbacb9920b2bd292de61c7927b00aa67b5cad751dd660dc3e6f:151)
	at sf5.b(r8-map-id-fc73651334f76fbacb9920b2bd292de61c7927b00aa67b5cad751dd660dc3e6f:104)
	at b70.a(r8-map-id-fc73651334f76fbacb9920b2bd292de61c7927b00aa67b5cad751dd660dc3e6f:586)
	at sf5.b(r8-map-id-fc73651334f76fbacb9920b2bd292de61c7927b00aa67b5cad751dd660dc3e6f:104)
	at b70.a(r8-map-id-fc73651334f76fbacb9920b2bd292de61c7927b00aa67b5cad751dd660dc3e6f:215)
	at sf5.b(r8-map-id-fc73651334f76fbacb9920b2bd292de61c7927b00aa67b5cad751dd660dc3e6f:104)
	at jf5.g(r8-map-id-fc73651334f76fbacb9920b2bd292de61c7927b00aa67b5cad751dd660dc3e6f:92)
	at gf5.run(r8-map-id-fc73651334f76fbacb9920b2bd292de61c7927b00aa67b5cad751dd660dc3e6f:42)
	at java.util.concurrent.ThreadPoolExecutor.runWorker(ThreadPoolExecutor.java:1154)
	at java.util.concurrent.ThreadPoolExecutor$Worker.run(ThreadPoolExecutor.java:652)
	at java.lang.Thread.run(Thread.java:1564)
Caused by: android.system.GaiException: android_getaddrinfo failed: EAI_NODATA (No address associated with hostname)
	at libcore.io.Linux.android_getaddrinfo(Native Method)
	at libcore.io.ForwardingOs.android_getaddrinfo(ForwardingOs.java:134)
	at libcore.io.BlockGuardOs.android_getaddrinfo(BlockGuardOs.java:222)
	at libcore.io.ForwardingOs.android_getaddrinfo(ForwardingOs.java:134)
	at java.net.Inet6AddressImpl.lookupHostByName(Inet6AddressImpl.java:135)
	... 18 more

2026-04-07T15:38:40.489378Z Warn: WebSocket disconnected, retrying in 5000ms
2026-04-07T15:38:44.715556Z Info: Delay completed, reconnecting...
2026-04-07T15:38:44.719566Z Info: Connecting to WebSocket at wss://michael.seifert.page/api/apps/v1/notify/ws
2026-04-07T15:38:44.743939Z Error: WebSocket connect failed Unable to resolve host "michael.seifert.page": No address associated with hostname
java.net.UnknownHostException: Unable to resolve host "michael.seifert.page": No address associated with hostname
	at java.net.Inet6AddressImpl.lookupHostByName(Inet6AddressImpl.java:156)
	at java.net.Inet6AddressImpl.lookupAllHostAddr(Inet6AddressImpl.java:103)
	at java.net.InetAddress.getAllByName(InetAddress.java:1152)
	at wf5.b(r8-map-id-fc73651334f76fbacb9920b2bd292de61c7927b00aa67b5cad751dd660dc3e6f:393)
	at m92.d(r8-map-id-fc73651334f76fbacb9920b2bd292de61c7927b00aa67b5cad751dd660dc3e6f:12)
	at m92.a(r8-map-id-fc73651334f76fbacb9920b2bd292de61c7927b00aa67b5cad751dd660dc3e6f:77)
	at uc0.a(r8-map-id-fc73651334f76fbacb9920b2bd292de61c7927b00aa67b5cad751dd660dc3e6f:455)
	at sf5.b(r8-map-id-fc73651334f76fbacb9920b2bd292de61c7927b00aa67b5cad751dd660dc3e6f:104)
	at uc0.a(r8-map-id-fc73651334f76fbacb9920b2bd292de61c7927b00aa67b5cad751dd660dc3e6f:151)
	at sf5.b(r8-map-id-fc73651334f76fbacb9920b2bd292de61c7927b00aa67b5cad751dd660dc3e6f:104)
	at b70.a(r8-map-id-fc73651334f76fbacb9920b2bd292de61c7927b00aa67b5cad751dd660dc3e6f:586)
	at sf5.b(r8-map-id-fc73651334f76fbacb9920b2bd292de61c7927b00aa67b5cad751dd660dc3e6f:104)
	at b70.a(r8-map-id-fc73651334f76fbacb9920b2bd292de61c7927b00aa67b5cad751dd660dc3e6f:215)
	at sf5.b(r8-map-id-fc73651334f76fbacb9920b2bd292de61c7927b00aa67b5cad751dd660dc3e6f:104)
	at jf5.g(r8-map-id-fc73651334f76fbacb9920b2bd292de61c7927b00aa67b5cad751dd660dc3e6f:92)
	at gf5.run(r8-map-id-fc73651334f76fbacb9920b2bd292de61c7927b00aa67b5cad751dd660dc3e6f:42)
	at java.util.concurrent.ThreadPoolExecutor.runWorker(ThreadPoolExecutor.java:1154)
	at java.util.concurrent.ThreadPoolExecutor$Worker.run(ThreadPoolExecutor.java:652)
	at java.lang.Thread.run(Thread.java:1564)
Caused by: android.system.GaiException: android_getaddrinfo failed: EAI_NODATA (No address associated with hostname)
	at libcore.io.Linux.android_getaddrinfo(Native Method)
	at libcore.io.ForwardingOs.android_getaddrinfo(ForwardingOs.java:134)
	at libcore.io.BlockGuardOs.android_getaddrinfo(BlockGuardOs.java:222)
	at libcore.io.ForwardingOs.android_getaddrinfo(ForwardingOs.java:134)
	at java.net.Inet6AddressImpl.lookupHostByName(Inet6AddressImpl.java:135)
	... 18 more

2026-04-07T15:38:44.746765Z Warn: WebSocket disconnected, retrying in 5000ms
2026-04-07T15:38:49.822949Z Info: Delay completed, reconnecting...
2026-04-07T15:38:49.831506Z Info: Connecting to WebSocket at wss://michael.seifert.page/api/apps/v1/notify/ws
2026-04-07T15:38:49.855958Z Error: WebSocket connect failed Unable to resolve host "michael.seifert.page": No address associated with hostname
java.net.UnknownHostException: Unable to resolve host "michael.seifert.page": No address associated with hostname
	at java.net.Inet6AddressImpl.lookupHostByName(Inet6AddressImpl.java:156)
	at java.net.Inet6AddressImpl.lookupAllHostAddr(Inet6AddressImpl.java:103)
	at java.net.InetAddress.getAllByName(InetAddress.java:1152)
	at wf5.b(r8-map-id-fc73651334f76fbacb9920b2bd292de61c7927b00aa67b5cad751dd660dc3e6f:393)
	at m92.d(r8-map-id-fc73651334f76fbacb9920b2bd292de61c7927b00aa67b5cad751dd660dc3e6f:12)
	at m92.a(r8-map-id-fc73651334f76fbacb9920b2bd292de61c7927b00aa67b5cad751dd660dc3e6f:77)
	at uc0.a(r8-map-id-fc73651334f76fbacb9920b2bd292de61c7927b00aa67b5cad751dd660dc3e6f:455)
	at sf5.b(r8-map-id-fc73651334f76fbacb9920b2bd292de61c7927b00aa67b5cad751dd660dc3e6f:104)
	at uc0.a(r8-map-id-fc73651334f76fbacb9920b2bd292de61c7927b00aa67b5cad751dd660dc3e6f:151)
	at sf5.b(r8-map-id-fc73651334f76fbacb9920b2bd292de61c7927b00aa67b5cad751dd660dc3e6f:104)
	at b70.a(r8-map-id-fc73651334f76fbacb9920b2bd292de61c7927b00aa67b5cad751dd660dc3e6f:586)
	at sf5.b(r8-map-id-fc73651334f76fbacb9920b2bd292de61c7927b00aa67b5cad751dd660dc3e6f:104)
	at b70.a(r8-map-id-fc73651334f76fbacb9920b2bd292de61c7927b00aa67b5cad751dd660dc3e6f:215)
	at sf5.b(r8-map-id-fc73651334f76fbacb9920b2bd292de61c7927b00aa67b5cad751dd660dc3e6f:104)
	at jf5.g(r8-map-id-fc73651334f76fbacb9920b2bd292de61c7927b00aa67b5cad751dd660dc3e6f:92)
	at gf5.run(r8-map-id-fc73651334f76fbacb9920b2bd292de61c7927b00aa67b5cad751dd660dc3e6f:42)
	at java.util.concurrent.ThreadPoolExecutor.runWorker(ThreadPoolExecutor.java:1154)
	at java.util.concurrent.ThreadPoolExecutor$Worker.run(ThreadPoolExecutor.java:652)
	at java.lang.Thread.run(Thread.java:1564)
Caused by: android.system.GaiException: android_getaddrinfo failed: EAI_NODATA (No address associated with hostname)
	at libcore.io.Linux.android_getaddrinfo(Native Method)
	at libcore.io.ForwardingOs.android_getaddrinfo(ForwardingOs.java:134)
	at libcore.io.BlockGuardOs.android_getaddrinfo(BlockGuardOs.java:222)
	at libcore.io.ForwardingOs.android_getaddrinfo(ForwardingOs.java:134)
	at java.net.Inet6AddressImpl.lookupHostByName(Inet6AddressImpl.java:135)
	... 18 more

2026-04-07T15:38:49.858782Z Warn: WebSocket disconnected, retrying in 5000ms
2026-04-07T16:24:24.168678Z Info: Delay completed, reconnecting...
2026-04-07T16:24:24.170954Z Info: Connecting to WebSocket at wss://michael.seifert.page/api/apps/v1/notify/ws
2026-04-07T16:24:24.230219Z Info: (NotificationService) FCM message received — title=null body=null data={correlationId=bab01fdd-a2e3-46f6-910e-cf4569b26045, id=72be100d-825a-47a5-bcb9-cef47035b86a, data={"senderId":"toddmitchell.me","appDisplayName":"Homebase - Chat","timestamp":1775579062711,"options":{"appId":"2d781401-3804-4b57-b4aa-d8e4e2ef39f4","typeId":"674e0d67-34c0-4267-8b94-748f0d226cfb","tagId":"e7a78cee-ddc1-8b61-e74b-222cf331c271","silent":false,"peerSubscriptionId":"00000000-0000-0000-0000-000000000000","recipients":null,"unEncryptedMessage":"toddmitchell.me sent a message"}}, timestamp=2026-04-07T16:24:22.7207467+00:00, version=1}
2026-04-07T16:24:24.339793Z Info: (DriveSyncWorker) doWork: starting (attempt=0)
2026-04-07T16:24:24.340736Z Debug: (BackgroundSync) syncIfAuthenticated: checking...
2026-04-07T16:24:24.34299Z Info: (BackgroundSync) syncIfAuthenticated: WS offline — running background sync
2026-04-07T16:24:24.343605Z Warn: DriveSync for drive=9ff813af-f2d6-1e2f-9b9d-b189e72d1a11 already exists, skipping
2026-04-07T16:24:24.343987Z Warn: DriveSync for drive=2612429d-1c3f-0372-82b8-d42fb2cc0499 already exists, skipping
2026-04-07T16:24:24.344461Z Warn: DriveSync for drive=4db49422-ebad-02e9-9ab9-6e9c477d1e08 already exists, skipping
2026-04-07T16:24:24.48035Z Debug: Sent WebSocket command: establishConnectionRequest
2026-04-07T16:24:24.576029Z Info: Synchronizing drive 2612429d-1c3f-0372-82b8-d42fb2cc0499
2026-04-07T16:24:24.576491Z Info: Synchronizing drive 9ff813af-f2d6-1e2f-9b9d-b189e72d1a11
2026-04-07T16:24:24.58012Z Info: Synchronizing drive 4db49422-ebad-02e9-9ab9-6e9c477d1e08
2026-04-07T16:24:24.645685Z Info: Received 0 records from QueryBatch() on Drive 4db49422-ebad-02e9-9ab9-6e9c477d1e08
2026-04-07T16:24:24.646678Z Debug: DriveSync: all DB writes complete for drive 4db49422-ebad-02e9-9ab9-6e9c477d1e08 (0 total records)
2026-04-07T16:24:24.651Z Debug: Drive 4db49422-ebad-02e9-9ab9-6e9c477d1e08 synchronized with 0 records read.
2026-04-07T16:24:24.685859Z Info: Received 0 records from QueryBatch() on Drive 2612429d-1c3f-0372-82b8-d42fb2cc0499
2026-04-07T16:24:24.686296Z Debug: DriveSync: all DB writes complete for drive 2612429d-1c3f-0372-82b8-d42fb2cc0499 (0 total records)
2026-04-07T16:24:24.688334Z Debug: Drive 2612429d-1c3f-0372-82b8-d42fb2cc0499 synchronized with 0 records read.
2026-04-07T16:24:24.726185Z Info: Device handshake successful
2026-04-07T16:24:24.727819Z Warn: DriveSync for drive=9ff813af-f2d6-1e2f-9b9d-b189e72d1a11 already exists, skipping
2026-04-07T16:24:24.737767Z Warn: DriveSync for drive=2612429d-1c3f-0372-82b8-d42fb2cc0499 already exists, skipping
2026-04-07T16:24:24.738133Z Warn: DriveSync for drive=4db49422-ebad-02e9-9ab9-6e9c477d1e08 already exists, skipping
2026-04-07T16:24:24.742031Z Debug: Sent WebSocket command: processInbox
2026-04-07T16:24:24.745373Z Debug: Sent WebSocket command: processInbox
2026-04-07T16:24:24.750999Z Debug: Sent WebSocket command: processInbox
2026-04-07T16:24:24.75193Z Info: Synchronizing drive 2612429d-1c3f-0372-82b8-d42fb2cc0499
2026-04-07T16:24:24.752119Z Info: Synchronizing drive 4db49422-ebad-02e9-9ab9-6e9c477d1e08
2026-04-07T16:24:24.790607Z Info: Received 3 records from QueryBatch() on Drive 9ff813af-f2d6-1e2f-9b9d-b189e72d1a11
2026-04-07T16:24:24.791524Z Debug: DriveSync: batch contains 2 chat conversation(s): [4b2cf99c-7078-4f0e-ae07-f8cca955a510, 674e0d67-34c0-4267-8b94-748f0d226cfb]
2026-04-07T16:24:24.811042Z Info: Received 0 records from QueryBatch() on Drive 2612429d-1c3f-0372-82b8-d42fb2cc0499
2026-04-07T16:24:24.81142Z Debug: DriveSync: all DB writes complete for drive 2612429d-1c3f-0372-82b8-d42fb2cc0499 (0 total records)
2026-04-07T16:24:24.812743Z Debug: Drive 2612429d-1c3f-0372-82b8-d42fb2cc0499 synchronized with 0 records read.
2026-04-07T16:24:24.850612Z Info: Received 0 records from QueryBatch() on Drive 4db49422-ebad-02e9-9ab9-6e9c477d1e08
2026-04-07T16:24:24.851351Z Debug: DriveSync: all DB writes complete for drive 4db49422-ebad-02e9-9ab9-6e9c477d1e08 (0 total records)
2026-04-07T16:24:24.852438Z Debug: Drive 4db49422-ebad-02e9-9ab9-6e9c477d1e08 synchronized with 0 records read.
2026-04-07T16:24:31.914964Z Debug: ChatMessageStream: processIncrementalBatch 3 messages across 2 conversation(s)
2026-04-07T16:24:31.916209Z Debug: ConversationStream: BatchReceived 3 files (conversations=0, messages=3, adminFiles=0)
2026-04-07T16:24:31.916886Z Debug: DriveSync: all DB writes complete for drive 9ff813af-f2d6-1e2f-9b9d-b189e72d1a11 (3 total records)
2026-04-07T16:24:31.921578Z Debug: ConversationStream: unread++ convo=674e0d67-34c0-4267-8b94-748f0d226cfb count=1
2026-04-07T16:24:31.923629Z Debug: Drive 9ff813af-f2d6-1e2f-9b9d-b189e72d1a11 synchronized with 3 records read.
2026-04-07T16:24:31.931379Z Info: (BackgroundSync) syncIfAuthenticated: completed
2026-04-07T16:24:31.932182Z Info: Synchronizing drive 9ff813af-f2d6-1e2f-9b9d-b189e72d1a11
2026-04-07T16:24:31.933983Z Debug: ConversationStream: Stopped(totalCount=3)
2026-04-07T16:24:31.936335Z Info: (DriveSyncWorker) doWork: success
2026-04-07T16:24:31.949042Z Debug: ChatMessageStream: Stopped(totalCount=3)
2026-04-07T16:24:31.986174Z Info: Popping Outbox
2026-04-07T16:24:31.988135Z Info: No more items in outbox
2026-04-07T16:24:32.142354Z Info: Received 0 records from QueryBatch() on Drive 9ff813af-f2d6-1e2f-9b9d-b189e72d1a11
2026-04-07T16:24:32.142886Z Debug: DriveSync: all DB writes complete for drive 9ff813af-f2d6-1e2f-9b9d-b189e72d1a11 (0 total records)
2026-04-07T16:24:32.147988Z Debug: ConversationStream: Stopped(totalCount=0)
2026-04-07T16:24:32.14884Z Debug: ChatMessageStream: Stopped(totalCount=0)
2026-04-07T16:24:32.150711Z Debug: Drive 9ff813af-f2d6-1e2f-9b9d-b189e72d1a11 synchronized with 0 records read.
2026-04-07T16:24:32.514402Z Error: (HomebaseImageLoader) Non-retriable exception: Not found
2026-04-07T16:24:35.261336Z Info: (ShareShortcutPublisher) Published 8 share shortcuts
2026-04-07T16:27:03.112835Z Info: Connecting to WebSocket at wss://michael.seifert.page/api/apps/v1/notify/ws
2026-04-07T16:27:03.117912Z Info: WebSocket connection ended
2026-04-07T16:27:03.135966Z Error: WebSocket connect failed Unable to resolve host "michael.seifert.page": No address associated with hostname
java.net.UnknownHostException: Unable to resolve host "michael.seifert.page": No address associated with hostname
	at java.net.Inet6AddressImpl.lookupHostByName(Inet6AddressImpl.java:156)
	at java.net.Inet6AddressImpl.lookupAllHostAddr(Inet6AddressImpl.java:103)
	at java.net.InetAddress.getAllByName(InetAddress.java:1152)
	at wf5.b(r8-map-id-fc73651334f76fbacb9920b2bd292de61c7927b00aa67b5cad751dd660dc3e6f:393)
	at m92.d(r8-map-id-fc73651334f76fbacb9920b2bd292de61c7927b00aa67b5cad751dd660dc3e6f:12)
	at m92.a(r8-map-id-fc73651334f76fbacb9920b2bd292de61c7927b00aa67b5cad751dd660dc3e6f:77)
	at uc0.a(r8-map-id-fc73651334f76fbacb9920b2bd292de61c7927b00aa67b5cad751dd660dc3e6f:455)
	at sf5.b(r8-map-id-fc73651334f76fbacb9920b2bd292de61c7927b00aa67b5cad751dd660dc3e6f:104)
	at uc0.a(r8-map-id-fc73651334f76fbacb9920b2bd292de61c7927b00aa67b5cad751dd660dc3e6f:151)
	at sf5.b(r8-map-id-fc73651334f76fbacb9920b2bd292de61c7927b00aa67b5cad751dd660dc3e6f:104)
	at b70.a(r8-map-id-fc73651334f76fbacb9920b2bd292de61c7927b00aa67b5cad751dd660dc3e6f:586)
	at sf5.b(r8-map-id-fc73651334f76fbacb9920b2bd292de61c7927b00aa67b5cad751dd660dc3e6f:104)
	at b70.a(r8-map-id-fc73651334f76fbacb9920b2bd292de61c7927b00aa67b5cad751dd660dc3e6f:215)
	at sf5.b(r8-map-id-fc73651334f76fbacb9920b2bd292de61c7927b00aa67b5cad751dd660dc3e6f:104)
	at jf5.g(r8-map-id-fc73651334f76fbacb9920b2bd292de61c7927b00aa67b5cad751dd660dc3e6f:92)
	at gf5.run(r8-map-id-fc73651334f76fbacb9920b2bd292de61c7927b00aa67b5cad751dd660dc3e6f:42)
	at java.util.concurrent.ThreadPoolExecutor.runWorker(ThreadPoolExecutor.java:1154)
	at java.util.concurrent.ThreadPoolExecutor$Worker.run(ThreadPoolExecutor.java:652)
	at java.lang.Thread.run(Thread.java:1564)
Caused by: android.system.GaiException: android_getaddrinfo failed: EAI_NODATA (No address associated with hostname)
	at libcore.io.Linux.android_getaddrinfo(Native Method)
	at libcore.io.ForwardingOs.android_getaddrinfo(ForwardingOs.java:134)
	at libcore.io.BlockGuardOs.android_getaddrinfo(BlockGuardOs.java:222)
	at libcore.io.ForwardingOs.android_getaddrinfo(ForwardingOs.java:134)
	at java.net.Inet6AddressImpl.lookupHostByName(Inet6AddressImpl.java:135)
	... 18 more

2026-04-07T16:27:03.138587Z Warn: WebSocket disconnected, retrying in 5000ms
2026-04-07T16:28:06.6063Z Info: Delay completed, reconnecting...
2026-04-07T16:28:06.608577Z Info: Connecting to WebSocket at wss://michael.seifert.page/api/apps/v1/notify/ws
2026-04-07T16:28:06.629142Z Error: WebSocket connect failed Unable to resolve host "michael.seifert.page": No address associated with hostname
java.net.UnknownHostException: Unable to resolve host "michael.seifert.page": No address associated with hostname
	at java.net.Inet6AddressImpl.lookupHostByName(Inet6AddressImpl.java:156)
	at java.net.Inet6AddressImpl.lookupAllHostAddr(Inet6AddressImpl.java:103)
	at java.net.InetAddress.getAllByName(InetAddress.java:1152)
	at wf5.b(r8-map-id-fc73651334f76fbacb9920b2bd292de61c7927b00aa67b5cad751dd660dc3e6f:393)
	at m92.d(r8-map-id-fc73651334f76fbacb9920b2bd292de61c7927b00aa67b5cad751dd660dc3e6f:12)
	at m92.a(r8-map-id-fc73651334f76fbacb9920b2bd292de61c7927b00aa67b5cad751dd660dc3e6f:77)
	at uc0.a(r8-map-id-fc73651334f76fbacb9920b2bd292de61c7927b00aa67b5cad751dd660dc3e6f:455)
	at sf5.b(r8-map-id-fc73651334f76fbacb9920b2bd292de61c7927b00aa67b5cad751dd660dc3e6f:104)
	at uc0.a(r8-map-id-fc73651334f76fbacb9920b2bd292de61c7927b00aa67b5cad751dd660dc3e6f:151)
	at sf5.b(r8-map-id-fc73651334f76fbacb9920b2bd292de61c7927b00aa67b5cad751dd660dc3e6f:104)
	at b70.a(r8-map-id-fc73651334f76fbacb9920b2bd292de61c7927b00aa67b5cad751dd660dc3e6f:586)
	at sf5.b(r8-map-id-fc73651334f76fbacb9920b2bd292de61c7927b00aa67b5cad751dd660dc3e6f:104)
	at b70.a(r8-map-id-fc73651334f76fbacb9920b2bd292de61c7927b00aa67b5cad751dd660dc3e6f:215)
	at sf5.b(r8-map-id-fc73651334f76fbacb9920b2bd292de61c7927b00aa67b5cad751dd660dc3e6f:104)
	at jf5.g(r8-map-id-fc73651334f76fbacb9920b2bd292de61c7927b00aa67b5cad751dd660dc3e6f:92)
	at gf5.run(r8-map-id-fc73651334f76fbacb9920b2bd292de61c7927b00aa67b5cad751dd660dc3e6f:42)
	at java.util.concurrent.ThreadPoolExecutor.runWorker(ThreadPoolExecutor.java:1154)
	at java.util.concurrent.ThreadPoolExecutor$Worker.run(ThreadPoolExecutor.java:652)
	at java.lang.Thread.run(Thread.java:1564)
Caused by: android.system.GaiException: android_getaddrinfo failed: EAI_NODATA (No address associated with hostname)
	at libcore.io.Linux.android_getaddrinfo(Native Method)
	at libcore.io.ForwardingOs.android_getaddrinfo(ForwardingOs.java:134)
	at libcore.io.BlockGuardOs.android_getaddrinfo(BlockGuardOs.java:222)
	at libcore.io.ForwardingOs.android_getaddrinfo(ForwardingOs.java:134)
	at java.net.Inet6AddressImpl.lookupHostByName(Inet6AddressImpl.java:135)
	... 18 more

2026-04-07T16:28:06.632984Z Warn: WebSocket disconnected, retrying in 5000ms
2026-04-07T16:28:11.327735Z Info: Delay completed, reconnecting...
2026-04-07T16:28:11.330804Z Info: Connecting to WebSocket at wss://michael.seifert.page/api/apps/v1/notify/ws
2026-04-07T16:28:11.36041Z Error: WebSocket connect failed Unable to resolve host "michael.seifert.page": No address associated with hostname
java.net.UnknownHostException: Unable to resolve host "michael.seifert.page": No address associated with hostname
	at java.net.Inet6AddressImpl.lookupHostByName(Inet6AddressImpl.java:156)
	at java.net.Inet6AddressImpl.lookupAllHostAddr(Inet6AddressImpl.java:103)
	at java.net.InetAddress.getAllByName(InetAddress.java:1152)
	at wf5.b(r8-map-id-fc73651334f76fbacb9920b2bd292de61c7927b00aa67b5cad751dd660dc3e6f:393)
	at m92.d(r8-map-id-fc73651334f76fbacb9920b2bd292de61c7927b00aa67b5cad751dd660dc3e6f:12)
	at m92.a(r8-map-id-fc73651334f76fbacb9920b2bd292de61c7927b00aa67b5cad751dd660dc3e6f:77)
	at uc0.a(r8-map-id-fc73651334f76fbacb9920b2bd292de61c7927b00aa67b5cad751dd660dc3e6f:455)
	at sf5.b(r8-map-id-fc73651334f76fbacb9920b2bd292de61c7927b00aa67b5cad751dd660dc3e6f:104)
	at uc0.a(r8-map-id-fc73651334f76fbacb9920b2bd292de61c7927b00aa67b5cad751dd660dc3e6f:151)
	at sf5.b(r8-map-id-fc73651334f76fbacb9920b2bd292de61c7927b00aa67b5cad751dd660dc3e6f:104)
	at b70.a(r8-map-id-fc73651334f76fbacb9920b2bd292de61c7927b00aa67b5cad751dd660dc3e6f:586)
	at sf5.b(r8-map-id-fc73651334f76fbacb9920b2bd292de61c7927b00aa67b5cad751dd660dc3e6f:104)
	at b70.a(r8-map-id-fc73651334f76fbacb9920b2bd292de61c7927b00aa67b5cad751dd660dc3e6f:215)
	at sf5.b(r8-map-id-fc73651334f76fbacb9920b2bd292de61c7927b00aa67b5cad751dd660dc3e6f:104)
	at jf5.g(r8-map-id-fc73651334f76fbacb9920b2bd292de61c7927b00aa67b5cad751dd660dc3e6f:92)
	at gf5.run(r8-map-id-fc73651334f76fbacb9920b2bd292de61c7927b00aa67b5cad751dd660dc3e6f:42)
	at java.util.concurrent.ThreadPoolExecutor.runWorker(ThreadPoolExecutor.java:1154)
	at java.util.concurrent.ThreadPoolExecutor$Worker.run(ThreadPoolExecutor.java:652)
	at java.lang.Thread.run(Thread.java:1564)
Caused by: android.system.GaiException: android_getaddrinfo failed: EAI_NODATA (No address associated with hostname)
	at libcore.io.Linux.android_getaddrinfo(Native Method)
	at libcore.io.ForwardingOs.android_getaddrinfo(ForwardingOs.java:134)
	at libcore.io.BlockGuardOs.android_getaddrinfo(BlockGuardOs.java:222)
	at libcore.io.ForwardingOs.android_getaddrinfo(ForwardingOs.java:134)
	at java.net.Inet6AddressImpl.lookupHostByName(Inet6AddressImpl.java:135)
	... 18 more

2026-04-07T16:28:11.376059Z Warn: WebSocket disconnected, retrying in 5000ms
2026-04-07T17:04:07.783934Z Info: Delay completed, reconnecting...
2026-04-07T17:04:07.794617Z Info: Connecting to WebSocket at wss://michael.seifert.page/api/apps/v1/notify/ws
2026-04-07T17:04:07.840731Z Info: (NotificationService) FCM message received — title=null body=null data={correlationId=99093c3f-e487-456a-b518-82ace554118c, id=3cb8e269-741d-4d23-863c-e027da72084e, data={"senderId":"toddmitchell.me","appDisplayName":"Homebase - Chat","timestamp":1775581446325,"options":{"appId":"2d781401-3804-4b57-b4aa-d8e4e2ef39f4","typeId":"674e0d67-34c0-4267-8b94-748f0d226cfb","tagId":"556454ea-fd7b-1b25-c8a5-f257c09f0d75","silent":false,"peerSubscriptionId":"00000000-0000-0000-0000-000000000000","recipients":null,"unEncryptedMessage":"toddmitchell.me sent a message"}}, timestamp=2026-04-07T17:04:06.3336773+00:00, version=1}
2026-04-07T17:04:07.917636Z Info: (DriveSyncWorker) doWork: starting (attempt=0)
2026-04-07T17:04:07.918315Z Debug: (BackgroundSync) syncIfAuthenticated: checking...
2026-04-07T17:04:07.918996Z Info: (BackgroundSync) syncIfAuthenticated: WS offline — running background sync
2026-04-07T17:04:07.919391Z Warn: DriveSync for drive=9ff813af-f2d6-1e2f-9b9d-b189e72d1a11 already exists, skipping
2026-04-07T17:04:07.919616Z Warn: DriveSync for drive=2612429d-1c3f-0372-82b8-d42fb2cc0499 already exists, skipping
2026-04-07T17:04:07.920008Z Warn: DriveSync for drive=4db49422-ebad-02e9-9ab9-6e9c477d1e08 already exists, skipping
2026-04-07T17:04:08.12621Z Debug: Sent WebSocket command: establishConnectionRequest
2026-04-07T17:04:08.165267Z Info: Synchronizing drive 9ff813af-f2d6-1e2f-9b9d-b189e72d1a11
2026-04-07T17:04:08.165211Z Info: Synchronizing drive 4db49422-ebad-02e9-9ab9-6e9c477d1e08
2026-04-07T17:04:08.165905Z Info: Synchronizing drive 2612429d-1c3f-0372-82b8-d42fb2cc0499
2026-04-07T17:04:08.258286Z Info: Received 0 records from QueryBatch() on Drive 2612429d-1c3f-0372-82b8-d42fb2cc0499
2026-04-07T17:04:08.261246Z Debug: DriveSync: all DB writes complete for drive 2612429d-1c3f-0372-82b8-d42fb2cc0499 (0 total records)
2026-04-07T17:04:08.262707Z Debug: Drive 2612429d-1c3f-0372-82b8-d42fb2cc0499 synchronized with 0 records read.
2026-04-07T17:04:08.264376Z Info: Received 0 records from QueryBatch() on Drive 4db49422-ebad-02e9-9ab9-6e9c477d1e08
2026-04-07T17:04:08.265868Z Debug: DriveSync: all DB writes complete for drive 4db49422-ebad-02e9-9ab9-6e9c477d1e08 (0 total records)
2026-04-07T17:04:08.273273Z Debug: Drive 4db49422-ebad-02e9-9ab9-6e9c477d1e08 synchronized with 0 records read.
2026-04-07T17:04:08.366432Z Info: Device handshake successful
2026-04-07T17:04:08.369454Z Warn: DriveSync for drive=9ff813af-f2d6-1e2f-9b9d-b189e72d1a11 already exists, skipping
2026-04-07T17:04:08.369842Z Warn: DriveSync for drive=2612429d-1c3f-0372-82b8-d42fb2cc0499 already exists, skipping
2026-04-07T17:04:08.373619Z Warn: DriveSync for drive=4db49422-ebad-02e9-9ab9-6e9c477d1e08 already exists, skipping
2026-04-07T17:04:08.376276Z Debug: Sent WebSocket command: processInbox
2026-04-07T17:04:08.385216Z Debug: Sent WebSocket command: processInbox
2026-04-07T17:04:08.390118Z Debug: Sent WebSocket command: processInbox
2026-04-07T17:04:08.391716Z Info: Synchronizing drive 4db49422-ebad-02e9-9ab9-6e9c477d1e08
2026-04-07T17:04:08.392812Z Info: Synchronizing drive 2612429d-1c3f-0372-82b8-d42fb2cc0499
2026-04-07T17:04:08.437679Z Info: Received 1 records from QueryBatch() on Drive 9ff813af-f2d6-1e2f-9b9d-b189e72d1a11
2026-04-07T17:04:08.438164Z Debug: DriveSync: batch contains 1 chat conversation(s): [674e0d67-34c0-4267-8b94-748f0d226cfb]
2026-04-07T17:04:08.46551Z Info: Received 0 records from QueryBatch() on Drive 2612429d-1c3f-0372-82b8-d42fb2cc0499
2026-04-07T17:04:08.465893Z Debug: DriveSync: all DB writes complete for drive 2612429d-1c3f-0372-82b8-d42fb2cc0499 (0 total records)
2026-04-07T17:04:08.467339Z Debug: Drive 2612429d-1c3f-0372-82b8-d42fb2cc0499 synchronized with 0 records read.
2026-04-07T17:04:08.502021Z Info: Received 0 records from QueryBatch() on Drive 4db49422-ebad-02e9-9ab9-6e9c477d1e08
2026-04-07T17:04:08.502451Z Debug: DriveSync: all DB writes complete for drive 4db49422-ebad-02e9-9ab9-6e9c477d1e08 (0 total records)
2026-04-07T17:04:08.503718Z Debug: Drive 4db49422-ebad-02e9-9ab9-6e9c477d1e08 synchronized with 0 records read.
2026-04-07T17:04:16.495971Z Debug: ConversationStream: unreadSync convo=674e0d67-34c0-4267-8b94-748f0d226cfb 0->1
2026-04-07T17:04:16.558379Z Debug: ConversationStream: BatchReceived 1 files (conversations=0, messages=1, adminFiles=0)
2026-04-07T17:04:16.559533Z Debug: ConversationStream: unread++ convo=674e0d67-34c0-4267-8b94-748f0d226cfb count=2
2026-04-07T17:04:16.559717Z Debug: ChatMessageStream: processIncrementalBatch 1 messages across 1 conversation(s)
2026-04-07T17:04:16.558715Z Debug: DriveSync: all DB writes complete for drive 9ff813af-f2d6-1e2f-9b9d-b189e72d1a11 (1 total records)
2026-04-07T17:04:16.565457Z Debug: ConversationStream: Stopped(totalCount=1)
2026-04-07T17:04:16.565498Z Debug: Drive 9ff813af-f2d6-1e2f-9b9d-b189e72d1a11 synchronized with 1 records read.
2026-04-07T17:04:16.569497Z Debug: ChatMessageStream: Stopped(totalCount=1)
2026-04-07T17:04:16.571702Z Info: Synchronizing drive 9ff813af-f2d6-1e2f-9b9d-b189e72d1a11
2026-04-07T17:04:16.574075Z Info: (BackgroundSync) syncIfAuthenticated: completed
2026-04-07T17:04:16.574413Z Info: (DriveSyncWorker) doWork: success
2026-04-07T17:04:16.633697Z Info: Popping Outbox
2026-04-07T17:04:16.637608Z Info: No more items in outbox
2026-04-07T17:04:16.78772Z Info: Received 0 records from QueryBatch() on Drive 9ff813af-f2d6-1e2f-9b9d-b189e72d1a11
2026-04-07T17:04:16.7891Z Debug: DriveSync: all DB writes complete for drive 9ff813af-f2d6-1e2f-9b9d-b189e72d1a11 (0 total records)
2026-04-07T17:04:16.791964Z Debug: ConversationStream: Stopped(totalCount=0)
2026-04-07T17:04:16.792226Z Debug: Drive 9ff813af-f2d6-1e2f-9b9d-b189e72d1a11 synchronized with 0 records read.
2026-04-07T17:04:16.796212Z Debug: ChatMessageStream: Stopped(totalCount=0)
2026-04-07T17:04:22.981915Z Error: (HomebaseImageLoader) Non-retriable exception: Not found
2026-04-07T17:04:23.038903Z Info: (NotificationService) FCM message received — title=null body=null data={correlationId=4bdfcb80-0ce3-4906-8117-a576ffe56f2f, id=ec3dcf41-5410-4a9c-8bf1-9f08e49e3be8, data={"senderId":"toddmitchell.me","appDisplayName":"Homebase - Chat","timestamp":1775581461884,"options":{"appId":"2d781401-3804-4b57-b4aa-d8e4e2ef39f4","typeId":"674e0d67-34c0-4267-8b94-748f0d226cfb","tagId":"3dbbcc40-2707-694b-8060-3d274aa4c0b7","silent":false,"peerSubscriptionId":"00000000-0000-0000-0000-000000000000","recipients":null,"unEncryptedMessage":"toddmitchell.me sent a message"}}, timestamp=2026-04-07T17:04:21.8893403+00:00, version=1}
2026-04-07T17:04:23.102846Z Info: (DriveSyncWorker) doWork: starting (attempt=0)
2026-04-07T17:04:23.103273Z Debug: (BackgroundSync) syncIfAuthenticated: checking...
2026-04-07T17:04:23.105112Z Debug: (BackgroundSync) syncIfAuthenticated: WS online — skipping (WS handles sync)
2026-04-07T17:04:23.10535Z Info: (DriveSyncWorker) doWork: success
2026-04-07T17:04:23.178102Z Debug: Sent WebSocket command: processInbox
2026-04-07T17:04:23.179402Z Debug: Sent WebSocket command: processInbox
2026-04-07T17:04:23.182905Z Info: Synchronizing drive 9ff813af-f2d6-1e2f-9b9d-b189e72d1a11
2026-04-07T17:04:23.344671Z Info: Received 1 records from QueryBatch() on Drive 9ff813af-f2d6-1e2f-9b9d-b189e72d1a11
2026-04-07T17:04:23.345456Z Debug: DriveSync: batch contains 1 chat conversation(s): [674e0d67-34c0-4267-8b94-748f0d226cfb]
2026-04-07T17:04:23.423549Z Debug: DriveSync: all DB writes complete for drive 9ff813af-f2d6-1e2f-9b9d-b189e72d1a11 (1 total records)
2026-04-07T17:04:23.424181Z Debug: Drive 9ff813af-f2d6-1e2f-9b9d-b189e72d1a11 synchronized with 1 records read.
2026-04-07T17:04:23.424784Z Debug: ConversationStream: BatchReceived 1 files (conversations=0, messages=1, adminFiles=0)
2026-04-07T17:04:23.432706Z Debug: ConversationStream: unread++ convo=674e0d67-34c0-4267-8b94-748f0d226cfb count=2
2026-04-07T17:04:23.433494Z Debug: ConversationStream: Stopped(totalCount=1)
2026-04-07T17:04:23.437975Z Debug: ChatMessageStream: processIncrementalBatch 1 messages across 1 conversation(s)
2026-04-07T17:04:23.443631Z Debug: ChatMessageStream: Stopped(totalCount=1)
2026-04-07T17:04:23.950933Z Error: (HomebaseImageLoader) Non-retriable exception: Not found
2026-04-07T17:04:56.375202Z Info: (ShareShortcutPublisher) Published 8 share shortcuts
2026-04-07T17:04:58.64583Z Info: (ShareShortcutPublisher) Published 8 share shortcuts
2026-04-07T17:10:05.04719Z Info: WebSocket connection ended
2026-04-07T17:10:05.047264Z Info: Connecting to WebSocket at wss://michael.seifert.page/api/apps/v1/notify/ws
2026-04-07T17:10:05.061911Z Error: WebSocket connect failed Unable to resolve host "michael.seifert.page": No address associated with hostname
java.net.UnknownHostException: Unable to resolve host "michael.seifert.page": No address associated with hostname
	at java.net.Inet6AddressImpl.lookupHostByName(Inet6AddressImpl.java:156)
	at java.net.Inet6AddressImpl.lookupAllHostAddr(Inet6AddressImpl.java:103)
	at java.net.InetAddress.getAllByName(InetAddress.java:1152)
	at wf5.b(r8-map-id-fc73651334f76fbacb9920b2bd292de61c7927b00aa67b5cad751dd660dc3e6f:393)
	at m92.d(r8-map-id-fc73651334f76fbacb9920b2bd292de61c7927b00aa67b5cad751dd660dc3e6f:12)
	at m92.a(r8-map-id-fc73651334f76fbacb9920b2bd292de61c7927b00aa67b5cad751dd660dc3e6f:77)
	at uc0.a(r8-map-id-fc73651334f76fbacb9920b2bd292de61c7927b00aa67b5cad751dd660dc3e6f:455)
	at sf5.b(r8-map-id-fc73651334f76fbacb9920b2bd292de61c7927b00aa67b5cad751dd660dc3e6f:104)
	at uc0.a(r8-map-id-fc73651334f76fbacb9920b2bd292de61c7927b00aa67b5cad751dd660dc3e6f:151)
	at sf5.b(r8-map-id-fc73651334f76fbacb9920b2bd292de61c7927b00aa67b5cad751dd660dc3e6f:104)
	at b70.a(r8-map-id-fc73651334f76fbacb9920b2bd292de61c7927b00aa67b5cad751dd660dc3e6f:586)
	at sf5.b(r8-map-id-fc73651334f76fbacb9920b2bd292de61c7927b00aa67b5cad751dd660dc3e6f:104)
	at b70.a(r8-map-id-fc73651334f76fbacb9920b2bd292de61c7927b00aa67b5cad751dd660dc3e6f:215)
	at sf5.b(r8-map-id-fc73651334f76fbacb9920b2bd292de61c7927b00aa67b5cad751dd660dc3e6f:104)
	at jf5.g(r8-map-id-fc73651334f76fbacb9920b2bd292de61c7927b00aa67b5cad751dd660dc3e6f:92)
	at gf5.run(r8-map-id-fc73651334f76fbacb9920b2bd292de61c7927b00aa67b5cad751dd660dc3e6f:42)
	at java.util.concurrent.ThreadPoolExecutor.runWorker(ThreadPoolExecutor.java:1154)
	at java.util.concurrent.ThreadPoolExecutor$Worker.run(ThreadPoolExecutor.java:652)
	at java.lang.Thread.run(Thread.java:1564)
Caused by: android.system.GaiException: android_getaddrinfo failed: EAI_NODATA (No address associated with hostname)
	at libcore.io.Linux.android_getaddrinfo(Native Method)
	at libcore.io.ForwardingOs.android_getaddrinfo(ForwardingOs.java:134)
	at libcore.io.BlockGuardOs.android_getaddrinfo(BlockGuardOs.java:222)
	at libcore.io.ForwardingOs.android_getaddrinfo(ForwardingOs.java:134)
	at java.net.Inet6AddressImpl.lookupHostByName(Inet6AddressImpl.java:135)
	... 18 more

2026-04-07T17:10:05.066773Z Warn: WebSocket disconnected, retrying in 5000ms
2026-04-07T17:10:09.858469Z Info: Delay completed, reconnecting...
2026-04-07T17:10:09.867127Z Info: Connecting to WebSocket at wss://michael.seifert.page/api/apps/v1/notify/ws
2026-04-07T17:10:09.893707Z Error: WebSocket connect failed Unable to resolve host "michael.seifert.page": No address associated with hostname
java.net.UnknownHostException: Unable to resolve host "michael.seifert.page": No address associated with hostname
	at java.net.Inet6AddressImpl.lookupHostByName(Inet6AddressImpl.java:156)
	at java.net.Inet6AddressImpl.lookupAllHostAddr(Inet6AddressImpl.java:103)
	at java.net.InetAddress.getAllByName(InetAddress.java:1152)
	at wf5.b(r8-map-id-fc73651334f76fbacb9920b2bd292de61c7927b00aa67b5cad751dd660dc3e6f:393)
	at m92.d(r8-map-id-fc73651334f76fbacb9920b2bd292de61c7927b00aa67b5cad751dd660dc3e6f:12)
	at m92.a(r8-map-id-fc73651334f76fbacb9920b2bd292de61c7927b00aa67b5cad751dd660dc3e6f:77)
	at uc0.a(r8-map-id-fc73651334f76fbacb9920b2bd292de61c7927b00aa67b5cad751dd660dc3e6f:455)
	at sf5.b(r8-map-id-fc73651334f76fbacb9920b2bd292de61c7927b00aa67b5cad751dd660dc3e6f:104)
	at uc0.a(r8-map-id-fc73651334f76fbacb9920b2bd292de61c7927b00aa67b5cad751dd660dc3e6f:151)
	at sf5.b(r8-map-id-fc73651334f76fbacb9920b2bd292de61c7927b00aa67b5cad751dd660dc3e6f:104)
	at b70.a(r8-map-id-fc73651334f76fbacb9920b2bd292de61c7927b00aa67b5cad751dd660dc3e6f:586)
	at sf5.b(r8-map-id-fc73651334f76fbacb9920b2bd292de61c7927b00aa67b5cad751dd660dc3e6f:104)
	at b70.a(r8-map-id-fc73651334f76fbacb9920b2bd292de61c7927b00aa67b5cad751dd660dc3e6f:215)
	at sf5.b(r8-map-id-fc73651334f76fbacb9920b2bd292de61c7927b00aa67b5cad751dd660dc3e6f:104)
	at jf5.g(r8-map-id-fc73651334f76fbacb9920b2bd292de61c7927b00aa67b5cad751dd660dc3e6f:92)
	at gf5.run(r8-map-id-fc73651334f76fbacb9920b2bd292de61c7927b00aa67b5cad751dd660dc3e6f:42)
	at java.util.concurrent.ThreadPoolExecutor.runWorker(ThreadPoolExecutor.java:1154)
	at java.util.concurrent.ThreadPoolExecutor$Worker.run(ThreadPoolExecutor.java:652)
	at java.lang.Thread.run(Thread.java:1564)
Caused by: android.system.GaiException: android_getaddrinfo failed: EAI_NODATA (No address associated with hostname)
	at libcore.io.Linux.android_getaddrinfo(Native Method)
	at libcore.io.ForwardingOs.android_getaddrinfo(ForwardingOs.java:134)
	at libcore.io.BlockGuardOs.android_getaddrinfo(BlockGuardOs.java:222)
	at libcore.io.ForwardingOs.android_getaddrinfo(ForwardingOs.java:134)
	at java.net.Inet6AddressImpl.lookupHostByName(Inet6AddressImpl.java:135)
	... 18 more

2026-04-07T17:10:09.897772Z Warn: WebSocket disconnected, retrying in 5000ms
2026-04-07T17:10:14.814145Z Info: Delay completed, reconnecting...
2026-04-07T17:10:14.818931Z Info: Connecting to WebSocket at wss://michael.seifert.page/api/apps/v1/notify/ws
2026-04-07T17:10:14.839022Z Error: WebSocket connect failed Unable to resolve host "michael.seifert.page": No address associated with hostname
java.net.UnknownHostException: Unable to resolve host "michael.seifert.page": No address associated with hostname
	at java.net.Inet6AddressImpl.lookupHostByName(Inet6AddressImpl.java:156)
	at java.net.Inet6AddressImpl.lookupAllHostAddr(Inet6AddressImpl.java:103)
	at java.net.InetAddress.getAllByName(InetAddress.java:1152)
	at wf5.b(r8-map-id-fc73651334f76fbacb9920b2bd292de61c7927b00aa67b5cad751dd660dc3e6f:393)
	at m92.d(r8-map-id-fc73651334f76fbacb9920b2bd292de61c7927b00aa67b5cad751dd660dc3e6f:12)
	at m92.a(r8-map-id-fc73651334f76fbacb9920b2bd292de61c7927b00aa67b5cad751dd660dc3e6f:77)
	at uc0.a(r8-map-id-fc73651334f76fbacb9920b2bd292de61c7927b00aa67b5cad751dd660dc3e6f:455)
	at sf5.b(r8-map-id-fc73651334f76fbacb9920b2bd292de61c7927b00aa67b5cad751dd660dc3e6f:104)
	at uc0.a(r8-map-id-fc73651334f76fbacb9920b2bd292de61c7927b00aa67b5cad751dd660dc3e6f:151)
	at sf5.b(r8-map-id-fc73651334f76fbacb9920b2bd292de61c7927b00aa67b5cad751dd660dc3e6f:104)
	at b70.a(r8-map-id-fc73651334f76fbacb9920b2bd292de61c7927b00aa67b5cad751dd660dc3e6f:586)
	at sf5.b(r8-map-id-fc73651334f76fbacb9920b2bd292de61c7927b00aa67b5cad751dd660dc3e6f:104)
	at b70.a(r8-map-id-fc73651334f76fbacb9920b2bd292de61c7927b00aa67b5cad751dd660dc3e6f:215)
	at sf5.b(r8-map-id-fc73651334f76fbacb9920b2bd292de61c7927b00aa67b5cad751dd660dc3e6f:104)
	at jf5.g(r8-map-id-fc73651334f76fbacb9920b2bd292de61c7927b00aa67b5cad751dd660dc3e6f:92)
	at gf5.run(r8-map-id-fc73651334f76fbacb9920b2bd292de61c7927b00aa67b5cad751dd660dc3e6f:42)
	at java.util.concurrent.ThreadPoolExecutor.runWorker(ThreadPoolExecutor.java:1154)
	at java.util.concurrent.ThreadPoolExecutor$Worker.run(ThreadPoolExecutor.java:652)
	at java.lang.Thread.run(Thread.java:1564)
Caused by: android.system.GaiException: android_getaddrinfo failed: EAI_NODATA (No address associated with hostname)
	at libcore.io.Linux.android_getaddrinfo(Native Method)
	at libcore.io.ForwardingOs.android_getaddrinfo(ForwardingOs.java:134)
	at libcore.io.BlockGuardOs.android_getaddrinfo(BlockGuardOs.java:222)
	at libcore.io.ForwardingOs.android_getaddrinfo(ForwardingOs.java:134)
	at java.net.Inet6AddressImpl.lookupHostByName(Inet6AddressImpl.java:135)
	... 18 more

2026-04-07T17:10:14.842758Z Warn: WebSocket disconnected, retrying in 5000ms
2026-04-07T17:14:13.335464Z Info: Delay completed, reconnecting...
2026-04-07T17:14:13.336114Z Info: Connecting to WebSocket at wss://michael.seifert.page/api/apps/v1/notify/ws
2026-04-07T17:14:13.609204Z Debug: Sent WebSocket command: establishConnectionRequest
2026-04-07T17:14:13.85034Z Info: Device handshake successful
2026-04-07T17:14:13.850915Z Warn: DriveSync for drive=9ff813af-f2d6-1e2f-9b9d-b189e72d1a11 already exists, skipping
2026-04-07T17:14:13.851007Z Warn: DriveSync for drive=2612429d-1c3f-0372-82b8-d42fb2cc0499 already exists, skipping
2026-04-07T17:14:13.851246Z Warn: DriveSync for drive=4db49422-ebad-02e9-9ab9-6e9c477d1e08 already exists, skipping
2026-04-07T17:14:13.851534Z Debug: Sent WebSocket command: processInbox
2026-04-07T17:14:13.851712Z Debug: Sent WebSocket command: processInbox
2026-04-07T17:14:13.851884Z Debug: Sent WebSocket command: processInbox
2026-04-07T17:14:13.852054Z Info: Synchronizing drive 4db49422-ebad-02e9-9ab9-6e9c477d1e08
2026-04-07T17:14:13.852044Z Info: Synchronizing drive 2612429d-1c3f-0372-82b8-d42fb2cc0499
2026-04-07T17:14:13.852227Z Info: Synchronizing drive 9ff813af-f2d6-1e2f-9b9d-b189e72d1a11
2026-04-07T17:14:13.898361Z Info: Received 0 records from QueryBatch() on Drive 4db49422-ebad-02e9-9ab9-6e9c477d1e08
2026-04-07T17:14:13.898505Z Debug: DriveSync: all DB writes complete for drive 4db49422-ebad-02e9-9ab9-6e9c477d1e08 (0 total records)
2026-04-07T17:14:13.898929Z Debug: Drive 4db49422-ebad-02e9-9ab9-6e9c477d1e08 synchronized with 0 records read.
2026-04-07T17:14:13.936517Z Info: Received 0 records from QueryBatch() on Drive 2612429d-1c3f-0372-82b8-d42fb2cc0499
2026-04-07T17:14:13.936682Z Debug: DriveSync: all DB writes complete for drive 2612429d-1c3f-0372-82b8-d42fb2cc0499 (0 total records)
2026-04-07T17:14:13.937353Z Debug: Drive 2612429d-1c3f-0372-82b8-d42fb2cc0499 synchronized with 0 records read.
2026-04-07T17:14:14.057717Z Info: Received 0 records from QueryBatch() on Drive 9ff813af-f2d6-1e2f-9b9d-b189e72d1a11
2026-04-07T17:14:14.057859Z Debug: DriveSync: all DB writes complete for drive 9ff813af-f2d6-1e2f-9b9d-b189e72d1a11 (0 total records)
2026-04-07T17:14:14.058293Z Debug: Drive 9ff813af-f2d6-1e2f-9b9d-b189e72d1a11 synchronized with 0 records read.
2026-04-07T17:14:14.058459Z Debug: ChatMessageStream: Stopped(totalCount=0)
2026-04-07T17:14:14.389918Z Debug: ChatMessageStream: loadConversation(674e0d67-34c0-4267-8b94-748f0d226cfb)
2026-04-07T17:14:14.390154Z Info: (ConversationListUi) Navigating to detail for 674e0d67-34c0-4267-8b94-748f0d226cfb
2026-04-07T17:14:14.405765Z Info: Pre-initializing empty scroll position: id=674e0d67-34c0-4267-8b94-748f0d226cfb
2026-04-07T17:14:15.769494Z Debug: ConversationStream: unreadSync convo=674e0d67-34c0-4267-8b94-748f0d226cfb 1->3
2026-04-07T17:14:15.770054Z Debug: ConversationStream: Stopped(totalCount=0)
2026-04-07T17:14:15.790016Z Info: Popping Outbox
2026-04-07T17:14:15.892557Z Info: No more items in outbox
2026-04-07T17:14:15.91166Z Debug: ChatMessageStream: loadConversation(674e0d67-34c0-4267-8b94-748f0d226cfb) → 1000 messages
2026-04-07T17:14:15.934246Z Info: Getting saved scroll position
2026-04-07T17:14:15.939231Z Info: Pre-initializing scroll position: id=674e0d67-34c0-4267-8b94-748f0d226cfb -> 1015:163
2026-04-07T17:14:15.963216Z Info: (ConversationListUi) Restore detail pane for 674e0d67-34c0-4267-8b94-748f0d226cfb
2026-04-07T17:14:16.269132Z Info: Scroll changed: id=674e0d67-34c0-4267-8b94-748f0d226cfb -> 1013:268
2026-04-07T17:14:16.287301Z Error: (HomebaseImageLoader) Non-retriable exception: Not found
2026-04-07T17:14:17.09669Z Debug: markAsRead: convo=674e0d67-34c0-4267-8b94-748f0d226cfb unread=3/8 newReadTime=1775582057097
2026-04-07T17:14:17.097127Z Debug: markAsRead: convo=674e0d67-34c0-4267-8b94-748f0d226cfb endTime=1775581462031
2026-04-07T17:14:17.292237Z Debug: ConversationStream: unreadSync convo=674e0d67-34c0-4267-8b94-748f0d226cfb 3->0
2026-04-07T17:14:17.305122Z Info: Popping Outbox
2026-04-07T17:14:17.314579Z Info: Popping Outbox
2026-04-07T17:14:17.314839Z Info: Log the data from the outboxRecord here...
2026-04-07T17:14:17.315803Z Info: No more items in outbox
2026-04-07T17:14:17.615765Z Info: Popping Outbox
2026-04-07T17:14:17.617401Z Info: No more items in outbox
2026-04-07T17:14:17.802427Z Error: (HomebaseImageLoader) Non-retriable exception: Not found
2026-04-07T17:15:26.989545Z Debug: ConversationStream: BatchReceived 1 files (conversations=0, messages=1, adminFiles=0)
2026-04-07T17:15:26.989835Z Debug: ChatMessageStream: processIncrementalBatch 1 messages across 1 conversation(s)
2026-04-07T17:15:26.995458Z Info: Resetting scroll position, new message seen, index: 1021
2026-04-07T17:15:26.995695Z Info: Setting scroll position: 1021
2026-04-07T17:15:27.016899Z Debug: ConversationStream: BatchReceived 1 files (conversations=0, messages=1, adminFiles=0)
2026-04-07T17:15:27.017174Z Debug: ChatMessageStream: processIncrementalBatch 1 messages across 1 conversation(s)
2026-04-07T17:15:27.024398Z Info: No saved scroll position
2026-04-07T17:15:27.026209Z Info: Popping Outbox
2026-04-07T17:15:27.036275Z Info: Popping Outbox
2026-04-07T17:15:27.036871Z Info: Log the data from the outboxRecord here...
2026-04-07T17:15:27.037893Z Info: No more items in outbox
2026-04-07T17:15:27.042647Z Info: (DriveUploadProvider) drive upload url: [https://michael.seifert.page/api/v2/drives/9ff813af-f2d6-1e2f-9b9d-b189e72d1a11/files]
2026-04-07T17:15:27.134103Z Info: Popping Outbox
2026-04-07T17:15:27.138105Z Info: No more items in outbox
2026-04-07T17:15:27.321052Z Info: Scroll changed: id=674e0d67-34c0-4267-8b94-748f0d226cfb -> 1020:60
2026-04-07T17:15:27.34424Z Info: Synchronizing drive 9ff813af-f2d6-1e2f-9b9d-b189e72d1a11
2026-04-07T17:15:27.498717Z Info: Received 1 records from QueryBatch() on Drive 9ff813af-f2d6-1e2f-9b9d-b189e72d1a11
2026-04-07T17:15:27.499345Z Debug: DriveSync: batch contains 1 chat conversation(s): [674e0d67-34c0-4267-8b94-748f0d226cfb]
2026-04-07T17:15:27.515345Z Debug: ConversationStream: BatchReceived 1 files (conversations=0, messages=1, adminFiles=0)
2026-04-07T17:15:27.515603Z Debug: DriveSync: all DB writes complete for drive 9ff813af-f2d6-1e2f-9b9d-b189e72d1a11 (1 total records)
2026-04-07T17:15:27.515645Z Debug: ChatMessageStream: processIncrementalBatch 1 messages across 1 conversation(s)
2026-04-07T17:15:27.517121Z Debug: Drive 9ff813af-f2d6-1e2f-9b9d-b189e72d1a11 synchronized with 1 records read.
2026-04-07T17:15:27.517068Z Debug: ConversationStream: Stopped(totalCount=1)
2026-04-07T17:15:27.517872Z Info: Synchronizing drive 9ff813af-f2d6-1e2f-9b9d-b189e72d1a11
2026-04-07T17:15:27.520814Z Debug: ChatMessageStream: Stopped(totalCount=1)
2026-04-07T17:15:27.524193Z Info: No saved scroll position
2026-04-07T17:15:27.527271Z Error: (HomebaseImageLoader) Non-retriable exception: Not found
2026-04-07T17:15:27.646916Z Info: Received 0 records from QueryBatch() on Drive 9ff813af-f2d6-1e2f-9b9d-b189e72d1a11
2026-04-07T17:15:27.647501Z Debug: DriveSync: all DB writes complete for drive 9ff813af-f2d6-1e2f-9b9d-b189e72d1a11 (0 total records)
2026-04-07T17:15:27.648907Z Debug: ConversationStream: Stopped(totalCount=0)
2026-04-07T17:15:27.649775Z Debug: Drive 9ff813af-f2d6-1e2f-9b9d-b189e72d1a11 synchronized with 0 records read.
2026-04-07T17:15:27.651117Z Debug: ChatMessageStream: Stopped(totalCount=0)
2026-04-07T17:15:27.65153Z Info: Synchronizing drive 9ff813af-f2d6-1e2f-9b9d-b189e72d1a11
2026-04-07T17:15:27.700542Z Info: Received 0 records from QueryBatch() on Drive 9ff813af-f2d6-1e2f-9b9d-b189e72d1a11
2026-04-07T17:15:27.700817Z Debug: DriveSync: all DB writes complete for drive 9ff813af-f2d6-1e2f-9b9d-b189e72d1a11 (0 total records)
2026-04-07T17:15:27.701711Z Debug: ChatMessageStream: Stopped(totalCount=0)
2026-04-07T17:15:27.701825Z Debug: Drive 9ff813af-f2d6-1e2f-9b9d-b189e72d1a11 synchronized with 0 records read.
2026-04-07T17:15:27.702256Z Debug: ConversationStream: Stopped(totalCount=0)
2026-04-07T17:15:28.381135Z Debug: Sent WebSocket command: processInbox
2026-04-07T17:15:28.38348Z Debug: Sent WebSocket command: processInbox
2026-04-07T17:15:28.388354Z Info: Synchronizing drive 9ff813af-f2d6-1e2f-9b9d-b189e72d1a11
2026-04-07T17:15:28.462227Z Debug: markAsRead: convo=674e0d67-34c0-4267-8b94-748f0d226cfb unread=0/1 newReadTime=1775582128463
2026-04-07T17:15:28.520522Z Info: Received 1 records from QueryBatch() on Drive 9ff813af-f2d6-1e2f-9b9d-b189e72d1a11
2026-04-07T17:15:28.52091Z Debug: DriveSync: batch contains 1 chat conversation(s): [674e0d67-34c0-4267-8b94-748f0d226cfb]
2026-04-07T17:15:28.742842Z Debug: ConversationStream: BatchReceived 1 files (conversations=0, messages=1, adminFiles=0)
2026-04-07T17:15:28.743215Z Debug: DriveSync: all DB writes complete for drive 9ff813af-f2d6-1e2f-9b9d-b189e72d1a11 (1 total records)
2026-04-07T17:15:28.743324Z Debug: ChatMessageStream: processIncrementalBatch 1 messages across 1 conversation(s)
2026-04-07T17:15:28.744196Z Debug: Drive 9ff813af-f2d6-1e2f-9b9d-b189e72d1a11 synchronized with 1 records read.
2026-04-07T17:15:28.744257Z Debug: ConversationStream: Stopped(totalCount=1)
2026-04-07T17:15:28.745415Z Debug: ChatMessageStream: Stopped(totalCount=1)
2026-04-07T17:15:28.747041Z Info: No saved scroll position
2026-04-07T17:15:29.231087Z Info: Scroll changed: id=674e0d67-34c0-4267-8b94-748f0d226cfb -> 1016:79
2026-04-07T17:15:29.702984Z Info: (ShareShortcutPublisher) Published 8 share shortcuts
2026-04-07T17:16:02.277989Z Info: WebSocket connection ended
2026-04-07T17:16:02.278421Z Info: Connecting to WebSocket at wss://michael.seifert.page/api/apps/v1/notify/ws
2026-04-07T17:16:02.305154Z Error: WebSocket connect failed Unable to resolve host "michael.seifert.page": No address associated with hostname
java.net.UnknownHostException: Unable to resolve host "michael.seifert.page": No address associated with hostname
	at java.net.Inet6AddressImpl.lookupHostByName(Inet6AddressImpl.java:156)
	at java.net.Inet6AddressImpl.lookupAllHostAddr(Inet6AddressImpl.java:103)
	at java.net.InetAddress.getAllByName(InetAddress.java:1152)
	at wf5.b(r8-map-id-fc73651334f76fbacb9920b2bd292de61c7927b00aa67b5cad751dd660dc3e6f:393)
	at m92.d(r8-map-id-fc73651334f76fbacb9920b2bd292de61c7927b00aa67b5cad751dd660dc3e6f:12)
	at m92.a(r8-map-id-fc73651334f76fbacb9920b2bd292de61c7927b00aa67b5cad751dd660dc3e6f:77)
	at uc0.a(r8-map-id-fc73651334f76fbacb9920b2bd292de61c7927b00aa67b5cad751dd660dc3e6f:455)
	at sf5.b(r8-map-id-fc73651334f76fbacb9920b2bd292de61c7927b00aa67b5cad751dd660dc3e6f:104)
	at uc0.a(r8-map-id-fc73651334f76fbacb9920b2bd292de61c7927b00aa67b5cad751dd660dc3e6f:151)
	at sf5.b(r8-map-id-fc73651334f76fbacb9920b2bd292de61c7927b00aa67b5cad751dd660dc3e6f:104)
	at b70.a(r8-map-id-fc73651334f76fbacb9920b2bd292de61c7927b00aa67b5cad751dd660dc3e6f:586)
	at sf5.b(r8-map-id-fc73651334f76fbacb9920b2bd292de61c7927b00aa67b5cad751dd660dc3e6f:104)
	at b70.a(r8-map-id-fc73651334f76fbacb9920b2bd292de61c7927b00aa67b5cad751dd660dc3e6f:215)
	at sf5.b(r8-map-id-fc73651334f76fbacb9920b2bd292de61c7927b00aa67b5cad751dd660dc3e6f:104)
	at jf5.g(r8-map-id-fc73651334f76fbacb9920b2bd292de61c7927b00aa67b5cad751dd660dc3e6f:92)
	at gf5.run(r8-map-id-fc73651334f76fbacb9920b2bd292de61c7927b00aa67b5cad751dd660dc3e6f:42)
	at java.util.concurrent.ThreadPoolExecutor.runWorker(ThreadPoolExecutor.java:1154)
	at java.util.concurrent.ThreadPoolExecutor$Worker.run(ThreadPoolExecutor.java:652)
	at java.lang.Thread.run(Thread.java:1564)
Caused by: android.system.GaiException: android_getaddrinfo failed: EAI_NODATA (No address associated with hostname)
	at libcore.io.Linux.android_getaddrinfo(Native Method)
	at libcore.io.ForwardingOs.android_getaddrinfo(ForwardingOs.java:134)
	at libcore.io.BlockGuardOs.android_getaddrinfo(BlockGuardOs.java:222)
	at libcore.io.ForwardingOs.android_getaddrinfo(ForwardingOs.java:134)
	at java.net.Inet6AddressImpl.lookupHostByName(Inet6AddressImpl.java:135)
	... 18 more

2026-04-07T17:16:02.307957Z Warn: WebSocket disconnected, retrying in 5000ms
2026-04-07T17:16:08.035375Z Info: Delay completed, reconnecting...
2026-04-07T17:16:08.038951Z Info: Connecting to WebSocket at wss://michael.seifert.page/api/apps/v1/notify/ws
2026-04-07T17:16:08.065689Z Error: WebSocket connect failed Unable to resolve host "michael.seifert.page": No address associated with hostname
java.net.UnknownHostException: Unable to resolve host "michael.seifert.page": No address associated with hostname
	at java.net.Inet6AddressImpl.lookupHostByName(Inet6AddressImpl.java:156)
	at java.net.Inet6AddressImpl.lookupAllHostAddr(Inet6AddressImpl.java:103)
	at java.net.InetAddress.getAllByName(InetAddress.java:1152)
	at wf5.b(r8-map-id-fc73651334f76fbacb9920b2bd292de61c7927b00aa67b5cad751dd660dc3e6f:393)
	at m92.d(r8-map-id-fc73651334f76fbacb9920b2bd292de61c7927b00aa67b5cad751dd660dc3e6f:12)
	at m92.a(r8-map-id-fc73651334f76fbacb9920b2bd292de61c7927b00aa67b5cad751dd660dc3e6f:77)
	at uc0.a(r8-map-id-fc73651334f76fbacb9920b2bd292de61c7927b00aa67b5cad751dd660dc3e6f:455)
	at sf5.b(r8-map-id-fc73651334f76fbacb9920b2bd292de61c7927b00aa67b5cad751dd660dc3e6f:104)
	at uc0.a(r8-map-id-fc73651334f76fbacb9920b2bd292de61c7927b00aa67b5cad751dd660dc3e6f:151)
	at sf5.b(r8-map-id-fc73651334f76fbacb9920b2bd292de61c7927b00aa67b5cad751dd660dc3e6f:104)
	at b70.a(r8-map-id-fc73651334f76fbacb9920b2bd292de61c7927b00aa67b5cad751dd660dc3e6f:586)
	at sf5.b(r8-map-id-fc73651334f76fbacb9920b2bd292de61c7927b00aa67b5cad751dd660dc3e6f:104)
	at b70.a(r8-map-id-fc73651334f76fbacb9920b2bd292de61c7927b00aa67b5cad751dd660dc3e6f:215)
	at sf5.b(r8-map-id-fc73651334f76fbacb9920b2bd292de61c7927b00aa67b5cad751dd660dc3e6f:104)
	at jf5.g(r8-map-id-fc73651334f76fbacb9920b2bd292de61c7927b00aa67b5cad751dd660dc3e6f:92)
	at gf5.run(r8-map-id-fc73651334f76fbacb9920b2bd292de61c7927b00aa67b5cad751dd660dc3e6f:42)
	at java.util.concurrent.ThreadPoolExecutor.runWorker(ThreadPoolExecutor.java:1154)
	at java.util.concurrent.ThreadPoolExecutor$Worker.run(ThreadPoolExecutor.java:652)
	at java.lang.Thread.run(Thread.java:1564)
Caused by: android.system.GaiException: android_getaddrinfo failed: EAI_NODATA (No address associated with hostname)
	at libcore.io.Linux.android_getaddrinfo(Native Method)
	at libcore.io.ForwardingOs.android_getaddrinfo(ForwardingOs.java:134)
	at libcore.io.BlockGuardOs.android_getaddrinfo(BlockGuardOs.java:222)
	at libcore.io.ForwardingOs.android_getaddrinfo(ForwardingOs.java:134)
	at java.net.Inet6AddressImpl.lookupHostByName(Inet6AddressImpl.java:135)
	... 18 more

2026-04-07T17:16:08.06798Z Warn: WebSocket disconnected, retrying in 5000ms
2026-04-07T17:16:14.026519Z Info: Delay completed, reconnecting...
2026-04-07T17:16:14.027677Z Info: Connecting to WebSocket at wss://michael.seifert.page/api/apps/v1/notify/ws
2026-04-07T17:16:14.040857Z Error: WebSocket connect failed Unable to resolve host "michael.seifert.page": No address associated with hostname
java.net.UnknownHostException: Unable to resolve host "michael.seifert.page": No address associated with hostname
	at java.net.Inet6AddressImpl.lookupHostByName(Inet6AddressImpl.java:156)
	at java.net.Inet6AddressImpl.lookupAllHostAddr(Inet6AddressImpl.java:103)
	at java.net.InetAddress.getAllByName(InetAddress.java:1152)
	at wf5.b(r8-map-id-fc73651334f76fbacb9920b2bd292de61c7927b00aa67b5cad751dd660dc3e6f:393)
	at m92.d(r8-map-id-fc73651334f76fbacb9920b2bd292de61c7927b00aa67b5cad751dd660dc3e6f:12)
	at m92.a(r8-map-id-fc73651334f76fbacb9920b2bd292de61c7927b00aa67b5cad751dd660dc3e6f:77)
	at uc0.a(r8-map-id-fc73651334f76fbacb9920b2bd292de61c7927b00aa67b5cad751dd660dc3e6f:455)
	at sf5.b(r8-map-id-fc73651334f76fbacb9920b2bd292de61c7927b00aa67b5cad751dd660dc3e6f:104)
	at uc0.a(r8-map-id-fc73651334f76fbacb9920b2bd292de61c7927b00aa67b5cad751dd660dc3e6f:151)
	at sf5.b(r8-map-id-fc73651334f76fbacb9920b2bd292de61c7927b00aa67b5cad751dd660dc3e6f:104)
	at b70.a(r8-map-id-fc73651334f76fbacb9920b2bd292de61c7927b00aa67b5cad751dd660dc3e6f:586)
	at sf5.b(r8-map-id-fc73651334f76fbacb9920b2bd292de61c7927b00aa67b5cad751dd660dc3e6f:104)
	at b70.a(r8-map-id-fc73651334f76fbacb9920b2bd292de61c7927b00aa67b5cad751dd660dc3e6f:215)
	at sf5.b(r8-map-id-fc73651334f76fbacb9920b2bd292de61c7927b00aa67b5cad751dd660dc3e6f:104)
	at jf5.g(r8-map-id-fc73651334f76fbacb9920b2bd292de61c7927b00aa67b5cad751dd660dc3e6f:92)
	at gf5.run(r8-map-id-fc73651334f76fbacb9920b2bd292de61c7927b00aa67b5cad751dd660dc3e6f:42)
	at java.util.concurrent.ThreadPoolExecutor.runWorker(ThreadPoolExecutor.java:1154)
	at java.util.concurrent.ThreadPoolExecutor$Worker.run(ThreadPoolExecutor.java:652)
	at java.lang.Thread.run(Thread.java:1564)
Caused by: android.system.GaiException: android_getaddrinfo failed: EAI_NODATA (No address associated with hostname)
	at libcore.io.Linux.android_getaddrinfo(Native Method)
	at libcore.io.ForwardingOs.android_getaddrinfo(ForwardingOs.java:134)
	at libcore.io.BlockGuardOs.android_getaddrinfo(BlockGuardOs.java:222)
	at libcore.io.ForwardingOs.android_getaddrinfo(ForwardingOs.java:134)
	at java.net.Inet6AddressImpl.lookupHostByName(Inet6AddressImpl.java:135)
	... 18 more

2026-04-07T17:16:14.043807Z Warn: WebSocket disconnected, retrying in 5000ms
2026-04-07T17:16:18.625207Z Info: Delay completed, reconnecting...
2026-04-07T17:16:18.627312Z Info: Connecting to WebSocket at wss://michael.seifert.page/api/apps/v1/notify/ws
2026-04-07T17:16:18.64701Z Error: WebSocket connect failed Unable to resolve host "michael.seifert.page": No address associated with hostname
java.net.UnknownHostException: Unable to resolve host "michael.seifert.page": No address associated with hostname
	at java.net.Inet6AddressImpl.lookupHostByName(Inet6AddressImpl.java:156)
	at java.net.Inet6AddressImpl.lookupAllHostAddr(Inet6AddressImpl.java:103)
	at java.net.InetAddress.getAllByName(InetAddress.java:1152)
	at wf5.b(r8-map-id-fc73651334f76fbacb9920b2bd292de61c7927b00aa67b5cad751dd660dc3e6f:393)
	at m92.d(r8-map-id-fc73651334f76fbacb9920b2bd292de61c7927b00aa67b5cad751dd660dc3e6f:12)
	at m92.a(r8-map-id-fc73651334f76fbacb9920b2bd292de61c7927b00aa67b5cad751dd660dc3e6f:77)
	at uc0.a(r8-map-id-fc73651334f76fbacb9920b2bd292de61c7927b00aa67b5cad751dd660dc3e6f:455)
	at sf5.b(r8-map-id-fc73651334f76fbacb9920b2bd292de61c7927b00aa67b5cad751dd660dc3e6f:104)
	at uc0.a(r8-map-id-fc73651334f76fbacb9920b2bd292de61c7927b00aa67b5cad751dd660dc3e6f:151)
	at sf5.b(r8-map-id-fc73651334f76fbacb9920b2bd292de61c7927b00aa67b5cad751dd660dc3e6f:104)
	at b70.a(r8-map-id-fc73651334f76fbacb9920b2bd292de61c7927b00aa67b5cad751dd660dc3e6f:586)
	at sf5.b(r8-map-id-fc73651334f76fbacb9920b2bd292de61c7927b00aa67b5cad751dd660dc3e6f:104)
	at b70.a(r8-map-id-fc73651334f76fbacb9920b2bd292de61c7927b00aa67b5cad751dd660dc3e6f:215)
	at sf5.b(r8-map-id-fc73651334f76fbacb9920b2bd292de61c7927b00aa67b5cad751dd660dc3e6f:104)
	at jf5.g(r8-map-id-fc73651334f76fbacb9920b2bd292de61c7927b00aa67b5cad751dd660dc3e6f:92)
	at gf5.run(r8-map-id-fc73651334f76fbacb9920b2bd292de61c7927b00aa67b5cad751dd660dc3e6f:42)
	at java.util.concurrent.ThreadPoolExecutor.runWorker(ThreadPoolExecutor.java:1154)
	at java.util.concurrent.ThreadPoolExecutor$Worker.run(ThreadPoolExecutor.java:652)
	at java.lang.Thread.run(Thread.java:1564)
Caused by: android.system.GaiException: android_getaddrinfo failed: EAI_NODATA (No address associated with hostname)
	at libcore.io.Linux.android_getaddrinfo(Native Method)
	at libcore.io.ForwardingOs.android_getaddrinfo(ForwardingOs.java:134)
	at libcore.io.BlockGuardOs.android_getaddrinfo(BlockGuardOs.java:222)
	at libcore.io.ForwardingOs.android_getaddrinfo(ForwardingOs.java:134)
	at java.net.Inet6AddressImpl.lookupHostByName(Inet6AddressImpl.java:135)
	... 18 more

2026-04-07T17:16:18.649744Z Warn: WebSocket disconnected, retrying in 5000ms
2026-04-07T17:17:07.589361Z Info: Delay completed, reconnecting...
2026-04-07T17:17:07.612288Z Info: Connecting to WebSocket at wss://michael.seifert.page/api/apps/v1/notify/ws
2026-04-07T17:17:07.628974Z Info: (NotificationService) FCM message received — title=null body=null data={correlationId=74c7e5d1-4757-4eed-882f-d2f84c65f633, id=4cf0cbbc-c651-4536-a320-7a825339c665, data={"senderId":"toddmitchell.me","appDisplayName":"Homebase - Chat","timestamp":1775582226067,"options":{"appId":"2d781401-3804-4b57-b4aa-d8e4e2ef39f4","typeId":"674e0d67-34c0-4267-8b94-748f0d226cfb","tagId":"9636fcbf-1136-a4f4-191c-f9db2e877f45","silent":false,"peerSubscriptionId":"00000000-0000-0000-0000-000000000000","recipients":null,"unEncryptedMessage":"toddmitchell.me sent a message"}}, timestamp=2026-04-07T17:17:06.0732358+00:00, version=1}
2026-04-07T17:17:07.725563Z Info: (DriveSyncWorker) doWork: starting (attempt=0)
2026-04-07T17:17:07.72626Z Debug: (BackgroundSync) syncIfAuthenticated: checking...
2026-04-07T17:17:07.727721Z Info: (BackgroundSync) syncIfAuthenticated: WS offline — running background sync
2026-04-07T17:17:07.729334Z Warn: DriveSync for drive=9ff813af-f2d6-1e2f-9b9d-b189e72d1a11 already exists, skipping
2026-04-07T17:17:07.730919Z Warn: DriveSync for drive=2612429d-1c3f-0372-82b8-d42fb2cc0499 already exists, skipping
2026-04-07T17:17:07.731213Z Warn: DriveSync for drive=4db49422-ebad-02e9-9ab9-6e9c477d1e08 already exists, skipping
2026-04-07T17:17:07.864923Z Debug: Sent WebSocket command: establishConnectionRequest
2026-04-07T17:17:08.006958Z Info: Synchronizing drive 2612429d-1c3f-0372-82b8-d42fb2cc0499
2026-04-07T17:17:08.007247Z Info: Synchronizing drive 9ff813af-f2d6-1e2f-9b9d-b189e72d1a11
2026-04-07T17:17:08.008571Z Info: Synchronizing drive 4db49422-ebad-02e9-9ab9-6e9c477d1e08
2026-04-07T17:17:08.07479Z Info: Received 0 records from QueryBatch() on Drive 2612429d-1c3f-0372-82b8-d42fb2cc0499
2026-04-07T17:17:08.075593Z Debug: DriveSync: all DB writes complete for drive 2612429d-1c3f-0372-82b8-d42fb2cc0499 (0 total records)
2026-04-07T17:17:08.07788Z Debug: Drive 2612429d-1c3f-0372-82b8-d42fb2cc0499 synchronized with 0 records read.
2026-04-07T17:17:08.102338Z Info: Received 0 records from QueryBatch() on Drive 4db49422-ebad-02e9-9ab9-6e9c477d1e08
2026-04-07T17:17:08.10294Z Debug: DriveSync: all DB writes complete for drive 4db49422-ebad-02e9-9ab9-6e9c477d1e08 (0 total records)
2026-04-07T17:17:08.106544Z Debug: Drive 4db49422-ebad-02e9-9ab9-6e9c477d1e08 synchronized with 0 records read.
2026-04-07T17:17:08.115886Z Info: Device handshake successful
2026-04-07T17:17:08.117234Z Warn: DriveSync for drive=9ff813af-f2d6-1e2f-9b9d-b189e72d1a11 already exists, skipping
2026-04-07T17:17:08.117555Z Warn: DriveSync for drive=2612429d-1c3f-0372-82b8-d42fb2cc0499 already exists, skipping
2026-04-07T17:17:08.11957Z Warn: DriveSync for drive=4db49422-ebad-02e9-9ab9-6e9c477d1e08 already exists, skipping
2026-04-07T17:17:08.121436Z Debug: Sent WebSocket command: processInbox
2026-04-07T17:17:08.124187Z Debug: Sent WebSocket command: processInbox
2026-04-07T17:17:08.127413Z Debug: Sent WebSocket command: processInbox
2026-04-07T17:17:08.128966Z Info: Synchronizing drive 4db49422-ebad-02e9-9ab9-6e9c477d1e08
2026-04-07T17:17:08.129349Z Info: Synchronizing drive 2612429d-1c3f-0372-82b8-d42fb2cc0499
2026-04-07T17:17:08.149729Z Info: Received 1 records from QueryBatch() on Drive 9ff813af-f2d6-1e2f-9b9d-b189e72d1a11
2026-04-07T17:17:08.157984Z Debug: DriveSync: batch contains 1 chat conversation(s): [674e0d67-34c0-4267-8b94-748f0d226cfb]
2026-04-07T17:17:08.200276Z Info: Received 0 records from QueryBatch() on Drive 2612429d-1c3f-0372-82b8-d42fb2cc0499
2026-04-07T17:17:08.20074Z Debug: DriveSync: all DB writes complete for drive 2612429d-1c3f-0372-82b8-d42fb2cc0499 (0 total records)
2026-04-07T17:17:08.201944Z Debug: Drive 2612429d-1c3f-0372-82b8-d42fb2cc0499 synchronized with 0 records read.
2026-04-07T17:17:08.241292Z Info: Received 0 records from QueryBatch() on Drive 4db49422-ebad-02e9-9ab9-6e9c477d1e08
2026-04-07T17:17:08.242156Z Debug: DriveSync: all DB writes complete for drive 4db49422-ebad-02e9-9ab9-6e9c477d1e08 (0 total records)
2026-04-07T17:17:08.248129Z Debug: Drive 4db49422-ebad-02e9-9ab9-6e9c477d1e08 synchronized with 0 records read.
2026-04-07T17:17:20.345103Z Debug: DriveSync: all DB writes complete for drive 9ff813af-f2d6-1e2f-9b9d-b189e72d1a11 (1 total records)
2026-04-07T17:17:20.344442Z Debug: ConversationStream: BatchReceived 1 files (conversations=0, messages=1, adminFiles=0)
2026-04-07T17:17:20.345862Z Debug: Drive 9ff813af-f2d6-1e2f-9b9d-b189e72d1a11 synchronized with 1 records read.
2026-04-07T17:17:20.34713Z Debug: ChatMessageStream: processIncrementalBatch 1 messages across 1 conversation(s)
2026-04-07T17:17:20.35094Z Debug: ConversationStream: unread++ convo=674e0d67-34c0-4267-8b94-748f0d226cfb count=1
2026-04-07T17:17:20.351092Z Info: (BackgroundSync) syncIfAuthenticated: completed
2026-04-07T17:17:20.351717Z Info: (DriveSyncWorker) doWork: success
2026-04-07T17:17:20.352966Z Info: Synchronizing drive 9ff813af-f2d6-1e2f-9b9d-b189e72d1a11
2026-04-07T17:17:20.355156Z Debug: ConversationStream: Stopped(totalCount=1)
2026-04-07T17:17:20.356442Z Debug: ChatMessageStream: Stopped(totalCount=1)
2026-04-07T17:17:20.420672Z Info: Popping Outbox
2026-04-07T17:17:20.422764Z Info: No more items in outbox
2026-04-07T17:17:20.505623Z Info: Received 0 records from QueryBatch() on Drive 9ff813af-f2d6-1e2f-9b9d-b189e72d1a11
2026-04-07T17:17:20.506097Z Debug: DriveSync: all DB writes complete for drive 9ff813af-f2d6-1e2f-9b9d-b189e72d1a11 (0 total records)
2026-04-07T17:17:20.507096Z Debug: ConversationStream: Stopped(totalCount=0)
2026-04-07T17:17:20.507417Z Debug: ChatMessageStream: Stopped(totalCount=0)
2026-04-07T17:17:20.507387Z Debug: Drive 9ff813af-f2d6-1e2f-9b9d-b189e72d1a11 synchronized with 0 records read.
2026-04-07T17:17:20.914398Z Error: (HomebaseImageLoader) Non-retriable exception: Not found
2026-04-07T17:17:22.99945Z Info: (ShareShortcutPublisher) Published 8 share shortcuts
2026-04-07T17:17:27.578162Z Info: Connecting to WebSocket at wss://michael.seifert.page/api/apps/v1/notify/ws
2026-04-07T17:17:27.57913Z Info: WebSocket connection ended
2026-04-07T17:17:27.592772Z Error: WebSocket connect failed Unable to resolve host "michael.seifert.page": No address associated with hostname
java.net.UnknownHostException: Unable to resolve host "michael.seifert.page": No address associated with hostname
	at java.net.Inet6AddressImpl.lookupHostByName(Inet6AddressImpl.java:156)
	at java.net.Inet6AddressImpl.lookupAllHostAddr(Inet6AddressImpl.java:103)
	at java.net.InetAddress.getAllByName(InetAddress.java:1152)
	at wf5.b(r8-map-id-fc73651334f76fbacb9920b2bd292de61c7927b00aa67b5cad751dd660dc3e6f:393)
	at m92.d(r8-map-id-fc73651334f76fbacb9920b2bd292de61c7927b00aa67b5cad751dd660dc3e6f:12)
	at m92.a(r8-map-id-fc73651334f76fbacb9920b2bd292de61c7927b00aa67b5cad751dd660dc3e6f:77)
	at uc0.a(r8-map-id-fc73651334f76fbacb9920b2bd292de61c7927b00aa67b5cad751dd660dc3e6f:455)
	at sf5.b(r8-map-id-fc73651334f76fbacb9920b2bd292de61c7927b00aa67b5cad751dd660dc3e6f:104)
	at uc0.a(r8-map-id-fc73651334f76fbacb9920b2bd292de61c7927b00aa67b5cad751dd660dc3e6f:151)
	at sf5.b(r8-map-id-fc73651334f76fbacb9920b2bd292de61c7927b00aa67b5cad751dd660dc3e6f:104)
	at b70.a(r8-map-id-fc73651334f76fbacb9920b2bd292de61c7927b00aa67b5cad751dd660dc3e6f:586)
	at sf5.b(r8-map-id-fc73651334f76fbacb9920b2bd292de61c7927b00aa67b5cad751dd660dc3e6f:104)
	at b70.a(r8-map-id-fc73651334f76fbacb9920b2bd292de61c7927b00aa67b5cad751dd660dc3e6f:215)
	at sf5.b(r8-map-id-fc73651334f76fbacb9920b2bd292de61c7927b00aa67b5cad751dd660dc3e6f:104)
	at jf5.g(r8-map-id-fc73651334f76fbacb9920b2bd292de61c7927b00aa67b5cad751dd660dc3e6f:92)
	at gf5.run(r8-map-id-fc73651334f76fbacb9920b2bd292de61c7927b00aa67b5cad751dd660dc3e6f:42)
	at java.util.concurrent.ThreadPoolExecutor.runWorker(ThreadPoolExecutor.java:1154)
	at java.util.concurrent.ThreadPoolExecutor$Worker.run(ThreadPoolExecutor.java:652)
	at java.lang.Thread.run(Thread.java:1564)
Caused by: android.system.GaiException: android_getaddrinfo failed: EAI_NODATA (No address associated with hostname)
	at libcore.io.Linux.android_getaddrinfo(Native Method)
	at libcore.io.ForwardingOs.android_getaddrinfo(ForwardingOs.java:134)
	at libcore.io.BlockGuardOs.android_getaddrinfo(BlockGuardOs.java:222)
	at libcore.io.ForwardingOs.android_getaddrinfo(ForwardingOs.java:134)
	at java.net.Inet6AddressImpl.lookupHostByName(Inet6AddressImpl.java:135)
	... 18 more

2026-04-07T17:17:27.595092Z Warn: WebSocket disconnected, retrying in 5000ms
2026-04-07T17:17:33.590181Z Info: Delay completed, reconnecting...
2026-04-07T17:17:33.597517Z Info: Connecting to WebSocket at wss://michael.seifert.page/api/apps/v1/notify/ws
2026-04-07T17:17:33.621562Z Error: WebSocket connect failed Unable to resolve host "michael.seifert.page": No address associated with hostname
java.net.UnknownHostException: Unable to resolve host "michael.seifert.page": No address associated with hostname
	at java.net.Inet6AddressImpl.lookupHostByName(Inet6AddressImpl.java:156)
	at java.net.Inet6AddressImpl.lookupAllHostAddr(Inet6AddressImpl.java:103)
	at java.net.InetAddress.getAllByName(InetAddress.java:1152)
	at wf5.b(r8-map-id-fc73651334f76fbacb9920b2bd292de61c7927b00aa67b5cad751dd660dc3e6f:393)
	at m92.d(r8-map-id-fc73651334f76fbacb9920b2bd292de61c7927b00aa67b5cad751dd660dc3e6f:12)
	at m92.a(r8-map-id-fc73651334f76fbacb9920b2bd292de61c7927b00aa67b5cad751dd660dc3e6f:77)
	at uc0.a(r8-map-id-fc73651334f76fbacb9920b2bd292de61c7927b00aa67b5cad751dd660dc3e6f:455)
	at sf5.b(r8-map-id-fc73651334f76fbacb9920b2bd292de61c7927b00aa67b5cad751dd660dc3e6f:104)
	at uc0.a(r8-map-id-fc73651334f76fbacb9920b2bd292de61c7927b00aa67b5cad751dd660dc3e6f:151)
	at sf5.b(r8-map-id-fc73651334f76fbacb9920b2bd292de61c7927b00aa67b5cad751dd660dc3e6f:104)
	at b70.a(r8-map-id-fc73651334f76fbacb9920b2bd292de61c7927b00aa67b5cad751dd660dc3e6f:586)
	at sf5.b(r8-map-id-fc73651334f76fbacb9920b2bd292de61c7927b00aa67b5cad751dd660dc3e6f:104)
	at b70.a(r8-map-id-fc73651334f76fbacb9920b2bd292de61c7927b00aa67b5cad751dd660dc3e6f:215)
	at sf5.b(r8-map-id-fc73651334f76fbacb9920b2bd292de61c7927b00aa67b5cad751dd660dc3e6f:104)
	at jf5.g(r8-map-id-fc73651334f76fbacb9920b2bd292de61c7927b00aa67b5cad751dd660dc3e6f:92)
	at gf5.run(r8-map-id-fc73651334f76fbacb9920b2bd292de61c7927b00aa67b5cad751dd660dc3e6f:42)
	at java.util.concurrent.ThreadPoolExecutor.runWorker(ThreadPoolExecutor.java:1154)
	at java.util.concurrent.ThreadPoolExecutor$Worker.run(ThreadPoolExecutor.java:652)
	at java.lang.Thread.run(Thread.java:1564)
Caused by: android.system.GaiException: android_getaddrinfo failed: EAI_NODATA (No address associated with hostname)
	at libcore.io.Linux.android_getaddrinfo(Native Method)
	at libcore.io.ForwardingOs.android_getaddrinfo(ForwardingOs.java:134)
	at libcore.io.BlockGuardOs.android_getaddrinfo(BlockGuardOs.java:222)
	at libcore.io.ForwardingOs.android_getaddrinfo(ForwardingOs.java:134)
	at java.net.Inet6AddressImpl.lookupHostByName(Inet6AddressImpl.java:135)
	... 18 more

2026-04-07T17:17:33.630893Z Warn: WebSocket disconnected, retrying in 5000ms
2026-04-07T17:20:18.9995Z Info: Delay completed, reconnecting...
2026-04-07T17:20:19.01371Z Info: Connecting to WebSocket at wss://michael.seifert.page/api/apps/v1/notify/ws
2026-04-07T17:20:19.029186Z Info: (MainActivity) Notification intent detected (conversation: 674e0d67-34c0-4267-8b94-748f0d226cfb)
2026-04-07T17:20:19.099491Z Debug: ChatMessageStream: loadConversation(674e0d67-34c0-4267-8b94-748f0d226cfb)
2026-04-07T17:20:19.231059Z Debug: Sent WebSocket command: establishConnectionRequest
2026-04-07T17:20:19.270538Z Debug: ChatMessageStream: loadConversation(674e0d67-34c0-4267-8b94-748f0d226cfb) → 1000 messages
2026-04-07T17:20:19.276202Z Info: No saved scroll position
2026-04-07T17:20:19.282357Z Info: (ConversationListUi) Restore detail pane for 674e0d67-34c0-4267-8b94-748f0d226cfb
2026-04-07T17:20:19.293571Z Info: Pre-initializing scroll position at bottom: id=674e0d67-34c0-4267-8b94-748f0d226cfb
2026-04-07T17:20:19.468394Z Info: Device handshake successful
2026-04-07T17:20:19.469114Z Warn: DriveSync for drive=9ff813af-f2d6-1e2f-9b9d-b189e72d1a11 already exists, skipping
2026-04-07T17:20:19.469232Z Warn: DriveSync for drive=2612429d-1c3f-0372-82b8-d42fb2cc0499 already exists, skipping
2026-04-07T17:20:19.469278Z Warn: DriveSync for drive=4db49422-ebad-02e9-9ab9-6e9c477d1e08 already exists, skipping
2026-04-07T17:20:19.469553Z Debug: Sent WebSocket command: processInbox
2026-04-07T17:20:19.469745Z Debug: Sent WebSocket command: processInbox
2026-04-07T17:20:19.469945Z Debug: Sent WebSocket command: processInbox
2026-04-07T17:20:19.470154Z Info: Synchronizing drive 4db49422-ebad-02e9-9ab9-6e9c477d1e08
2026-04-07T17:20:19.470145Z Info: Synchronizing drive 2612429d-1c3f-0372-82b8-d42fb2cc0499
2026-04-07T17:20:19.470438Z Info: Synchronizing drive 9ff813af-f2d6-1e2f-9b9d-b189e72d1a11
2026-04-07T17:20:19.513059Z Info: Received 0 records from QueryBatch() on Drive 9ff813af-f2d6-1e2f-9b9d-b189e72d1a11
2026-04-07T17:20:19.513199Z Debug: DriveSync: all DB writes complete for drive 9ff813af-f2d6-1e2f-9b9d-b189e72d1a11 (0 total records)
2026-04-07T17:20:19.513805Z Debug: ChatMessageStream: Stopped(totalCount=0)
2026-04-07T17:20:19.51383Z Debug: Drive 9ff813af-f2d6-1e2f-9b9d-b189e72d1a11 synchronized with 0 records read.
2026-04-07T17:20:19.552343Z Info: Received 0 records from QueryBatch() on Drive 4db49422-ebad-02e9-9ab9-6e9c477d1e08
2026-04-07T17:20:19.552469Z Debug: DriveSync: all DB writes complete for drive 4db49422-ebad-02e9-9ab9-6e9c477d1e08 (0 total records)
2026-04-07T17:20:19.553246Z Info: Received 0 records from QueryBatch() on Drive 2612429d-1c3f-0372-82b8-d42fb2cc0499
2026-04-07T17:20:19.553407Z Debug: Drive 4db49422-ebad-02e9-9ab9-6e9c477d1e08 synchronized with 0 records read.
2026-04-07T17:20:19.553333Z Debug: DriveSync: all DB writes complete for drive 2612429d-1c3f-0372-82b8-d42fb2cc0499 (0 total records)
2026-04-07T17:20:19.554242Z Debug: Drive 2612429d-1c3f-0372-82b8-d42fb2cc0499 synchronized with 0 records read.
2026-04-07T17:20:19.619721Z Info: Scroll changed: id=674e0d67-34c0-4267-8b94-748f0d226cfb -> 1017:223
2026-04-07T17:20:21.592196Z Debug: ConversationStream: unreadSync convo=674e0d67-34c0-4267-8b94-748f0d226cfb 0->1
2026-04-07T17:20:21.592823Z Debug: ConversationStream: Stopped(totalCount=0)
2026-04-07T17:20:21.611231Z Info: Popping Outbox
2026-04-07T17:20:21.89357Z Info: No more items in outbox
2026-04-07T17:20:21.894495Z Debug: markAsRead: convo=674e0d67-34c0-4267-8b94-748f0d226cfb unread=3/4 newReadTime=1775582421895
2026-04-07T17:20:21.894597Z Debug: markAsRead: convo=674e0d67-34c0-4267-8b94-748f0d226cfb endTime=1775582226139
2026-04-07T17:20:22.105579Z Error: (HomebaseImageLoader) Non-retriable exception: Not found
2026-04-07T17:20:22.173552Z Debug: ConversationStream: unreadSync convo=674e0d67-34c0-4267-8b94-748f0d226cfb 1->0
2026-04-07T17:20:22.190301Z Info: Popping Outbox
2026-04-07T17:20:22.198765Z Info: Popping Outbox
2026-04-07T17:20:22.199732Z Info: Log the data from the outboxRecord here...
2026-04-07T17:20:22.201125Z Info: No more items in outbox
2026-04-07T17:20:22.495174Z Info: Popping Outbox
2026-04-07T17:20:22.497915Z Info: No more items in outbox
2026-04-07T17:20:22.691375Z Error: (HomebaseImageLoader) Non-retriable exception: Not found
2026-04-07T17:20:35.013366Z Debug: ConversationStream: BatchReceived 1 files (conversations=0, messages=1, adminFiles=0)
2026-04-07T17:20:35.013622Z Debug: ChatMessageStream: processIncrementalBatch 1 messages across 1 conversation(s)
2026-04-07T17:20:35.013893Z Debug: ConversationStream: unread++ convo=674e0d67-34c0-4267-8b94-748f0d226cfb count=1
2026-04-07T17:20:35.018829Z Info: No saved scroll position
2026-04-07T17:20:35.035756Z Info: Popping Outbox
2026-04-07T17:20:35.044442Z Info: Popping Outbox
2026-04-07T17:20:35.045085Z Info: Log the data from the outboxRecord here...
2026-04-07T17:20:35.046396Z Info: No more items in outbox
2026-04-07T17:20:35.174868Z Info: Popping Outbox
2026-04-07T17:20:35.175609Z Info: No more items in outbox
2026-04-07T17:20:35.362398Z Info: Synchronizing drive 9ff813af-f2d6-1e2f-9b9d-b189e72d1a11
2026-04-07T17:20:35.502007Z Info: Received 1 records from QueryBatch() on Drive 9ff813af-f2d6-1e2f-9b9d-b189e72d1a11
2026-04-07T17:20:35.502644Z Debug: DriveSync: batch contains 1 chat conversation(s): [674e0d67-34c0-4267-8b94-748f0d226cfb]
2026-04-07T17:20:35.534127Z Debug: ConversationStream: BatchReceived 1 files (conversations=0, messages=1, adminFiles=0)
2026-04-07T17:20:35.534582Z Debug: DriveSync: all DB writes complete for drive 9ff813af-f2d6-1e2f-9b9d-b189e72d1a11 (1 total records)
2026-04-07T17:20:35.534771Z Debug: ChatMessageStream: processIncrementalBatch 1 messages across 1 conversation(s)
2026-04-07T17:20:35.535528Z Debug: ConversationStream: unread++ convo=674e0d67-34c0-4267-8b94-748f0d226cfb count=1
2026-04-07T17:20:35.537736Z Debug: Drive 9ff813af-f2d6-1e2f-9b9d-b189e72d1a11 synchronized with 1 records read.
2026-04-07T17:20:35.538703Z Debug: ConversationStream: Stopped(totalCount=1)
2026-04-07T17:20:35.539054Z Debug: ChatMessageStream: Stopped(totalCount=1)
2026-04-07T17:20:35.540019Z Info: Synchronizing drive 9ff813af-f2d6-1e2f-9b9d-b189e72d1a11
2026-04-07T17:20:35.548064Z Info: No saved scroll position
2026-04-07T17:20:35.696231Z Info: Received 0 records from QueryBatch() on Drive 9ff813af-f2d6-1e2f-9b9d-b189e72d1a11
2026-04-07T17:20:35.69748Z Debug: DriveSync: all DB writes complete for drive 9ff813af-f2d6-1e2f-9b9d-b189e72d1a11 (0 total records)
2026-04-07T17:20:35.699139Z Debug: ConversationStream: Stopped(totalCount=0)
2026-04-07T17:20:35.699503Z Debug: ChatMessageStream: Stopped(totalCount=0)
2026-04-07T17:20:35.701781Z Debug: Drive 9ff813af-f2d6-1e2f-9b9d-b189e72d1a11 synchronized with 0 records read.
2026-04-07T17:21:00.973989Z Info: WebSocket connection ended
2026-04-07T17:21:00.977017Z Info: Connecting to WebSocket at wss://michael.seifert.page/api/apps/v1/notify/ws
2026-04-07T17:21:01.01027Z Error: WebSocket connect failed Unable to resolve host "michael.seifert.page": No address associated with hostname
java.net.UnknownHostException: Unable to resolve host "michael.seifert.page": No address associated with hostname
	at java.net.Inet6AddressImpl.lookupHostByName(Inet6AddressImpl.java:156)
	at java.net.Inet6AddressImpl.lookupAllHostAddr(Inet6AddressImpl.java:103)
	at java.net.InetAddress.getAllByName(InetAddress.java:1152)
	at wf5.b(r8-map-id-fc73651334f76fbacb9920b2bd292de61c7927b00aa67b5cad751dd660dc3e6f:393)
	at m92.d(r8-map-id-fc73651334f76fbacb9920b2bd292de61c7927b00aa67b5cad751dd660dc3e6f:12)
	at m92.a(r8-map-id-fc73651334f76fbacb9920b2bd292de61c7927b00aa67b5cad751dd660dc3e6f:77)
	at uc0.a(r8-map-id-fc73651334f76fbacb9920b2bd292de61c7927b00aa67b5cad751dd660dc3e6f:455)
	at sf5.b(r8-map-id-fc73651334f76fbacb9920b2bd292de61c7927b00aa67b5cad751dd660dc3e6f:104)
	at uc0.a(r8-map-id-fc73651334f76fbacb9920b2bd292de61c7927b00aa67b5cad751dd660dc3e6f:151)
	at sf5.b(r8-map-id-fc73651334f76fbacb9920b2bd292de61c7927b00aa67b5cad751dd660dc3e6f:104)
	at b70.a(r8-map-id-fc73651334f76fbacb9920b2bd292de61c7927b00aa67b5cad751dd660dc3e6f:586)
	at sf5.b(r8-map-id-fc73651334f76fbacb9920b2bd292de61c7927b00aa67b5cad751dd660dc3e6f:104)
	at b70.a(r8-map-id-fc73651334f76fbacb9920b2bd292de61c7927b00aa67b5cad751dd660dc3e6f:215)
	at sf5.b(r8-map-id-fc73651334f76fbacb9920b2bd292de61c7927b00aa67b5cad751dd660dc3e6f:104)
	at jf5.g(r8-map-id-fc73651334f76fbacb9920b2bd292de61c7927b00aa67b5cad751dd660dc3e6f:92)
	at gf5.run(r8-map-id-fc73651334f76fbacb9920b2bd292de61c7927b00aa67b5cad751dd660dc3e6f:42)
	at java.util.concurrent.ThreadPoolExecutor.runWorker(ThreadPoolExecutor.java:1154)
	at java.util.concurrent.ThreadPoolExecutor$Worker.run(ThreadPoolExecutor.java:652)
	at java.lang.Thread.run(Thread.java:1564)
Caused by: android.system.GaiException: android_getaddrinfo failed: EAI_NODATA (No address associated with hostname)
	at libcore.io.Linux.android_getaddrinfo(Native Method)
	at libcore.io.ForwardingOs.android_getaddrinfo(ForwardingOs.java:134)
	at libcore.io.BlockGuardOs.android_getaddrinfo(BlockGuardOs.java:222)
	at libcore.io.ForwardingOs.android_getaddrinfo(ForwardingOs.java:134)
	at java.net.Inet6AddressImpl.lookupHostByName(Inet6AddressImpl.java:135)
	... 18 more

2026-04-07T17:21:01.01289Z Warn: WebSocket disconnected, retrying in 5000ms
2026-04-07T17:21:14.560073Z Info: Delay completed, reconnecting...
2026-04-07T17:21:14.569114Z Info: Connecting to WebSocket at wss://michael.seifert.page/api/apps/v1/notify/ws
2026-04-07T17:21:14.589553Z Error: WebSocket connect failed Unable to resolve host "michael.seifert.page": No address associated with hostname
java.net.UnknownHostException: Unable to resolve host "michael.seifert.page": No address associated with hostname
	at java.net.Inet6AddressImpl.lookupHostByName(Inet6AddressImpl.java:156)
	at java.net.Inet6AddressImpl.lookupAllHostAddr(Inet6AddressImpl.java:103)
	at java.net.InetAddress.getAllByName(InetAddress.java:1152)
	at wf5.b(r8-map-id-fc73651334f76fbacb9920b2bd292de61c7927b00aa67b5cad751dd660dc3e6f:393)
	at m92.d(r8-map-id-fc73651334f76fbacb9920b2bd292de61c7927b00aa67b5cad751dd660dc3e6f:12)
	at m92.a(r8-map-id-fc73651334f76fbacb9920b2bd292de61c7927b00aa67b5cad751dd660dc3e6f:77)
	at uc0.a(r8-map-id-fc73651334f76fbacb9920b2bd292de61c7927b00aa67b5cad751dd660dc3e6f:455)
	at sf5.b(r8-map-id-fc73651334f76fbacb9920b2bd292de61c7927b00aa67b5cad751dd660dc3e6f:104)
	at uc0.a(r8-map-id-fc73651334f76fbacb9920b2bd292de61c7927b00aa67b5cad751dd660dc3e6f:151)
	at sf5.b(r8-map-id-fc73651334f76fbacb9920b2bd292de61c7927b00aa67b5cad751dd660dc3e6f:104)
	at b70.a(r8-map-id-fc73651334f76fbacb9920b2bd292de61c7927b00aa67b5cad751dd660dc3e6f:586)
	at sf5.b(r8-map-id-fc73651334f76fbacb9920b2bd292de61c7927b00aa67b5cad751dd660dc3e6f:104)
	at b70.a(r8-map-id-fc73651334f76fbacb9920b2bd292de61c7927b00aa67b5cad751dd660dc3e6f:215)
	at sf5.b(r8-map-id-fc73651334f76fbacb9920b2bd292de61c7927b00aa67b5cad751dd660dc3e6f:104)
	at jf5.g(r8-map-id-fc73651334f76fbacb9920b2bd292de61c7927b00aa67b5cad751dd660dc3e6f:92)
	at gf5.run(r8-map-id-fc73651334f76fbacb9920b2bd292de61c7927b00aa67b5cad751dd660dc3e6f:42)
	at java.util.concurrent.ThreadPoolExecutor.runWorker(ThreadPoolExecutor.java:1154)
	at java.util.concurrent.ThreadPoolExecutor$Worker.run(ThreadPoolExecutor.java:652)
	at java.lang.Thread.run(Thread.java:1564)
Caused by: android.system.GaiException: android_getaddrinfo failed: EAI_NODATA (No address associated with hostname)
	at libcore.io.Linux.android_getaddrinfo(Native Method)
	at libcore.io.ForwardingOs.android_getaddrinfo(ForwardingOs.java:134)
	at libcore.io.BlockGuardOs.android_getaddrinfo(BlockGuardOs.java:222)
	at libcore.io.ForwardingOs.android_getaddrinfo(ForwardingOs.java:134)
	at java.net.Inet6AddressImpl.lookupHostByName(Inet6AddressImpl.java:135)
	... 18 more

2026-04-07T17:21:14.591336Z Warn: WebSocket disconnected, retrying in 5000ms
2026-04-07T17:22:10.653331Z Info: Delay completed, reconnecting...
2026-04-07T17:22:10.659631Z Info: Connecting to WebSocket at wss://michael.seifert.page/api/apps/v1/notify/ws
2026-04-07T17:22:10.682707Z Error: WebSocket connect failed Unable to resolve host "michael.seifert.page": No address associated with hostname
java.net.UnknownHostException: Unable to resolve host "michael.seifert.page": No address associated with hostname
	at java.net.Inet6AddressImpl.lookupHostByName(Inet6AddressImpl.java:156)
	at java.net.Inet6AddressImpl.lookupAllHostAddr(Inet6AddressImpl.java:103)
	at java.net.InetAddress.getAllByName(InetAddress.java:1152)
	at wf5.b(r8-map-id-fc73651334f76fbacb9920b2bd292de61c7927b00aa67b5cad751dd660dc3e6f:393)
	at m92.d(r8-map-id-fc73651334f76fbacb9920b2bd292de61c7927b00aa67b5cad751dd660dc3e6f:12)
	at m92.a(r8-map-id-fc73651334f76fbacb9920b2bd292de61c7927b00aa67b5cad751dd660dc3e6f:77)
	at uc0.a(r8-map-id-fc73651334f76fbacb9920b2bd292de61c7927b00aa67b5cad751dd660dc3e6f:455)
	at sf5.b(r8-map-id-fc73651334f76fbacb9920b2bd292de61c7927b00aa67b5cad751dd660dc3e6f:104)
	at uc0.a(r8-map-id-fc73651334f76fbacb9920b2bd292de61c7927b00aa67b5cad751dd660dc3e6f:151)
	at sf5.b(r8-map-id-fc73651334f76fbacb9920b2bd292de61c7927b00aa67b5cad751dd660dc3e6f:104)
	at b70.a(r8-map-id-fc73651334f76fbacb9920b2bd292de61c7927b00aa67b5cad751dd660dc3e6f:586)
	at sf5.b(r8-map-id-fc73651334f76fbacb9920b2bd292de61c7927b00aa67b5cad751dd660dc3e6f:104)
	at b70.a(r8-map-id-fc73651334f76fbacb9920b2bd292de61c7927b00aa67b5cad751dd660dc3e6f:215)
	at sf5.b(r8-map-id-fc73651334f76fbacb9920b2bd292de61c7927b00aa67b5cad751dd660dc3e6f:104)
	at jf5.g(r8-map-id-fc73651334f76fbacb9920b2bd292de61c7927b00aa67b5cad751dd660dc3e6f:92)
	at gf5.run(r8-map-id-fc73651334f76fbacb9920b2bd292de61c7927b00aa67b5cad751dd660dc3e6f:42)
	at java.util.concurrent.ThreadPoolExecutor.runWorker(ThreadPoolExecutor.java:1154)
	at java.util.concurrent.ThreadPoolExecutor$Worker.run(ThreadPoolExecutor.java:652)
	at java.lang.Thread.run(Thread.java:1564)
Caused by: android.system.GaiException: android_getaddrinfo failed: EAI_NODATA (No address associated with hostname)
	at libcore.io.Linux.android_getaddrinfo(Native Method)
	at libcore.io.ForwardingOs.android_getaddrinfo(ForwardingOs.java:134)
	at libcore.io.BlockGuardOs.android_getaddrinfo(BlockGuardOs.java:222)
	at libcore.io.ForwardingOs.android_getaddrinfo(ForwardingOs.java:134)
	at java.net.Inet6AddressImpl.lookupHostByName(Inet6AddressImpl.java:135)
	... 18 more

2026-04-07T17:22:10.685742Z Warn: WebSocket disconnected, retrying in 5000ms
2026-04-07T17:22:15.835729Z Info: Delay completed, reconnecting...
2026-04-07T17:22:15.845114Z Info: Connecting to WebSocket at wss://michael.seifert.page/api/apps/v1/notify/ws
2026-04-07T17:22:15.874346Z Error: WebSocket connect failed Unable to resolve host "michael.seifert.page": No address associated with hostname
java.net.UnknownHostException: Unable to resolve host "michael.seifert.page": No address associated with hostname
	at java.net.Inet6AddressImpl.lookupHostByName(Inet6AddressImpl.java:156)
	at java.net.Inet6AddressImpl.lookupAllHostAddr(Inet6AddressImpl.java:103)
	at java.net.InetAddress.getAllByName(InetAddress.java:1152)
	at wf5.b(r8-map-id-fc73651334f76fbacb9920b2bd292de61c7927b00aa67b5cad751dd660dc3e6f:393)
	at m92.d(r8-map-id-fc73651334f76fbacb9920b2bd292de61c7927b00aa67b5cad751dd660dc3e6f:12)
	at m92.a(r8-map-id-fc73651334f76fbacb9920b2bd292de61c7927b00aa67b5cad751dd660dc3e6f:77)
	at uc0.a(r8-map-id-fc73651334f76fbacb9920b2bd292de61c7927b00aa67b5cad751dd660dc3e6f:455)
	at sf5.b(r8-map-id-fc73651334f76fbacb9920b2bd292de61c7927b00aa67b5cad751dd660dc3e6f:104)
	at uc0.a(r8-map-id-fc73651334f76fbacb9920b2bd292de61c7927b00aa67b5cad751dd660dc3e6f:151)
	at sf5.b(r8-map-id-fc73651334f76fbacb9920b2bd292de61c7927b00aa67b5cad751dd660dc3e6f:104)
	at b70.a(r8-map-id-fc73651334f76fbacb9920b2bd292de61c7927b00aa67b5cad751dd660dc3e6f:586)
	at sf5.b(r8-map-id-fc73651334f76fbacb9920b2bd292de61c7927b00aa67b5cad751dd660dc3e6f:104)
	at b70.a(r8-map-id-fc73651334f76fbacb9920b2bd292de61c7927b00aa67b5cad751dd660dc3e6f:215)
	at sf5.b(r8-map-id-fc73651334f76fbacb9920b2bd292de61c7927b00aa67b5cad751dd660dc3e6f:104)
	at jf5.g(r8-map-id-fc73651334f76fbacb9920b2bd292de61c7927b00aa67b5cad751dd660dc3e6f:92)
	at gf5.run(r8-map-id-fc73651334f76fbacb9920b2bd292de61c7927b00aa67b5cad751dd660dc3e6f:42)
	at java.util.concurrent.ThreadPoolExecutor.runWorker(ThreadPoolExecutor.java:1154)
	at java.util.concurrent.ThreadPoolExecutor$Worker.run(ThreadPoolExecutor.java:652)
	at java.lang.Thread.run(Thread.java:1564)
Caused by: android.system.GaiException: android_getaddrinfo failed: EAI_NODATA (No address associated with hostname)
	at libcore.io.Linux.android_getaddrinfo(Native Method)
	at libcore.io.ForwardingOs.android_getaddrinfo(ForwardingOs.java:134)
	at libcore.io.BlockGuardOs.android_getaddrinfo(BlockGuardOs.java:222)
	at libcore.io.ForwardingOs.android_getaddrinfo(ForwardingOs.java:134)
	at java.net.Inet6AddressImpl.lookupHostByName(Inet6AddressImpl.java:135)
	... 18 more

2026-04-07T17:22:15.877736Z Warn: WebSocket disconnected, retrying in 5000ms
2026-04-07T17:22:21.314255Z Info: Delay completed, reconnecting...
2026-04-07T17:22:21.31668Z Info: Connecting to WebSocket at wss://michael.seifert.page/api/apps/v1/notify/ws
2026-04-07T17:22:21.362332Z Error: WebSocket connect failed Unable to resolve host "michael.seifert.page": No address associated with hostname
java.net.UnknownHostException: Unable to resolve host "michael.seifert.page": No address associated with hostname
	at java.net.Inet6AddressImpl.lookupHostByName(Inet6AddressImpl.java:156)
	at java.net.Inet6AddressImpl.lookupAllHostAddr(Inet6AddressImpl.java:103)
	at java.net.InetAddress.getAllByName(InetAddress.java:1152)
	at wf5.b(r8-map-id-fc73651334f76fbacb9920b2bd292de61c7927b00aa67b5cad751dd660dc3e6f:393)
	at m92.d(r8-map-id-fc73651334f76fbacb9920b2bd292de61c7927b00aa67b5cad751dd660dc3e6f:12)
	at m92.a(r8-map-id-fc73651334f76fbacb9920b2bd292de61c7927b00aa67b5cad751dd660dc3e6f:77)
	at uc0.a(r8-map-id-fc73651334f76fbacb9920b2bd292de61c7927b00aa67b5cad751dd660dc3e6f:455)
	at sf5.b(r8-map-id-fc73651334f76fbacb9920b2bd292de61c7927b00aa67b5cad751dd660dc3e6f:104)
	at uc0.a(r8-map-id-fc73651334f76fbacb9920b2bd292de61c7927b00aa67b5cad751dd660dc3e6f:151)
	at sf5.b(r8-map-id-fc73651334f76fbacb9920b2bd292de61c7927b00aa67b5cad751dd660dc3e6f:104)
	at b70.a(r8-map-id-fc73651334f76fbacb9920b2bd292de61c7927b00aa67b5cad751dd660dc3e6f:586)
	at sf5.b(r8-map-id-fc73651334f76fbacb9920b2bd292de61c7927b00aa67b5cad751dd660dc3e6f:104)
	at b70.a(r8-map-id-fc73651334f76fbacb9920b2bd292de61c7927b00aa67b5cad751dd660dc3e6f:215)
	at sf5.b(r8-map-id-fc73651334f76fbacb9920b2bd292de61c7927b00aa67b5cad751dd660dc3e6f:104)
	at jf5.g(r8-map-id-fc73651334f76fbacb9920b2bd292de61c7927b00aa67b5cad751dd660dc3e6f:92)
	at gf5.run(r8-map-id-fc73651334f76fbacb9920b2bd292de61c7927b00aa67b5cad751dd660dc3e6f:42)
	at java.util.concurrent.ThreadPoolExecutor.runWorker(ThreadPoolExecutor.java:1154)
	at java.util.concurrent.ThreadPoolExecutor$Worker.run(ThreadPoolExecutor.java:652)
	at java.lang.Thread.run(Thread.java:1564)
Caused by: android.system.GaiException: android_getaddrinfo failed: EAI_NODATA (No address associated with hostname)
	at libcore.io.Linux.android_getaddrinfo(Native Method)
	at libcore.io.ForwardingOs.android_getaddrinfo(ForwardingOs.java:134)
	at libcore.io.BlockGuardOs.android_getaddrinfo(BlockGuardOs.java:222)
	at libcore.io.ForwardingOs.android_getaddrinfo(ForwardingOs.java:134)
	at java.net.Inet6AddressImpl.lookupHostByName(Inet6AddressImpl.java:135)
	... 18 more

2026-04-07T17:22:21.366663Z Warn: WebSocket disconnected, retrying in 5000ms
2026-04-07T17:22:25.565025Z Info: Delay completed, reconnecting...
2026-04-07T17:22:25.58762Z Info: Connecting to WebSocket at wss://michael.seifert.page/api/apps/v1/notify/ws
2026-04-07T17:22:25.612564Z Error: WebSocket connect failed Unable to resolve host "michael.seifert.page": No address associated with hostname
java.net.UnknownHostException: Unable to resolve host "michael.seifert.page": No address associated with hostname
	at java.net.Inet6AddressImpl.lookupHostByName(Inet6AddressImpl.java:156)
	at java.net.Inet6AddressImpl.lookupAllHostAddr(Inet6AddressImpl.java:103)
	at java.net.InetAddress.getAllByName(InetAddress.java:1152)
	at wf5.b(r8-map-id-fc73651334f76fbacb9920b2bd292de61c7927b00aa67b5cad751dd660dc3e6f:393)
	at m92.d(r8-map-id-fc73651334f76fbacb9920b2bd292de61c7927b00aa67b5cad751dd660dc3e6f:12)
	at m92.a(r8-map-id-fc73651334f76fbacb9920b2bd292de61c7927b00aa67b5cad751dd660dc3e6f:77)
	at uc0.a(r8-map-id-fc73651334f76fbacb9920b2bd292de61c7927b00aa67b5cad751dd660dc3e6f:455)
	at sf5.b(r8-map-id-fc73651334f76fbacb9920b2bd292de61c7927b00aa67b5cad751dd660dc3e6f:104)
	at uc0.a(r8-map-id-fc73651334f76fbacb9920b2bd292de61c7927b00aa67b5cad751dd660dc3e6f:151)
	at sf5.b(r8-map-id-fc73651334f76fbacb9920b2bd292de61c7927b00aa67b5cad751dd660dc3e6f:104)
	at b70.a(r8-map-id-fc73651334f76fbacb9920b2bd292de61c7927b00aa67b5cad751dd660dc3e6f:586)
	at sf5.b(r8-map-id-fc73651334f76fbacb9920b2bd292de61c7927b00aa67b5cad751dd660dc3e6f:104)
	at b70.a(r8-map-id-fc73651334f76fbacb9920b2bd292de61c7927b00aa67b5cad751dd660dc3e6f:215)
	at sf5.b(r8-map-id-fc73651334f76fbacb9920b2bd292de61c7927b00aa67b5cad751dd660dc3e6f:104)
	at jf5.g(r8-map-id-fc73651334f76fbacb9920b2bd292de61c7927b00aa67b5cad751dd660dc3e6f:92)
	at gf5.run(r8-map-id-fc73651334f76fbacb9920b2bd292de61c7927b00aa67b5cad751dd660dc3e6f:42)
	at java.util.concurrent.ThreadPoolExecutor.runWorker(ThreadPoolExecutor.java:1154)
	at java.util.concurrent.ThreadPoolExecutor$Worker.run(ThreadPoolExecutor.java:652)
	at java.lang.Thread.run(Thread.java:1564)
Caused by: android.system.GaiException: android_getaddrinfo failed: EAI_NODATA (No address associated with hostname)
	at libcore.io.Linux.android_getaddrinfo(Native Method)
	at libcore.io.ForwardingOs.android_getaddrinfo(ForwardingOs.java:134)
	at libcore.io.BlockGuardOs.android_getaddrinfo(BlockGuardOs.java:222)
	at libcore.io.ForwardingOs.android_getaddrinfo(ForwardingOs.java:134)
	at java.net.Inet6AddressImpl.lookupHostByName(Inet6AddressImpl.java:135)
	... 18 more

2026-04-07T17:22:25.616779Z Warn: WebSocket disconnected, retrying in 5000ms
2026-04-07T17:22:30.531833Z Info: Delay completed, reconnecting...
2026-04-07T17:22:30.53343Z Info: Connecting to WebSocket at wss://michael.seifert.page/api/apps/v1/notify/ws
2026-04-07T17:22:30.56455Z Error: WebSocket connect failed Unable to resolve host "michael.seifert.page": No address associated with hostname
java.net.UnknownHostException: Unable to resolve host "michael.seifert.page": No address associated with hostname
	at java.net.Inet6AddressImpl.lookupHostByName(Inet6AddressImpl.java:156)
	at java.net.Inet6AddressImpl.lookupAllHostAddr(Inet6AddressImpl.java:103)
	at java.net.InetAddress.getAllByName(InetAddress.java:1152)
	at wf5.b(r8-map-id-fc73651334f76fbacb9920b2bd292de61c7927b00aa67b5cad751dd660dc3e6f:393)
	at m92.d(r8-map-id-fc73651334f76fbacb9920b2bd292de61c7927b00aa67b5cad751dd660dc3e6f:12)
	at m92.a(r8-map-id-fc73651334f76fbacb9920b2bd292de61c7927b00aa67b5cad751dd660dc3e6f:77)
	at uc0.a(r8-map-id-fc73651334f76fbacb9920b2bd292de61c7927b00aa67b5cad751dd660dc3e6f:455)
	at sf5.b(r8-map-id-fc73651334f76fbacb9920b2bd292de61c7927b00aa67b5cad751dd660dc3e6f:104)
	at uc0.a(r8-map-id-fc73651334f76fbacb9920b2bd292de61c7927b00aa67b5cad751dd660dc3e6f:151)
	at sf5.b(r8-map-id-fc73651334f76fbacb9920b2bd292de61c7927b00aa67b5cad751dd660dc3e6f:104)
	at b70.a(r8-map-id-fc73651334f76fbacb9920b2bd292de61c7927b00aa67b5cad751dd660dc3e6f:586)
	at sf5.b(r8-map-id-fc73651334f76fbacb9920b2bd292de61c7927b00aa67b5cad751dd660dc3e6f:104)
	at b70.a(r8-map-id-fc73651334f76fbacb9920b2bd292de61c7927b00aa67b5cad751dd660dc3e6f:215)
	at sf5.b(r8-map-id-fc73651334f76fbacb9920b2bd292de61c7927b00aa67b5cad751dd660dc3e6f:104)
	at jf5.g(r8-map-id-fc73651334f76fbacb9920b2bd292de61c7927b00aa67b5cad751dd660dc3e6f:92)
	at gf5.run(r8-map-id-fc73651334f76fbacb9920b2bd292de61c7927b00aa67b5cad751dd660dc3e6f:42)
	at java.util.concurrent.ThreadPoolExecutor.runWorker(ThreadPoolExecutor.java:1154)
	at java.util.concurrent.ThreadPoolExecutor$Worker.run(ThreadPoolExecutor.java:652)
	at java.lang.Thread.run(Thread.java:1564)
Caused by: android.system.GaiException: android_getaddrinfo failed: EAI_NODATA (No address associated with hostname)
	at libcore.io.Linux.android_getaddrinfo(Native Method)
	at libcore.io.ForwardingOs.android_getaddrinfo(ForwardingOs.java:134)
	at libcore.io.BlockGuardOs.android_getaddrinfo(BlockGuardOs.java:222)
	at libcore.io.ForwardingOs.android_getaddrinfo(ForwardingOs.java:134)
	at java.net.Inet6AddressImpl.lookupHostByName(Inet6AddressImpl.java:135)
	... 18 more

2026-04-07T17:22:30.56795Z Warn: WebSocket disconnected, retrying in 5000ms
2026-04-07T17:22:42.931954Z Info: Delay completed, reconnecting...
2026-04-07T17:22:42.941217Z Info: Connecting to WebSocket at wss://michael.seifert.page/api/apps/v1/notify/ws
2026-04-07T17:22:42.985588Z Error: WebSocket connect failed Unable to resolve host "michael.seifert.page": No address associated with hostname
java.net.UnknownHostException: Unable to resolve host "michael.seifert.page": No address associated with hostname
	at java.net.Inet6AddressImpl.lookupHostByName(Inet6AddressImpl.java:156)
	at java.net.Inet6AddressImpl.lookupAllHostAddr(Inet6AddressImpl.java:103)
	at java.net.InetAddress.getAllByName(InetAddress.java:1152)
	at wf5.b(r8-map-id-fc73651334f76fbacb9920b2bd292de61c7927b00aa67b5cad751dd660dc3e6f:393)
	at m92.d(r8-map-id-fc73651334f76fbacb9920b2bd292de61c7927b00aa67b5cad751dd660dc3e6f:12)
	at m92.a(r8-map-id-fc73651334f76fbacb9920b2bd292de61c7927b00aa67b5cad751dd660dc3e6f:77)
	at uc0.a(r8-map-id-fc73651334f76fbacb9920b2bd292de61c7927b00aa67b5cad751dd660dc3e6f:455)
	at sf5.b(r8-map-id-fc73651334f76fbacb9920b2bd292de61c7927b00aa67b5cad751dd660dc3e6f:104)
	at uc0.a(r8-map-id-fc73651334f76fbacb9920b2bd292de61c7927b00aa67b5cad751dd660dc3e6f:151)
	at sf5.b(r8-map-id-fc73651334f76fbacb9920b2bd292de61c7927b00aa67b5cad751dd660dc3e6f:104)
	at b70.a(r8-map-id-fc73651334f76fbacb9920b2bd292de61c7927b00aa67b5cad751dd660dc3e6f:586)
	at sf5.b(r8-map-id-fc73651334f76fbacb9920b2bd292de61c7927b00aa67b5cad751dd660dc3e6f:104)
	at b70.a(r8-map-id-fc73651334f76fbacb9920b2bd292de61c7927b00aa67b5cad751dd660dc3e6f:215)
	at sf5.b(r8-map-id-fc73651334f76fbacb9920b2bd292de61c7927b00aa67b5cad751dd660dc3e6f:104)
	at jf5.g(r8-map-id-fc73651334f76fbacb9920b2bd292de61c7927b00aa67b5cad751dd660dc3e6f:92)
	at gf5.run(r8-map-id-fc73651334f76fbacb9920b2bd292de61c7927b00aa67b5cad751dd660dc3e6f:42)
	at java.util.concurrent.ThreadPoolExecutor.runWorker(ThreadPoolExecutor.java:1154)
	at java.util.concurrent.ThreadPoolExecutor$Worker.run(ThreadPoolExecutor.java:652)
	at java.lang.Thread.run(Thread.java:1564)
Caused by: android.system.GaiException: android_getaddrinfo failed: EAI_NODATA (No address associated with hostname)
	at libcore.io.Linux.android_getaddrinfo(Native Method)
	at libcore.io.ForwardingOs.android_getaddrinfo(ForwardingOs.java:134)
	at libcore.io.BlockGuardOs.android_getaddrinfo(BlockGuardOs.java:222)
	at libcore.io.ForwardingOs.android_getaddrinfo(ForwardingOs.java:134)
	at java.net.Inet6AddressImpl.lookupHostByName(Inet6AddressImpl.java:135)
	... 18 more

2026-04-07T17:22:42.998346Z Warn: WebSocket disconnected, retrying in 5000ms
2026-04-07T17:23:00.705754Z Info: Delay completed, reconnecting...
2026-04-07T17:23:00.715576Z Info: Connecting to WebSocket at wss://michael.seifert.page/api/apps/v1/notify/ws
2026-04-07T17:23:00.737317Z Error: WebSocket connect failed Unable to resolve host "michael.seifert.page": No address associated with hostname
java.net.UnknownHostException: Unable to resolve host "michael.seifert.page": No address associated with hostname
	at java.net.Inet6AddressImpl.lookupHostByName(Inet6AddressImpl.java:156)
	at java.net.Inet6AddressImpl.lookupAllHostAddr(Inet6AddressImpl.java:103)
	at java.net.InetAddress.getAllByName(InetAddress.java:1152)
	at wf5.b(r8-map-id-fc73651334f76fbacb9920b2bd292de61c7927b00aa67b5cad751dd660dc3e6f:393)
	at m92.d(r8-map-id-fc73651334f76fbacb9920b2bd292de61c7927b00aa67b5cad751dd660dc3e6f:12)
	at m92.a(r8-map-id-fc73651334f76fbacb9920b2bd292de61c7927b00aa67b5cad751dd660dc3e6f:77)
	at uc0.a(r8-map-id-fc73651334f76fbacb9920b2bd292de61c7927b00aa67b5cad751dd660dc3e6f:455)
	at sf5.b(r8-map-id-fc73651334f76fbacb9920b2bd292de61c7927b00aa67b5cad751dd660dc3e6f:104)
	at uc0.a(r8-map-id-fc73651334f76fbacb9920b2bd292de61c7927b00aa67b5cad751dd660dc3e6f:151)
	at sf5.b(r8-map-id-fc73651334f76fbacb9920b2bd292de61c7927b00aa67b5cad751dd660dc3e6f:104)
	at b70.a(r8-map-id-fc73651334f76fbacb9920b2bd292de61c7927b00aa67b5cad751dd660dc3e6f:586)
	at sf5.b(r8-map-id-fc73651334f76fbacb9920b2bd292de61c7927b00aa67b5cad751dd660dc3e6f:104)
	at b70.a(r8-map-id-fc73651334f76fbacb9920b2bd292de61c7927b00aa67b5cad751dd660dc3e6f:215)
	at sf5.b(r8-map-id-fc73651334f76fbacb9920b2bd292de61c7927b00aa67b5cad751dd660dc3e6f:104)
	at jf5.g(r8-map-id-fc73651334f76fbacb9920b2bd292de61c7927b00aa67b5cad751dd660dc3e6f:92)
	at gf5.run(r8-map-id-fc73651334f76fbacb9920b2bd292de61c7927b00aa67b5cad751dd660dc3e6f:42)
	at java.util.concurrent.ThreadPoolExecutor.runWorker(ThreadPoolExecutor.java:1154)
	at java.util.concurrent.ThreadPoolExecutor$Worker.run(ThreadPoolExecutor.java:652)
	at java.lang.Thread.run(Thread.java:1564)
Caused by: android.system.GaiException: android_getaddrinfo failed: EAI_NODATA (No address associated with hostname)
	at libcore.io.Linux.android_getaddrinfo(Native Method)
	at libcore.io.ForwardingOs.android_getaddrinfo(ForwardingOs.java:134)
	at libcore.io.BlockGuardOs.android_getaddrinfo(BlockGuardOs.java:222)
	at libcore.io.ForwardingOs.android_getaddrinfo(ForwardingOs.java:134)
	at java.net.Inet6AddressImpl.lookupHostByName(Inet6AddressImpl.java:135)
	... 18 more

2026-04-07T17:23:00.739898Z Warn: WebSocket disconnected, retrying in 5000ms
2026-04-07T17:23:50.402187Z Info: Delay completed, reconnecting...
2026-04-07T17:23:50.421288Z Info: Connecting to WebSocket at wss://michael.seifert.page/api/apps/v1/notify/ws
2026-04-07T17:23:50.444805Z Error: WebSocket connect failed Unable to resolve host "michael.seifert.page": No address associated with hostname
java.net.UnknownHostException: Unable to resolve host "michael.seifert.page": No address associated with hostname
	at java.net.Inet6AddressImpl.lookupHostByName(Inet6AddressImpl.java:156)
	at java.net.Inet6AddressImpl.lookupAllHostAddr(Inet6AddressImpl.java:103)
	at java.net.InetAddress.getAllByName(InetAddress.java:1152)
	at wf5.b(r8-map-id-fc73651334f76fbacb9920b2bd292de61c7927b00aa67b5cad751dd660dc3e6f:393)
	at m92.d(r8-map-id-fc73651334f76fbacb9920b2bd292de61c7927b00aa67b5cad751dd660dc3e6f:12)
	at m92.a(r8-map-id-fc73651334f76fbacb9920b2bd292de61c7927b00aa67b5cad751dd660dc3e6f:77)
	at uc0.a(r8-map-id-fc73651334f76fbacb9920b2bd292de61c7927b00aa67b5cad751dd660dc3e6f:455)
	at sf5.b(r8-map-id-fc73651334f76fbacb9920b2bd292de61c7927b00aa67b5cad751dd660dc3e6f:104)
	at uc0.a(r8-map-id-fc73651334f76fbacb9920b2bd292de61c7927b00aa67b5cad751dd660dc3e6f:151)
	at sf5.b(r8-map-id-fc73651334f76fbacb9920b2bd292de61c7927b00aa67b5cad751dd660dc3e6f:104)
	at b70.a(r8-map-id-fc73651334f76fbacb9920b2bd292de61c7927b00aa67b5cad751dd660dc3e6f:586)
	at sf5.b(r8-map-id-fc73651334f76fbacb9920b2bd292de61c7927b00aa67b5cad751dd660dc3e6f:104)
	at b70.a(r8-map-id-fc73651334f76fbacb9920b2bd292de61c7927b00aa67b5cad751dd660dc3e6f:215)
	at sf5.b(r8-map-id-fc73651334f76fbacb9920b2bd292de61c7927b00aa67b5cad751dd660dc3e6f:104)
	at jf5.g(r8-map-id-fc73651334f76fbacb9920b2bd292de61c7927b00aa67b5cad751dd660dc3e6f:92)
	at gf5.run(r8-map-id-fc73651334f76fbacb9920b2bd292de61c7927b00aa67b5cad751dd660dc3e6f:42)
	at java.util.concurrent.ThreadPoolExecutor.runWorker(ThreadPoolExecutor.java:1154)
	at java.util.concurrent.ThreadPoolExecutor$Worker.run(ThreadPoolExecutor.java:652)
	at java.lang.Thread.run(Thread.java:1564)
Caused by: android.system.GaiException: android_getaddrinfo failed: EAI_NODATA (No address associated with hostname)
	at libcore.io.Linux.android_getaddrinfo(Native Method)
	at libcore.io.ForwardingOs.android_getaddrinfo(ForwardingOs.java:134)
	at libcore.io.BlockGuardOs.android_getaddrinfo(BlockGuardOs.java:222)
	at libcore.io.ForwardingOs.android_getaddrinfo(ForwardingOs.java:134)
	at java.net.Inet6AddressImpl.lookupHostByName(Inet6AddressImpl.java:135)
	... 18 more

2026-04-07T17:23:50.447884Z Warn: WebSocket disconnected, retrying in 5000ms
2026-04-07T17:24:39.280001Z Info: Delay completed, reconnecting...
2026-04-07T17:24:39.283016Z Info: Connecting to WebSocket at wss://michael.seifert.page/api/apps/v1/notify/ws
2026-04-07T17:24:39.301836Z Error: WebSocket connect failed Unable to resolve host "michael.seifert.page": No address associated with hostname
java.net.UnknownHostException: Unable to resolve host "michael.seifert.page": No address associated with hostname
	at java.net.Inet6AddressImpl.lookupHostByName(Inet6AddressImpl.java:156)
	at java.net.Inet6AddressImpl.lookupAllHostAddr(Inet6AddressImpl.java:103)
	at java.net.InetAddress.getAllByName(InetAddress.java:1152)
	at wf5.b(r8-map-id-fc73651334f76fbacb9920b2bd292de61c7927b00aa67b5cad751dd660dc3e6f:393)
	at m92.d(r8-map-id-fc73651334f76fbacb9920b2bd292de61c7927b00aa67b5cad751dd660dc3e6f:12)
	at m92.a(r8-map-id-fc73651334f76fbacb9920b2bd292de61c7927b00aa67b5cad751dd660dc3e6f:77)
	at uc0.a(r8-map-id-fc73651334f76fbacb9920b2bd292de61c7927b00aa67b5cad751dd660dc3e6f:455)
	at sf5.b(r8-map-id-fc73651334f76fbacb9920b2bd292de61c7927b00aa67b5cad751dd660dc3e6f:104)
	at uc0.a(r8-map-id-fc73651334f76fbacb9920b2bd292de61c7927b00aa67b5cad751dd660dc3e6f:151)
	at sf5.b(r8-map-id-fc73651334f76fbacb9920b2bd292de61c7927b00aa67b5cad751dd660dc3e6f:104)
	at b70.a(r8-map-id-fc73651334f76fbacb9920b2bd292de61c7927b00aa67b5cad751dd660dc3e6f:586)
	at sf5.b(r8-map-id-fc73651334f76fbacb9920b2bd292de61c7927b00aa67b5cad751dd660dc3e6f:104)
	at b70.a(r8-map-id-fc73651334f76fbacb9920b2bd292de61c7927b00aa67b5cad751dd660dc3e6f:215)
	at sf5.b(r8-map-id-fc73651334f76fbacb9920b2bd292de61c7927b00aa67b5cad751dd660dc3e6f:104)
	at jf5.g(r8-map-id-fc73651334f76fbacb9920b2bd292de61c7927b00aa67b5cad751dd660dc3e6f:92)
	at gf5.run(r8-map-id-fc73651334f76fbacb9920b2bd292de61c7927b00aa67b5cad751dd660dc3e6f:42)
	at java.util.concurrent.ThreadPoolExecutor.runWorker(ThreadPoolExecutor.java:1154)
	at java.util.concurrent.ThreadPoolExecutor$Worker.run(ThreadPoolExecutor.java:652)
	at java.lang.Thread.run(Thread.java:1564)
Caused by: android.system.GaiException: android_getaddrinfo failed: EAI_NODATA (No address associated with hostname)
	at libcore.io.Linux.android_getaddrinfo(Native Method)
	at libcore.io.ForwardingOs.android_getaddrinfo(ForwardingOs.java:134)
	at libcore.io.BlockGuardOs.android_getaddrinfo(BlockGuardOs.java:222)
	at libcore.io.ForwardingOs.android_getaddrinfo(ForwardingOs.java:134)
	at java.net.Inet6AddressImpl.lookupHostByName(Inet6AddressImpl.java:135)
	... 18 more

2026-04-07T17:24:39.303737Z Warn: WebSocket disconnected, retrying in 5000ms
2026-04-07T17:24:43.942176Z Info: Delay completed, reconnecting...
2026-04-07T17:24:44.071434Z Info: Connecting to WebSocket at wss://michael.seifert.page/api/apps/v1/notify/ws
2026-04-07T17:24:44.301165Z Error: WebSocket connect failed Unable to resolve host "michael.seifert.page": No address associated with hostname
java.net.UnknownHostException: Unable to resolve host "michael.seifert.page": No address associated with hostname
	at java.net.Inet6AddressImpl.lookupHostByName(Inet6AddressImpl.java:156)
	at java.net.Inet6AddressImpl.lookupAllHostAddr(Inet6AddressImpl.java:103)
	at java.net.InetAddress.getAllByName(InetAddress.java:1152)
	at wf5.b(r8-map-id-fc73651334f76fbacb9920b2bd292de61c7927b00aa67b5cad751dd660dc3e6f:393)
	at m92.d(r8-map-id-fc73651334f76fbacb9920b2bd292de61c7927b00aa67b5cad751dd660dc3e6f:12)
	at m92.a(r8-map-id-fc73651334f76fbacb9920b2bd292de61c7927b00aa67b5cad751dd660dc3e6f:77)
	at uc0.a(r8-map-id-fc73651334f76fbacb9920b2bd292de61c7927b00aa67b5cad751dd660dc3e6f:455)
	at sf5.b(r8-map-id-fc73651334f76fbacb9920b2bd292de61c7927b00aa67b5cad751dd660dc3e6f:104)
	at uc0.a(r8-map-id-fc73651334f76fbacb9920b2bd292de61c7927b00aa67b5cad751dd660dc3e6f:151)
	at sf5.b(r8-map-id-fc73651334f76fbacb9920b2bd292de61c7927b00aa67b5cad751dd660dc3e6f:104)
	at b70.a(r8-map-id-fc73651334f76fbacb9920b2bd292de61c7927b00aa67b5cad751dd660dc3e6f:586)
	at sf5.b(r8-map-id-fc73651334f76fbacb9920b2bd292de61c7927b00aa67b5cad751dd660dc3e6f:104)
	at b70.a(r8-map-id-fc73651334f76fbacb9920b2bd292de61c7927b00aa67b5cad751dd660dc3e6f:215)
	at sf5.b(r8-map-id-fc73651334f76fbacb9920b2bd292de61c7927b00aa67b5cad751dd660dc3e6f:104)
	at jf5.g(r8-map-id-fc73651334f76fbacb9920b2bd292de61c7927b00aa67b5cad751dd660dc3e6f:92)
	at gf5.run(r8-map-id-fc73651334f76fbacb9920b2bd292de61c7927b00aa67b5cad751dd660dc3e6f:42)
	at java.util.concurrent.ThreadPoolExecutor.runWorker(ThreadPoolExecutor.java:1154)
	at java.util.concurrent.ThreadPoolExecutor$Worker.run(ThreadPoolExecutor.java:652)
	at java.lang.Thread.run(Thread.java:1564)
Caused by: android.system.GaiException: android_getaddrinfo failed: EAI_NODATA (No address associated with hostname)
	at libcore.io.Linux.android_getaddrinfo(Native Method)
	at libcore.io.ForwardingOs.android_getaddrinfo(ForwardingOs.java:134)
	at libcore.io.BlockGuardOs.android_getaddrinfo(BlockGuardOs.java:222)
	at libcore.io.ForwardingOs.android_getaddrinfo(ForwardingOs.java:134)
	at java.net.Inet6AddressImpl.lookupHostByName(Inet6AddressImpl.java:135)
	... 18 more

2026-04-07T17:24:44.311153Z Warn: WebSocket disconnected, retrying in 5000ms
2026-04-07T17:24:49.050272Z Info: Delay completed, reconnecting...
2026-04-07T17:24:49.053454Z Info: Connecting to WebSocket at wss://michael.seifert.page/api/apps/v1/notify/ws
2026-04-07T17:24:49.079376Z Error: WebSocket connect failed Unable to resolve host "michael.seifert.page": No address associated with hostname
java.net.UnknownHostException: Unable to resolve host "michael.seifert.page": No address associated with hostname
	at java.net.Inet6AddressImpl.lookupHostByName(Inet6AddressImpl.java:156)
	at java.net.Inet6AddressImpl.lookupAllHostAddr(Inet6AddressImpl.java:103)
	at java.net.InetAddress.getAllByName(InetAddress.java:1152)
	at wf5.b(r8-map-id-fc73651334f76fbacb9920b2bd292de61c7927b00aa67b5cad751dd660dc3e6f:393)
	at m92.d(r8-map-id-fc73651334f76fbacb9920b2bd292de61c7927b00aa67b5cad751dd660dc3e6f:12)
	at m92.a(r8-map-id-fc73651334f76fbacb9920b2bd292de61c7927b00aa67b5cad751dd660dc3e6f:77)
	at uc0.a(r8-map-id-fc73651334f76fbacb9920b2bd292de61c7927b00aa67b5cad751dd660dc3e6f:455)
	at sf5.b(r8-map-id-fc73651334f76fbacb9920b2bd292de61c7927b00aa67b5cad751dd660dc3e6f:104)
	at uc0.a(r8-map-id-fc73651334f76fbacb9920b2bd292de61c7927b00aa67b5cad751dd660dc3e6f:151)
	at sf5.b(r8-map-id-fc73651334f76fbacb9920b2bd292de61c7927b00aa67b5cad751dd660dc3e6f:104)
	at b70.a(r8-map-id-fc73651334f76fbacb9920b2bd292de61c7927b00aa67b5cad751dd660dc3e6f:586)
	at sf5.b(r8-map-id-fc73651334f76fbacb9920b2bd292de61c7927b00aa67b5cad751dd660dc3e6f:104)
	at b70.a(r8-map-id-fc73651334f76fbacb9920b2bd292de61c7927b00aa67b5cad751dd660dc3e6f:215)
	at sf5.b(r8-map-id-fc73651334f76fbacb9920b2bd292de61c7927b00aa67b5cad751dd660dc3e6f:104)
	at jf5.g(r8-map-id-fc73651334f76fbacb9920b2bd292de61c7927b00aa67b5cad751dd660dc3e6f:92)
	at gf5.run(r8-map-id-fc73651334f76fbacb9920b2bd292de61c7927b00aa67b5cad751dd660dc3e6f:42)
	at java.util.concurrent.ThreadPoolExecutor.runWorker(ThreadPoolExecutor.java:1154)
	at java.util.concurrent.ThreadPoolExecutor$Worker.run(ThreadPoolExecutor.java:652)
	at java.lang.Thread.run(Thread.java:1564)
Caused by: android.system.GaiException: android_getaddrinfo failed: EAI_NODATA (No address associated with hostname)
	at libcore.io.Linux.android_getaddrinfo(Native Method)
	at libcore.io.ForwardingOs.android_getaddrinfo(ForwardingOs.java:134)
	at libcore.io.BlockGuardOs.android_getaddrinfo(BlockGuardOs.java:222)
	at libcore.io.ForwardingOs.android_getaddrinfo(ForwardingOs.java:134)
	at java.net.Inet6AddressImpl.lookupHostByName(Inet6AddressImpl.java:135)
	... 18 more

2026-04-07T17:24:49.08215Z Warn: WebSocket disconnected, retrying in 5000ms
2026-04-07T17:25:37.559254Z Info: Delay completed, reconnecting...
2026-04-07T17:25:37.562941Z Info: Connecting to WebSocket at wss://michael.seifert.page/api/apps/v1/notify/ws
2026-04-07T17:25:37.586808Z Error: WebSocket connect failed Unable to resolve host "michael.seifert.page": No address associated with hostname
java.net.UnknownHostException: Unable to resolve host "michael.seifert.page": No address associated with hostname
	at java.net.Inet6AddressImpl.lookupHostByName(Inet6AddressImpl.java:156)
	at java.net.Inet6AddressImpl.lookupAllHostAddr(Inet6AddressImpl.java:103)
	at java.net.InetAddress.getAllByName(InetAddress.java:1152)
	at wf5.b(r8-map-id-fc73651334f76fbacb9920b2bd292de61c7927b00aa67b5cad751dd660dc3e6f:393)
	at m92.d(r8-map-id-fc73651334f76fbacb9920b2bd292de61c7927b00aa67b5cad751dd660dc3e6f:12)
	at m92.a(r8-map-id-fc73651334f76fbacb9920b2bd292de61c7927b00aa67b5cad751dd660dc3e6f:77)
	at uc0.a(r8-map-id-fc73651334f76fbacb9920b2bd292de61c7927b00aa67b5cad751dd660dc3e6f:455)
	at sf5.b(r8-map-id-fc73651334f76fbacb9920b2bd292de61c7927b00aa67b5cad751dd660dc3e6f:104)
	at uc0.a(r8-map-id-fc73651334f76fbacb9920b2bd292de61c7927b00aa67b5cad751dd660dc3e6f:151)
	at sf5.b(r8-map-id-fc73651334f76fbacb9920b2bd292de61c7927b00aa67b5cad751dd660dc3e6f:104)
	at b70.a(r8-map-id-fc73651334f76fbacb9920b2bd292de61c7927b00aa67b5cad751dd660dc3e6f:586)
	at sf5.b(r8-map-id-fc73651334f76fbacb9920b2bd292de61c7927b00aa67b5cad751dd660dc3e6f:104)
	at b70.a(r8-map-id-fc73651334f76fbacb9920b2bd292de61c7927b00aa67b5cad751dd660dc3e6f:215)
	at sf5.b(r8-map-id-fc73651334f76fbacb9920b2bd292de61c7927b00aa67b5cad751dd660dc3e6f:104)
	at jf5.g(r8-map-id-fc73651334f76fbacb9920b2bd292de61c7927b00aa67b5cad751dd660dc3e6f:92)
	at gf5.run(r8-map-id-fc73651334f76fbacb9920b2bd292de61c7927b00aa67b5cad751dd660dc3e6f:42)
	at java.util.concurrent.ThreadPoolExecutor.runWorker(ThreadPoolExecutor.java:1154)
	at java.util.concurrent.ThreadPoolExecutor$Worker.run(ThreadPoolExecutor.java:652)
	at java.lang.Thread.run(Thread.java:1564)
Caused by: android.system.GaiException: android_getaddrinfo failed: EAI_NODATA (No address associated with hostname)
	at libcore.io.Linux.android_getaddrinfo(Native Method)
	at libcore.io.ForwardingOs.android_getaddrinfo(ForwardingOs.java:134)
	at libcore.io.BlockGuardOs.android_getaddrinfo(BlockGuardOs.java:222)
	at libcore.io.ForwardingOs.android_getaddrinfo(ForwardingOs.java:134)
	at java.net.Inet6AddressImpl.lookupHostByName(Inet6AddressImpl.java:135)
	... 18 more

2026-04-07T17:25:37.588554Z Warn: WebSocket disconnected, retrying in 5000ms
2026-04-07T17:26:19.834453Z Info: Delay completed, reconnecting...
2026-04-07T17:26:19.836149Z Info: Connecting to WebSocket at wss://michael.seifert.page/api/apps/v1/notify/ws
2026-04-07T17:26:19.848057Z Error: WebSocket connect failed Unable to resolve host "michael.seifert.page": No address associated with hostname
java.net.UnknownHostException: Unable to resolve host "michael.seifert.page": No address associated with hostname
	at java.net.Inet6AddressImpl.lookupHostByName(Inet6AddressImpl.java:156)
	at java.net.Inet6AddressImpl.lookupAllHostAddr(Inet6AddressImpl.java:103)
	at java.net.InetAddress.getAllByName(InetAddress.java:1152)
	at wf5.b(r8-map-id-fc73651334f76fbacb9920b2bd292de61c7927b00aa67b5cad751dd660dc3e6f:393)
	at m92.d(r8-map-id-fc73651334f76fbacb9920b2bd292de61c7927b00aa67b5cad751dd660dc3e6f:12)
	at m92.a(r8-map-id-fc73651334f76fbacb9920b2bd292de61c7927b00aa67b5cad751dd660dc3e6f:77)
	at uc0.a(r8-map-id-fc73651334f76fbacb9920b2bd292de61c7927b00aa67b5cad751dd660dc3e6f:455)
	at sf5.b(r8-map-id-fc73651334f76fbacb9920b2bd292de61c7927b00aa67b5cad751dd660dc3e6f:104)
	at uc0.a(r8-map-id-fc73651334f76fbacb9920b2bd292de61c7927b00aa67b5cad751dd660dc3e6f:151)
	at sf5.b(r8-map-id-fc73651334f76fbacb9920b2bd292de61c7927b00aa67b5cad751dd660dc3e6f:104)
	at b70.a(r8-map-id-fc73651334f76fbacb9920b2bd292de61c7927b00aa67b5cad751dd660dc3e6f:586)
	at sf5.b(r8-map-id-fc73651334f76fbacb9920b2bd292de61c7927b00aa67b5cad751dd660dc3e6f:104)
	at b70.a(r8-map-id-fc73651334f76fbacb9920b2bd292de61c7927b00aa67b5cad751dd660dc3e6f:215)
	at sf5.b(r8-map-id-fc73651334f76fbacb9920b2bd292de61c7927b00aa67b5cad751dd660dc3e6f:104)
	at jf5.g(r8-map-id-fc73651334f76fbacb9920b2bd292de61c7927b00aa67b5cad751dd660dc3e6f:92)
	at gf5.run(r8-map-id-fc73651334f76fbacb9920b2bd292de61c7927b00aa67b5cad751dd660dc3e6f:42)
	at java.util.concurrent.ThreadPoolExecutor.runWorker(ThreadPoolExecutor.java:1154)
	at java.util.concurrent.ThreadPoolExecutor$Worker.run(ThreadPoolExecutor.java:652)
	at java.lang.Thread.run(Thread.java:1564)
Caused by: android.system.GaiException: android_getaddrinfo failed: EAI_NODATA (No address associated with hostname)
	at libcore.io.Linux.android_getaddrinfo(Native Method)
	at libcore.io.ForwardingOs.android_getaddrinfo(ForwardingOs.java:134)
	at libcore.io.BlockGuardOs.android_getaddrinfo(BlockGuardOs.java:222)
	at libcore.io.ForwardingOs.android_getaddrinfo(ForwardingOs.java:134)
	at java.net.Inet6AddressImpl.lookupHostByName(Inet6AddressImpl.java:135)
	... 18 more

2026-04-07T17:26:19.85059Z Warn: WebSocket disconnected, retrying in 5000ms
2026-04-07T17:28:05.144049Z Info: Delay completed, reconnecting...
2026-04-07T17:28:05.148695Z Info: Connecting to WebSocket at wss://michael.seifert.page/api/apps/v1/notify/ws
2026-04-07T17:28:05.177324Z Error: WebSocket connect failed Unable to resolve host "michael.seifert.page": No address associated with hostname
java.net.UnknownHostException: Unable to resolve host "michael.seifert.page": No address associated with hostname
	at java.net.Inet6AddressImpl.lookupHostByName(Inet6AddressImpl.java:156)
	at java.net.Inet6AddressImpl.lookupAllHostAddr(Inet6AddressImpl.java:103)
	at java.net.InetAddress.getAllByName(InetAddress.java:1152)
	at wf5.b(r8-map-id-fc73651334f76fbacb9920b2bd292de61c7927b00aa67b5cad751dd660dc3e6f:393)
	at m92.d(r8-map-id-fc73651334f76fbacb9920b2bd292de61c7927b00aa67b5cad751dd660dc3e6f:12)
	at m92.a(r8-map-id-fc73651334f76fbacb9920b2bd292de61c7927b00aa67b5cad751dd660dc3e6f:77)
	at uc0.a(r8-map-id-fc73651334f76fbacb9920b2bd292de61c7927b00aa67b5cad751dd660dc3e6f:455)
	at sf5.b(r8-map-id-fc73651334f76fbacb9920b2bd292de61c7927b00aa67b5cad751dd660dc3e6f:104)
	at uc0.a(r8-map-id-fc73651334f76fbacb9920b2bd292de61c7927b00aa67b5cad751dd660dc3e6f:151)
	at sf5.b(r8-map-id-fc73651334f76fbacb9920b2bd292de61c7927b00aa67b5cad751dd660dc3e6f:104)
	at b70.a(r8-map-id-fc73651334f76fbacb9920b2bd292de61c7927b00aa67b5cad751dd660dc3e6f:586)
	at sf5.b(r8-map-id-fc73651334f76fbacb9920b2bd292de61c7927b00aa67b5cad751dd660dc3e6f:104)
	at b70.a(r8-map-id-fc73651334f76fbacb9920b2bd292de61c7927b00aa67b5cad751dd660dc3e6f:215)
	at sf5.b(r8-map-id-fc73651334f76fbacb9920b2bd292de61c7927b00aa67b5cad751dd660dc3e6f:104)
	at jf5.g(r8-map-id-fc73651334f76fbacb9920b2bd292de61c7927b00aa67b5cad751dd660dc3e6f:92)
	at gf5.run(r8-map-id-fc73651334f76fbacb9920b2bd292de61c7927b00aa67b5cad751dd660dc3e6f:42)
	at java.util.concurrent.ThreadPoolExecutor.runWorker(ThreadPoolExecutor.java:1154)
	at java.util.concurrent.ThreadPoolExecutor$Worker.run(ThreadPoolExecutor.java:652)
	at java.lang.Thread.run(Thread.java:1564)
Caused by: android.system.GaiException: android_getaddrinfo failed: EAI_NODATA (No address associated with hostname)
	at libcore.io.Linux.android_getaddrinfo(Native Method)
	at libcore.io.ForwardingOs.android_getaddrinfo(ForwardingOs.java:134)
	at libcore.io.BlockGuardOs.android_getaddrinfo(BlockGuardOs.java:222)
	at libcore.io.ForwardingOs.android_getaddrinfo(ForwardingOs.java:134)
	at java.net.Inet6AddressImpl.lookupHostByName(Inet6AddressImpl.java:135)
	... 18 more

2026-04-07T17:28:05.179472Z Warn: WebSocket disconnected, retrying in 5000ms
2026-04-07T17:29:02.111867Z Info: Delay completed, reconnecting...
2026-04-07T17:29:02.113314Z Info: Connecting to WebSocket at wss://michael.seifert.page/api/apps/v1/notify/ws
2026-04-07T17:29:02.166687Z Error: WebSocket connect failed Unable to resolve host "michael.seifert.page": No address associated with hostname
java.net.UnknownHostException: Unable to resolve host "michael.seifert.page": No address associated with hostname
	at java.net.Inet6AddressImpl.lookupHostByName(Inet6AddressImpl.java:156)
	at java.net.Inet6AddressImpl.lookupAllHostAddr(Inet6AddressImpl.java:103)
	at java.net.InetAddress.getAllByName(InetAddress.java:1152)
	at wf5.b(r8-map-id-fc73651334f76fbacb9920b2bd292de61c7927b00aa67b5cad751dd660dc3e6f:393)
	at m92.d(r8-map-id-fc73651334f76fbacb9920b2bd292de61c7927b00aa67b5cad751dd660dc3e6f:12)
	at m92.a(r8-map-id-fc73651334f76fbacb9920b2bd292de61c7927b00aa67b5cad751dd660dc3e6f:77)
	at uc0.a(r8-map-id-fc73651334f76fbacb9920b2bd292de61c7927b00aa67b5cad751dd660dc3e6f:455)
	at sf5.b(r8-map-id-fc73651334f76fbacb9920b2bd292de61c7927b00aa67b5cad751dd660dc3e6f:104)
	at uc0.a(r8-map-id-fc73651334f76fbacb9920b2bd292de61c7927b00aa67b5cad751dd660dc3e6f:151)
	at sf5.b(r8-map-id-fc73651334f76fbacb9920b2bd292de61c7927b00aa67b5cad751dd660dc3e6f:104)
	at b70.a(r8-map-id-fc73651334f76fbacb9920b2bd292de61c7927b00aa67b5cad751dd660dc3e6f:586)
	at sf5.b(r8-map-id-fc73651334f76fbacb9920b2bd292de61c7927b00aa67b5cad751dd660dc3e6f:104)
	at b70.a(r8-map-id-fc73651334f76fbacb9920b2bd292de61c7927b00aa67b5cad751dd660dc3e6f:215)
	at sf5.b(r8-map-id-fc73651334f76fbacb9920b2bd292de61c7927b00aa67b5cad751dd660dc3e6f:104)
	at jf5.g(r8-map-id-fc73651334f76fbacb9920b2bd292de61c7927b00aa67b5cad751dd660dc3e6f:92)
	at gf5.run(r8-map-id-fc73651334f76fbacb9920b2bd292de61c7927b00aa67b5cad751dd660dc3e6f:42)
	at java.util.concurrent.ThreadPoolExecutor.runWorker(ThreadPoolExecutor.java:1154)
	at java.util.concurrent.ThreadPoolExecutor$Worker.run(ThreadPoolExecutor.java:652)
	at java.lang.Thread.run(Thread.java:1564)
Caused by: android.system.GaiException: android_getaddrinfo failed: EAI_NODATA (No address associated with hostname)
	at libcore.io.Linux.android_getaddrinfo(Native Method)
	at libcore.io.ForwardingOs.android_getaddrinfo(ForwardingOs.java:134)
	at libcore.io.BlockGuardOs.android_getaddrinfo(BlockGuardOs.java:222)
	at libcore.io.ForwardingOs.android_getaddrinfo(ForwardingOs.java:134)
	at java.net.Inet6AddressImpl.lookupHostByName(Inet6AddressImpl.java:135)
	... 18 more

2026-04-07T17:29:02.169498Z Warn: WebSocket disconnected, retrying in 5000ms
2026-04-07T17:29:56.832204Z Info: Delay completed, reconnecting...
2026-04-07T17:29:56.873436Z Info: Connecting to WebSocket at wss://michael.seifert.page/api/apps/v1/notify/ws
2026-04-07T17:29:56.963377Z Error: WebSocket connect failed Unable to resolve host "michael.seifert.page": No address associated with hostname
java.net.UnknownHostException: Unable to resolve host "michael.seifert.page": No address associated with hostname
	at java.net.Inet6AddressImpl.lookupHostByName(Inet6AddressImpl.java:156)
	at java.net.Inet6AddressImpl.lookupAllHostAddr(Inet6AddressImpl.java:103)
	at java.net.InetAddress.getAllByName(InetAddress.java:1152)
	at wf5.b(r8-map-id-fc73651334f76fbacb9920b2bd292de61c7927b00aa67b5cad751dd660dc3e6f:393)
	at m92.d(r8-map-id-fc73651334f76fbacb9920b2bd292de61c7927b00aa67b5cad751dd660dc3e6f:12)
	at m92.a(r8-map-id-fc73651334f76fbacb9920b2bd292de61c7927b00aa67b5cad751dd660dc3e6f:77)
	at uc0.a(r8-map-id-fc73651334f76fbacb9920b2bd292de61c7927b00aa67b5cad751dd660dc3e6f:455)
	at sf5.b(r8-map-id-fc73651334f76fbacb9920b2bd292de61c7927b00aa67b5cad751dd660dc3e6f:104)
	at uc0.a(r8-map-id-fc73651334f76fbacb9920b2bd292de61c7927b00aa67b5cad751dd660dc3e6f:151)
	at sf5.b(r8-map-id-fc73651334f76fbacb9920b2bd292de61c7927b00aa67b5cad751dd660dc3e6f:104)
	at b70.a(r8-map-id-fc73651334f76fbacb9920b2bd292de61c7927b00aa67b5cad751dd660dc3e6f:586)
	at sf5.b(r8-map-id-fc73651334f76fbacb9920b2bd292de61c7927b00aa67b5cad751dd660dc3e6f:104)
	at b70.a(r8-map-id-fc73651334f76fbacb9920b2bd292de61c7927b00aa67b5cad751dd660dc3e6f:215)
	at sf5.b(r8-map-id-fc73651334f76fbacb9920b2bd292de61c7927b00aa67b5cad751dd660dc3e6f:104)
	at jf5.g(r8-map-id-fc73651334f76fbacb9920b2bd292de61c7927b00aa67b5cad751dd660dc3e6f:92)
	at gf5.run(r8-map-id-fc73651334f76fbacb9920b2bd292de61c7927b00aa67b5cad751dd660dc3e6f:42)
	at java.util.concurrent.ThreadPoolExecutor.runWorker(ThreadPoolExecutor.java:1154)
	at java.util.concurrent.ThreadPoolExecutor$Worker.run(ThreadPoolExecutor.java:652)
	at java.lang.Thread.run(Thread.java:1564)
Caused by: android.system.GaiException: android_getaddrinfo failed: EAI_NODATA (No address associated with hostname)
	at libcore.io.Linux.android_getaddrinfo(Native Method)
	at libcore.io.ForwardingOs.android_getaddrinfo(ForwardingOs.java:134)
	at libcore.io.BlockGuardOs.android_getaddrinfo(BlockGuardOs.java:222)
	at libcore.io.ForwardingOs.android_getaddrinfo(ForwardingOs.java:134)
	at java.net.Inet6AddressImpl.lookupHostByName(Inet6AddressImpl.java:135)
	... 18 more

2026-04-07T17:29:56.974183Z Warn: WebSocket disconnected, retrying in 5000ms
2026-04-07T17:30:04.60205Z Info: Delay completed, reconnecting...
2026-04-07T17:30:04.603008Z Info: Connecting to WebSocket at wss://michael.seifert.page/api/apps/v1/notify/ws
2026-04-07T17:30:04.638657Z Error: WebSocket connect failed Unable to resolve host "michael.seifert.page": No address associated with hostname
java.net.UnknownHostException: Unable to resolve host "michael.seifert.page": No address associated with hostname
	at java.net.Inet6AddressImpl.lookupHostByName(Inet6AddressImpl.java:156)
	at java.net.Inet6AddressImpl.lookupAllHostAddr(Inet6AddressImpl.java:103)
	at java.net.InetAddress.getAllByName(InetAddress.java:1152)
	at wf5.b(r8-map-id-fc73651334f76fbacb9920b2bd292de61c7927b00aa67b5cad751dd660dc3e6f:393)
	at m92.d(r8-map-id-fc73651334f76fbacb9920b2bd292de61c7927b00aa67b5cad751dd660dc3e6f:12)
	at m92.a(r8-map-id-fc73651334f76fbacb9920b2bd292de61c7927b00aa67b5cad751dd660dc3e6f:77)
	at uc0.a(r8-map-id-fc73651334f76fbacb9920b2bd292de61c7927b00aa67b5cad751dd660dc3e6f:455)
	at sf5.b(r8-map-id-fc73651334f76fbacb9920b2bd292de61c7927b00aa67b5cad751dd660dc3e6f:104)
	at uc0.a(r8-map-id-fc73651334f76fbacb9920b2bd292de61c7927b00aa67b5cad751dd660dc3e6f:151)
	at sf5.b(r8-map-id-fc73651334f76fbacb9920b2bd292de61c7927b00aa67b5cad751dd660dc3e6f:104)
	at b70.a(r8-map-id-fc73651334f76fbacb9920b2bd292de61c7927b00aa67b5cad751dd660dc3e6f:586)
	at sf5.b(r8-map-id-fc73651334f76fbacb9920b2bd292de61c7927b00aa67b5cad751dd660dc3e6f:104)
	at b70.a(r8-map-id-fc73651334f76fbacb9920b2bd292de61c7927b00aa67b5cad751dd660dc3e6f:215)
	at sf5.b(r8-map-id-fc73651334f76fbacb9920b2bd292de61c7927b00aa67b5cad751dd660dc3e6f:104)
	at jf5.g(r8-map-id-fc73651334f76fbacb9920b2bd292de61c7927b00aa67b5cad751dd660dc3e6f:92)
	at gf5.run(r8-map-id-fc73651334f76fbacb9920b2bd292de61c7927b00aa67b5cad751dd660dc3e6f:42)
	at java.util.concurrent.ThreadPoolExecutor.runWorker(ThreadPoolExecutor.java:1154)
	at java.util.concurrent.ThreadPoolExecutor$Worker.run(ThreadPoolExecutor.java:652)
	at java.lang.Thread.run(Thread.java:1564)
Caused by: android.system.GaiException: android_getaddrinfo failed: EAI_NODATA (No address associated with hostname)
	at libcore.io.Linux.android_getaddrinfo(Native Method)
	at libcore.io.ForwardingOs.android_getaddrinfo(ForwardingOs.java:134)
	at libcore.io.BlockGuardOs.android_getaddrinfo(BlockGuardOs.java:222)
	at libcore.io.ForwardingOs.android_getaddrinfo(ForwardingOs.java:134)
	at java.net.Inet6AddressImpl.lookupHostByName(Inet6AddressImpl.java:135)
	... 18 more

2026-04-07T17:30:04.641341Z Warn: WebSocket disconnected, retrying in 5000ms
2026-04-07T17:30:10.06005Z Info: Delay completed, reconnecting...
2026-04-07T17:30:10.107063Z Info: Connecting to WebSocket at wss://michael.seifert.page/api/apps/v1/notify/ws
2026-04-07T17:30:10.206968Z Error: WebSocket connect failed Unable to resolve host "michael.seifert.page": No address associated with hostname
java.net.UnknownHostException: Unable to resolve host "michael.seifert.page": No address associated with hostname
	at java.net.Inet6AddressImpl.lookupHostByName(Inet6AddressImpl.java:156)
	at java.net.Inet6AddressImpl.lookupAllHostAddr(Inet6AddressImpl.java:103)
	at java.net.InetAddress.getAllByName(InetAddress.java:1152)
	at wf5.b(r8-map-id-fc73651334f76fbacb9920b2bd292de61c7927b00aa67b5cad751dd660dc3e6f:393)
	at m92.d(r8-map-id-fc73651334f76fbacb9920b2bd292de61c7927b00aa67b5cad751dd660dc3e6f:12)
	at m92.a(r8-map-id-fc73651334f76fbacb9920b2bd292de61c7927b00aa67b5cad751dd660dc3e6f:77)
	at uc0.a(r8-map-id-fc73651334f76fbacb9920b2bd292de61c7927b00aa67b5cad751dd660dc3e6f:455)
	at sf5.b(r8-map-id-fc73651334f76fbacb9920b2bd292de61c7927b00aa67b5cad751dd660dc3e6f:104)
	at uc0.a(r8-map-id-fc73651334f76fbacb9920b2bd292de61c7927b00aa67b5cad751dd660dc3e6f:151)
	at sf5.b(r8-map-id-fc73651334f76fbacb9920b2bd292de61c7927b00aa67b5cad751dd660dc3e6f:104)
	at b70.a(r8-map-id-fc73651334f76fbacb9920b2bd292de61c7927b00aa67b5cad751dd660dc3e6f:586)
	at sf5.b(r8-map-id-fc73651334f76fbacb9920b2bd292de61c7927b00aa67b5cad751dd660dc3e6f:104)
	at b70.a(r8-map-id-fc73651334f76fbacb9920b2bd292de61c7927b00aa67b5cad751dd660dc3e6f:215)
	at sf5.b(r8-map-id-fc73651334f76fbacb9920b2bd292de61c7927b00aa67b5cad751dd660dc3e6f:104)
	at jf5.g(r8-map-id-fc73651334f76fbacb9920b2bd292de61c7927b00aa67b5cad751dd660dc3e6f:92)
	at gf5.run(r8-map-id-fc73651334f76fbacb9920b2bd292de61c7927b00aa67b5cad751dd660dc3e6f:42)
	at java.util.concurrent.ThreadPoolExecutor.runWorker(ThreadPoolExecutor.java:1154)
	at java.util.concurrent.ThreadPoolExecutor$Worker.run(ThreadPoolExecutor.java:652)
	at java.lang.Thread.run(Thread.java:1564)
Caused by: android.system.GaiException: android_getaddrinfo failed: EAI_NODATA (No address associated with hostname)
	at libcore.io.Linux.android_getaddrinfo(Native Method)
	at libcore.io.ForwardingOs.android_getaddrinfo(ForwardingOs.java:134)
	at libcore.io.BlockGuardOs.android_getaddrinfo(BlockGuardOs.java:222)
	at libcore.io.ForwardingOs.android_getaddrinfo(ForwardingOs.java:134)
	at java.net.Inet6AddressImpl.lookupHostByName(Inet6AddressImpl.java:135)
	... 18 more

2026-04-07T17:30:10.217694Z Warn: WebSocket disconnected, retrying in 5000ms
2026-04-07T17:30:24.565705Z Info: Delay completed, reconnecting...
2026-04-07T17:30:24.566854Z Info: Connecting to WebSocket at wss://michael.seifert.page/api/apps/v1/notify/ws
2026-04-07T17:30:24.57835Z Error: WebSocket connect failed Unable to resolve host "michael.seifert.page": No address associated with hostname
java.net.UnknownHostException: Unable to resolve host "michael.seifert.page": No address associated with hostname
	at java.net.Inet6AddressImpl.lookupHostByName(Inet6AddressImpl.java:156)
	at java.net.Inet6AddressImpl.lookupAllHostAddr(Inet6AddressImpl.java:103)
	at java.net.InetAddress.getAllByName(InetAddress.java:1152)
	at wf5.b(r8-map-id-fc73651334f76fbacb9920b2bd292de61c7927b00aa67b5cad751dd660dc3e6f:393)
	at m92.d(r8-map-id-fc73651334f76fbacb9920b2bd292de61c7927b00aa67b5cad751dd660dc3e6f:12)
	at m92.a(r8-map-id-fc73651334f76fbacb9920b2bd292de61c7927b00aa67b5cad751dd660dc3e6f:77)
	at uc0.a(r8-map-id-fc73651334f76fbacb9920b2bd292de61c7927b00aa67b5cad751dd660dc3e6f:455)
	at sf5.b(r8-map-id-fc73651334f76fbacb9920b2bd292de61c7927b00aa67b5cad751dd660dc3e6f:104)
	at uc0.a(r8-map-id-fc73651334f76fbacb9920b2bd292de61c7927b00aa67b5cad751dd660dc3e6f:151)
	at sf5.b(r8-map-id-fc73651334f76fbacb9920b2bd292de61c7927b00aa67b5cad751dd660dc3e6f:104)
	at b70.a(r8-map-id-fc73651334f76fbacb9920b2bd292de61c7927b00aa67b5cad751dd660dc3e6f:586)
	at sf5.b(r8-map-id-fc73651334f76fbacb9920b2bd292de61c7927b00aa67b5cad751dd660dc3e6f:104)
	at b70.a(r8-map-id-fc73651334f76fbacb9920b2bd292de61c7927b00aa67b5cad751dd660dc3e6f:215)
	at sf5.b(r8-map-id-fc73651334f76fbacb9920b2bd292de61c7927b00aa67b5cad751dd660dc3e6f:104)
	at jf5.g(r8-map-id-fc73651334f76fbacb9920b2bd292de61c7927b00aa67b5cad751dd660dc3e6f:92)
	at gf5.run(r8-map-id-fc73651334f76fbacb9920b2bd292de61c7927b00aa67b5cad751dd660dc3e6f:42)
	at java.util.concurrent.ThreadPoolExecutor.runWorker(ThreadPoolExecutor.java:1154)
	at java.util.concurrent.ThreadPoolExecutor$Worker.run(ThreadPoolExecutor.java:652)
	at java.lang.Thread.run(Thread.java:1564)
Caused by: android.system.GaiException: android_getaddrinfo failed: EAI_NODATA (No address associated with hostname)
	at libcore.io.Linux.android_getaddrinfo(Native Method)
	at libcore.io.ForwardingOs.android_getaddrinfo(ForwardingOs.java:134)
	at libcore.io.BlockGuardOs.android_getaddrinfo(BlockGuardOs.java:222)
	at libcore.io.ForwardingOs.android_getaddrinfo(ForwardingOs.java:134)
	at java.net.Inet6AddressImpl.lookupHostByName(Inet6AddressImpl.java:135)
	... 18 more

2026-04-07T17:30:24.579864Z Warn: WebSocket disconnected, retrying in 5000ms
2026-04-07T17:31:00.856908Z Info: Delay completed, reconnecting...
2026-04-07T17:31:00.861143Z Info: Connecting to WebSocket at wss://michael.seifert.page/api/apps/v1/notify/ws
2026-04-07T17:31:00.881623Z Error: WebSocket connect failed Unable to resolve host "michael.seifert.page": No address associated with hostname
java.net.UnknownHostException: Unable to resolve host "michael.seifert.page": No address associated with hostname
	at java.net.Inet6AddressImpl.lookupHostByName(Inet6AddressImpl.java:156)
	at java.net.Inet6AddressImpl.lookupAllHostAddr(Inet6AddressImpl.java:103)
	at java.net.InetAddress.getAllByName(InetAddress.java:1152)
	at wf5.b(r8-map-id-fc73651334f76fbacb9920b2bd292de61c7927b00aa67b5cad751dd660dc3e6f:393)
	at m92.d(r8-map-id-fc73651334f76fbacb9920b2bd292de61c7927b00aa67b5cad751dd660dc3e6f:12)
	at m92.a(r8-map-id-fc73651334f76fbacb9920b2bd292de61c7927b00aa67b5cad751dd660dc3e6f:77)
	at uc0.a(r8-map-id-fc73651334f76fbacb9920b2bd292de61c7927b00aa67b5cad751dd660dc3e6f:455)
	at sf5.b(r8-map-id-fc73651334f76fbacb9920b2bd292de61c7927b00aa67b5cad751dd660dc3e6f:104)
	at uc0.a(r8-map-id-fc73651334f76fbacb9920b2bd292de61c7927b00aa67b5cad751dd660dc3e6f:151)
	at sf5.b(r8-map-id-fc73651334f76fbacb9920b2bd292de61c7927b00aa67b5cad751dd660dc3e6f:104)
	at b70.a(r8-map-id-fc73651334f76fbacb9920b2bd292de61c7927b00aa67b5cad751dd660dc3e6f:586)
	at sf5.b(r8-map-id-fc73651334f76fbacb9920b2bd292de61c7927b00aa67b5cad751dd660dc3e6f:104)
	at b70.a(r8-map-id-fc73651334f76fbacb9920b2bd292de61c7927b00aa67b5cad751dd660dc3e6f:215)
	at sf5.b(r8-map-id-fc73651334f76fbacb9920b2bd292de61c7927b00aa67b5cad751dd660dc3e6f:104)
	at jf5.g(r8-map-id-fc73651334f76fbacb9920b2bd292de61c7927b00aa67b5cad751dd660dc3e6f:92)
	at gf5.run(r8-map-id-fc73651334f76fbacb9920b2bd292de61c7927b00aa67b5cad751dd660dc3e6f:42)
	at java.util.concurrent.ThreadPoolExecutor.runWorker(ThreadPoolExecutor.java:1154)
	at java.util.concurrent.ThreadPoolExecutor$Worker.run(ThreadPoolExecutor.java:652)
	at java.lang.Thread.run(Thread.java:1564)
Caused by: android.system.GaiException: android_getaddrinfo failed: EAI_NODATA (No address associated with hostname)
	at libcore.io.Linux.android_getaddrinfo(Native Method)
	at libcore.io.ForwardingOs.android_getaddrinfo(ForwardingOs.java:134)
	at libcore.io.BlockGuardOs.android_getaddrinfo(BlockGuardOs.java:222)
	at libcore.io.ForwardingOs.android_getaddrinfo(ForwardingOs.java:134)
	at java.net.Inet6AddressImpl.lookupHostByName(Inet6AddressImpl.java:135)
	... 18 more

2026-04-07T17:31:00.884249Z Warn: WebSocket disconnected, retrying in 5000ms
2026-04-07T17:31:50.326487Z Info: Delay completed, reconnecting...
2026-04-07T17:31:50.327706Z Info: Connecting to WebSocket at wss://michael.seifert.page/api/apps/v1/notify/ws
2026-04-07T17:31:50.336183Z Error: WebSocket connect failed Unable to resolve host "michael.seifert.page": No address associated with hostname
java.net.UnknownHostException: Unable to resolve host "michael.seifert.page": No address associated with hostname
	at java.net.Inet6AddressImpl.lookupHostByName(Inet6AddressImpl.java:156)
	at java.net.Inet6AddressImpl.lookupAllHostAddr(Inet6AddressImpl.java:103)
	at java.net.InetAddress.getAllByName(InetAddress.java:1152)
	at wf5.b(r8-map-id-fc73651334f76fbacb9920b2bd292de61c7927b00aa67b5cad751dd660dc3e6f:393)
	at m92.d(r8-map-id-fc73651334f76fbacb9920b2bd292de61c7927b00aa67b5cad751dd660dc3e6f:12)
	at m92.a(r8-map-id-fc73651334f76fbacb9920b2bd292de61c7927b00aa67b5cad751dd660dc3e6f:77)
	at uc0.a(r8-map-id-fc73651334f76fbacb9920b2bd292de61c7927b00aa67b5cad751dd660dc3e6f:455)
	at sf5.b(r8-map-id-fc73651334f76fbacb9920b2bd292de61c7927b00aa67b5cad751dd660dc3e6f:104)
	at uc0.a(r8-map-id-fc73651334f76fbacb9920b2bd292de61c7927b00aa67b5cad751dd660dc3e6f:151)
	at sf5.b(r8-map-id-fc73651334f76fbacb9920b2bd292de61c7927b00aa67b5cad751dd660dc3e6f:104)
	at b70.a(r8-map-id-fc73651334f76fbacb9920b2bd292de61c7927b00aa67b5cad751dd660dc3e6f:586)
	at sf5.b(r8-map-id-fc73651334f76fbacb9920b2bd292de61c7927b00aa67b5cad751dd660dc3e6f:104)
	at b70.a(r8-map-id-fc73651334f76fbacb9920b2bd292de61c7927b00aa67b5cad751dd660dc3e6f:215)
	at sf5.b(r8-map-id-fc73651334f76fbacb9920b2bd292de61c7927b00aa67b5cad751dd660dc3e6f:104)
	at jf5.g(r8-map-id-fc73651334f76fbacb9920b2bd292de61c7927b00aa67b5cad751dd660dc3e6f:92)
	at gf5.run(r8-map-id-fc73651334f76fbacb9920b2bd292de61c7927b00aa67b5cad751dd660dc3e6f:42)
	at java.util.concurrent.ThreadPoolExecutor.runWorker(ThreadPoolExecutor.java:1154)
	at java.util.concurrent.ThreadPoolExecutor$Worker.run(ThreadPoolExecutor.java:652)
	at java.lang.Thread.run(Thread.java:1564)
Caused by: android.system.GaiException: android_getaddrinfo failed: EAI_NODATA (No address associated with hostname)
	at libcore.io.Linux.android_getaddrinfo(Native Method)
	at libcore.io.ForwardingOs.android_getaddrinfo(ForwardingOs.java:134)
	at libcore.io.BlockGuardOs.android_getaddrinfo(BlockGuardOs.java:222)
	at libcore.io.ForwardingOs.android_getaddrinfo(ForwardingOs.java:134)
	at java.net.Inet6AddressImpl.lookupHostByName(Inet6AddressImpl.java:135)
	... 18 more

2026-04-07T17:31:50.33804Z Warn: WebSocket disconnected, retrying in 5000ms
2026-04-07T17:32:12.080519Z Info: Delay completed, reconnecting...
2026-04-07T17:32:12.085245Z Info: Connecting to WebSocket at wss://michael.seifert.page/api/apps/v1/notify/ws
2026-04-07T17:32:12.111323Z Error: WebSocket connect failed Unable to resolve host "michael.seifert.page": No address associated with hostname
java.net.UnknownHostException: Unable to resolve host "michael.seifert.page": No address associated with hostname
	at java.net.Inet6AddressImpl.lookupHostByName(Inet6AddressImpl.java:156)
	at java.net.Inet6AddressImpl.lookupAllHostAddr(Inet6AddressImpl.java:103)
	at java.net.InetAddress.getAllByName(InetAddress.java:1152)
	at wf5.b(r8-map-id-fc73651334f76fbacb9920b2bd292de61c7927b00aa67b5cad751dd660dc3e6f:393)
	at m92.d(r8-map-id-fc73651334f76fbacb9920b2bd292de61c7927b00aa67b5cad751dd660dc3e6f:12)
	at m92.a(r8-map-id-fc73651334f76fbacb9920b2bd292de61c7927b00aa67b5cad751dd660dc3e6f:77)
	at uc0.a(r8-map-id-fc73651334f76fbacb9920b2bd292de61c7927b00aa67b5cad751dd660dc3e6f:455)
	at sf5.b(r8-map-id-fc73651334f76fbacb9920b2bd292de61c7927b00aa67b5cad751dd660dc3e6f:104)
	at uc0.a(r8-map-id-fc73651334f76fbacb9920b2bd292de61c7927b00aa67b5cad751dd660dc3e6f:151)
	at sf5.b(r8-map-id-fc73651334f76fbacb9920b2bd292de61c7927b00aa67b5cad751dd660dc3e6f:104)
	at b70.a(r8-map-id-fc73651334f76fbacb9920b2bd292de61c7927b00aa67b5cad751dd660dc3e6f:586)
	at sf5.b(r8-map-id-fc73651334f76fbacb9920b2bd292de61c7927b00aa67b5cad751dd660dc3e6f:104)
	at b70.a(r8-map-id-fc73651334f76fbacb9920b2bd292de61c7927b00aa67b5cad751dd660dc3e6f:215)
	at sf5.b(r8-map-id-fc73651334f76fbacb9920b2bd292de61c7927b00aa67b5cad751dd660dc3e6f:104)
	at jf5.g(r8-map-id-fc73651334f76fbacb9920b2bd292de61c7927b00aa67b5cad751dd660dc3e6f:92)
	at gf5.run(r8-map-id-fc73651334f76fbacb9920b2bd292de61c7927b00aa67b5cad751dd660dc3e6f:42)
	at java.util.concurrent.ThreadPoolExecutor.runWorker(ThreadPoolExecutor.java:1154)
	at java.util.concurrent.ThreadPoolExecutor$Worker.run(ThreadPoolExecutor.java:652)
	at java.lang.Thread.run(Thread.java:1564)
Caused by: android.system.GaiException: android_getaddrinfo failed: EAI_NODATA (No address associated with hostname)
	at libcore.io.Linux.android_getaddrinfo(Native Method)
	at libcore.io.ForwardingOs.android_getaddrinfo(ForwardingOs.java:134)
	at libcore.io.BlockGuardOs.android_getaddrinfo(BlockGuardOs.java:222)
	at libcore.io.ForwardingOs.android_getaddrinfo(ForwardingOs.java:134)
	at java.net.Inet6AddressImpl.lookupHostByName(Inet6AddressImpl.java:135)
	... 18 more

2026-04-07T17:32:12.116141Z Warn: WebSocket disconnected, retrying in 5000ms
2026-04-07T17:32:48.419218Z Info: Delay completed, reconnecting...
2026-04-07T17:32:48.420671Z Info: Connecting to WebSocket at wss://michael.seifert.page/api/apps/v1/notify/ws
2026-04-07T17:32:48.437694Z Error: WebSocket connect failed Unable to resolve host "michael.seifert.page": No address associated with hostname
java.net.UnknownHostException: Unable to resolve host "michael.seifert.page": No address associated with hostname
	at java.net.Inet6AddressImpl.lookupHostByName(Inet6AddressImpl.java:156)
	at java.net.Inet6AddressImpl.lookupAllHostAddr(Inet6AddressImpl.java:103)
	at java.net.InetAddress.getAllByName(InetAddress.java:1152)
	at wf5.b(r8-map-id-fc73651334f76fbacb9920b2bd292de61c7927b00aa67b5cad751dd660dc3e6f:393)
	at m92.d(r8-map-id-fc73651334f76fbacb9920b2bd292de61c7927b00aa67b5cad751dd660dc3e6f:12)
	at m92.a(r8-map-id-fc73651334f76fbacb9920b2bd292de61c7927b00aa67b5cad751dd660dc3e6f:77)
	at uc0.a(r8-map-id-fc73651334f76fbacb9920b2bd292de61c7927b00aa67b5cad751dd660dc3e6f:455)
	at sf5.b(r8-map-id-fc73651334f76fbacb9920b2bd292de61c7927b00aa67b5cad751dd660dc3e6f:104)
	at uc0.a(r8-map-id-fc73651334f76fbacb9920b2bd292de61c7927b00aa67b5cad751dd660dc3e6f:151)
	at sf5.b(r8-map-id-fc73651334f76fbacb9920b2bd292de61c7927b00aa67b5cad751dd660dc3e6f:104)
	at b70.a(r8-map-id-fc73651334f76fbacb9920b2bd292de61c7927b00aa67b5cad751dd660dc3e6f:586)
	at sf5.b(r8-map-id-fc73651334f76fbacb9920b2bd292de61c7927b00aa67b5cad751dd660dc3e6f:104)
	at b70.a(r8-map-id-fc73651334f76fbacb9920b2bd292de61c7927b00aa67b5cad751dd660dc3e6f:215)
	at sf5.b(r8-map-id-fc73651334f76fbacb9920b2bd292de61c7927b00aa67b5cad751dd660dc3e6f:104)
	at jf5.g(r8-map-id-fc73651334f76fbacb9920b2bd292de61c7927b00aa67b5cad751dd660dc3e6f:92)
	at gf5.run(r8-map-id-fc73651334f76fbacb9920b2bd292de61c7927b00aa67b5cad751dd660dc3e6f:42)
	at java.util.concurrent.ThreadPoolExecutor.runWorker(ThreadPoolExecutor.java:1154)
	at java.util.concurrent.ThreadPoolExecutor$Worker.run(ThreadPoolExecutor.java:652)
	at java.lang.Thread.run(Thread.java:1564)
Caused by: android.system.GaiException: android_getaddrinfo failed: EAI_NODATA (No address associated with hostname)
	at libcore.io.Linux.android_getaddrinfo(Native Method)
	at libcore.io.ForwardingOs.android_getaddrinfo(ForwardingOs.java:134)
	at libcore.io.BlockGuardOs.android_getaddrinfo(BlockGuardOs.java:222)
	at libcore.io.ForwardingOs.android_getaddrinfo(ForwardingOs.java:134)
	at java.net.Inet6AddressImpl.lookupHostByName(Inet6AddressImpl.java:135)
	... 18 more

2026-04-07T17:32:48.443328Z Warn: WebSocket disconnected, retrying in 5000ms
2026-04-07T17:33:00.182664Z Info: Delay completed, reconnecting...
2026-04-07T17:33:00.191538Z Info: Connecting to WebSocket at wss://michael.seifert.page/api/apps/v1/notify/ws
2026-04-07T17:33:00.2136Z Error: WebSocket connect failed Unable to resolve host "michael.seifert.page": No address associated with hostname
java.net.UnknownHostException: Unable to resolve host "michael.seifert.page": No address associated with hostname
	at java.net.Inet6AddressImpl.lookupHostByName(Inet6AddressImpl.java:156)
	at java.net.Inet6AddressImpl.lookupAllHostAddr(Inet6AddressImpl.java:103)
	at java.net.InetAddress.getAllByName(InetAddress.java:1152)
	at wf5.b(r8-map-id-fc73651334f76fbacb9920b2bd292de61c7927b00aa67b5cad751dd660dc3e6f:393)
	at m92.d(r8-map-id-fc73651334f76fbacb9920b2bd292de61c7927b00aa67b5cad751dd660dc3e6f:12)
	at m92.a(r8-map-id-fc73651334f76fbacb9920b2bd292de61c7927b00aa67b5cad751dd660dc3e6f:77)
	at uc0.a(r8-map-id-fc73651334f76fbacb9920b2bd292de61c7927b00aa67b5cad751dd660dc3e6f:455)
	at sf5.b(r8-map-id-fc73651334f76fbacb9920b2bd292de61c7927b00aa67b5cad751dd660dc3e6f:104)
	at uc0.a(r8-map-id-fc73651334f76fbacb9920b2bd292de61c7927b00aa67b5cad751dd660dc3e6f:151)
	at sf5.b(r8-map-id-fc73651334f76fbacb9920b2bd292de61c7927b00aa67b5cad751dd660dc3e6f:104)
	at b70.a(r8-map-id-fc73651334f76fbacb9920b2bd292de61c7927b00aa67b5cad751dd660dc3e6f:586)
	at sf5.b(r8-map-id-fc73651334f76fbacb9920b2bd292de61c7927b00aa67b5cad751dd660dc3e6f:104)
	at b70.a(r8-map-id-fc73651334f76fbacb9920b2bd292de61c7927b00aa67b5cad751dd660dc3e6f:215)
	at sf5.b(r8-map-id-fc73651334f76fbacb9920b2bd292de61c7927b00aa67b5cad751dd660dc3e6f:104)
	at jf5.g(r8-map-id-fc73651334f76fbacb9920b2bd292de61c7927b00aa67b5cad751dd660dc3e6f:92)
	at gf5.run(r8-map-id-fc73651334f76fbacb9920b2bd292de61c7927b00aa67b5cad751dd660dc3e6f:42)
	at java.util.concurrent.ThreadPoolExecutor.runWorker(ThreadPoolExecutor.java:1154)
	at java.util.concurrent.ThreadPoolExecutor$Worker.run(ThreadPoolExecutor.java:652)
	at java.lang.Thread.run(Thread.java:1564)
Caused by: android.system.GaiException: android_getaddrinfo failed: EAI_NODATA (No address associated with hostname)
	at libcore.io.Linux.android_getaddrinfo(Native Method)
	at libcore.io.ForwardingOs.android_getaddrinfo(ForwardingOs.java:134)
	at libcore.io.BlockGuardOs.android_getaddrinfo(BlockGuardOs.java:222)
	at libcore.io.ForwardingOs.android_getaddrinfo(ForwardingOs.java:134)
	at java.net.Inet6AddressImpl.lookupHostByName(Inet6AddressImpl.java:135)
	... 18 more

2026-04-07T17:33:00.214957Z Warn: WebSocket disconnected, retrying in 5000ms
2026-04-07T17:34:09.478222Z Info: Delay completed, reconnecting...
2026-04-07T17:34:09.481846Z Info: Connecting to WebSocket at wss://michael.seifert.page/api/apps/v1/notify/ws
2026-04-07T17:34:09.527078Z Error: WebSocket connect failed Unable to resolve host "michael.seifert.page": No address associated with hostname
java.net.UnknownHostException: Unable to resolve host "michael.seifert.page": No address associated with hostname
	at java.net.Inet6AddressImpl.lookupHostByName(Inet6AddressImpl.java:156)
	at java.net.Inet6AddressImpl.lookupAllHostAddr(Inet6AddressImpl.java:103)
	at java.net.InetAddress.getAllByName(InetAddress.java:1152)
	at wf5.b(r8-map-id-fc73651334f76fbacb9920b2bd292de61c7927b00aa67b5cad751dd660dc3e6f:393)
	at m92.d(r8-map-id-fc73651334f76fbacb9920b2bd292de61c7927b00aa67b5cad751dd660dc3e6f:12)
	at m92.a(r8-map-id-fc73651334f76fbacb9920b2bd292de61c7927b00aa67b5cad751dd660dc3e6f:77)
	at uc0.a(r8-map-id-fc73651334f76fbacb9920b2bd292de61c7927b00aa67b5cad751dd660dc3e6f:455)
	at sf5.b(r8-map-id-fc73651334f76fbacb9920b2bd292de61c7927b00aa67b5cad751dd660dc3e6f:104)
	at uc0.a(r8-map-id-fc73651334f76fbacb9920b2bd292de61c7927b00aa67b5cad751dd660dc3e6f:151)
	at sf5.b(r8-map-id-fc73651334f76fbacb9920b2bd292de61c7927b00aa67b5cad751dd660dc3e6f:104)
	at b70.a(r8-map-id-fc73651334f76fbacb9920b2bd292de61c7927b00aa67b5cad751dd660dc3e6f:586)
	at sf5.b(r8-map-id-fc73651334f76fbacb9920b2bd292de61c7927b00aa67b5cad751dd660dc3e6f:104)
	at b70.a(r8-map-id-fc73651334f76fbacb9920b2bd292de61c7927b00aa67b5cad751dd660dc3e6f:215)
	at sf5.b(r8-map-id-fc73651334f76fbacb9920b2bd292de61c7927b00aa67b5cad751dd660dc3e6f:104)
	at jf5.g(r8-map-id-fc73651334f76fbacb9920b2bd292de61c7927b00aa67b5cad751dd660dc3e6f:92)
	at gf5.run(r8-map-id-fc73651334f76fbacb9920b2bd292de61c7927b00aa67b5cad751dd660dc3e6f:42)
	at java.util.concurrent.ThreadPoolExecutor.runWorker(ThreadPoolExecutor.java:1154)
	at java.util.concurrent.ThreadPoolExecutor$Worker.run(ThreadPoolExecutor.java:652)
	at java.lang.Thread.run(Thread.java:1564)
Caused by: android.system.GaiException: android_getaddrinfo failed: EAI_NODATA (No address associated with hostname)
	at libcore.io.Linux.android_getaddrinfo(Native Method)
	at libcore.io.ForwardingOs.android_getaddrinfo(ForwardingOs.java:134)
	at libcore.io.BlockGuardOs.android_getaddrinfo(BlockGuardOs.java:222)
	at libcore.io.ForwardingOs.android_getaddrinfo(ForwardingOs.java:134)
	at java.net.Inet6AddressImpl.lookupHostByName(Inet6AddressImpl.java:135)
	... 18 more

2026-04-07T17:34:09.53121Z Warn: WebSocket disconnected, retrying in 5000ms
2026-04-07T17:35:37.659409Z Info: Delay completed, reconnecting...
2026-04-07T17:35:37.660953Z Info: Connecting to WebSocket at wss://michael.seifert.page/api/apps/v1/notify/ws
2026-04-07T17:35:37.67067Z Error: WebSocket connect failed Unable to resolve host "michael.seifert.page": No address associated with hostname
java.net.UnknownHostException: Unable to resolve host "michael.seifert.page": No address associated with hostname
	at java.net.Inet6AddressImpl.lookupHostByName(Inet6AddressImpl.java:156)
	at java.net.Inet6AddressImpl.lookupAllHostAddr(Inet6AddressImpl.java:103)
	at java.net.InetAddress.getAllByName(InetAddress.java:1152)
	at wf5.b(r8-map-id-fc73651334f76fbacb9920b2bd292de61c7927b00aa67b5cad751dd660dc3e6f:393)
	at m92.d(r8-map-id-fc73651334f76fbacb9920b2bd292de61c7927b00aa67b5cad751dd660dc3e6f:12)
	at m92.a(r8-map-id-fc73651334f76fbacb9920b2bd292de61c7927b00aa67b5cad751dd660dc3e6f:77)
	at uc0.a(r8-map-id-fc73651334f76fbacb9920b2bd292de61c7927b00aa67b5cad751dd660dc3e6f:455)
	at sf5.b(r8-map-id-fc73651334f76fbacb9920b2bd292de61c7927b00aa67b5cad751dd660dc3e6f:104)
	at uc0.a(r8-map-id-fc73651334f76fbacb9920b2bd292de61c7927b00aa67b5cad751dd660dc3e6f:151)
	at sf5.b(r8-map-id-fc73651334f76fbacb9920b2bd292de61c7927b00aa67b5cad751dd660dc3e6f:104)
	at b70.a(r8-map-id-fc73651334f76fbacb9920b2bd292de61c7927b00aa67b5cad751dd660dc3e6f:586)
	at sf5.b(r8-map-id-fc73651334f76fbacb9920b2bd292de61c7927b00aa67b5cad751dd660dc3e6f:104)
	at b70.a(r8-map-id-fc73651334f76fbacb9920b2bd292de61c7927b00aa67b5cad751dd660dc3e6f:215)
	at sf5.b(r8-map-id-fc73651334f76fbacb9920b2bd292de61c7927b00aa67b5cad751dd660dc3e6f:104)
	at jf5.g(r8-map-id-fc73651334f76fbacb9920b2bd292de61c7927b00aa67b5cad751dd660dc3e6f:92)
	at gf5.run(r8-map-id-fc73651334f76fbacb9920b2bd292de61c7927b00aa67b5cad751dd660dc3e6f:42)
	at java.util.concurrent.ThreadPoolExecutor.runWorker(ThreadPoolExecutor.java:1154)
	at java.util.concurrent.ThreadPoolExecutor$Worker.run(ThreadPoolExecutor.java:652)
	at java.lang.Thread.run(Thread.java:1564)
Caused by: android.system.GaiException: android_getaddrinfo failed: EAI_NODATA (No address associated with hostname)
	at libcore.io.Linux.android_getaddrinfo(Native Method)
	at libcore.io.ForwardingOs.android_getaddrinfo(ForwardingOs.java:134)
	at libcore.io.BlockGuardOs.android_getaddrinfo(BlockGuardOs.java:222)
	at libcore.io.ForwardingOs.android_getaddrinfo(ForwardingOs.java:134)
	at java.net.Inet6AddressImpl.lookupHostByName(Inet6AddressImpl.java:135)
	... 18 more

2026-04-07T17:35:37.672928Z Warn: WebSocket disconnected, retrying in 5000ms
2026-04-07T17:36:44.647689Z Info: (NotificationService) FCM message received — title=null body=null data={correlationId=a6204769-edb6-4f78-b175-bb1706ba7cbb, id=7d2013f5-b5b0-4309-bdee-5621426f72ea, data={"senderId":"toddmitchell.me","appDisplayName":"Homebase - Chat","timestamp":1775583402897,"options":{"appId":"2d781401-3804-4b57-b4aa-d8e4e2ef39f4","typeId":"674e0d67-34c0-4267-8b94-748f0d226cfb","tagId":"41647b04-3136-5e45-9397-eecc0971048c","silent":false,"peerSubscriptionId":"00000000-0000-0000-0000-000000000000","recipients":null,"unEncryptedMessage":"toddmitchell.me sent a message"}}, timestamp=2026-04-07T17:36:42.9034597+00:00, version=1}
2026-04-07T17:36:44.743879Z Info: Delay completed, reconnecting...
2026-04-07T17:36:44.744861Z Info: Connecting to WebSocket at wss://michael.seifert.page/api/apps/v1/notify/ws
2026-04-07T17:36:44.78624Z Info: (DriveSyncWorker) doWork: starting (attempt=0)
2026-04-07T17:36:44.786872Z Debug: (BackgroundSync) syncIfAuthenticated: checking...
2026-04-07T17:36:44.788177Z Info: (BackgroundSync) syncIfAuthenticated: WS offline — running background sync
2026-04-07T17:36:44.788599Z Warn: DriveSync for drive=9ff813af-f2d6-1e2f-9b9d-b189e72d1a11 already exists, skipping
2026-04-07T17:36:44.789646Z Warn: DriveSync for drive=2612429d-1c3f-0372-82b8-d42fb2cc0499 already exists, skipping
2026-04-07T17:36:44.789895Z Warn: DriveSync for drive=4db49422-ebad-02e9-9ab9-6e9c477d1e08 already exists, skipping
2026-04-07T17:36:45.04578Z Debug: Sent WebSocket command: establishConnectionRequest
2026-04-07T17:36:45.064308Z Info: Synchronizing drive 2612429d-1c3f-0372-82b8-d42fb2cc0499
2026-04-07T17:36:45.06475Z Info: Synchronizing drive 4db49422-ebad-02e9-9ab9-6e9c477d1e08
2026-04-07T17:36:45.067399Z Info: Synchronizing drive 9ff813af-f2d6-1e2f-9b9d-b189e72d1a11
2026-04-07T17:36:45.132449Z Info: Received 0 records from QueryBatch() on Drive 4db49422-ebad-02e9-9ab9-6e9c477d1e08
2026-04-07T17:36:45.133732Z Debug: DriveSync: all DB writes complete for drive 4db49422-ebad-02e9-9ab9-6e9c477d1e08 (0 total records)
2026-04-07T17:36:45.135174Z Debug: Drive 4db49422-ebad-02e9-9ab9-6e9c477d1e08 synchronized with 0 records read.
2026-04-07T17:36:45.138812Z Info: Received 0 records from QueryBatch() on Drive 2612429d-1c3f-0372-82b8-d42fb2cc0499
2026-04-07T17:36:45.139152Z Debug: DriveSync: all DB writes complete for drive 2612429d-1c3f-0372-82b8-d42fb2cc0499 (0 total records)
2026-04-07T17:36:45.141142Z Debug: Drive 2612429d-1c3f-0372-82b8-d42fb2cc0499 synchronized with 0 records read.
2026-04-07T17:36:45.307093Z Info: Device handshake successful
2026-04-07T17:36:45.307623Z Info: Received 1 records from QueryBatch() on Drive 9ff813af-f2d6-1e2f-9b9d-b189e72d1a11
2026-04-07T17:36:45.309521Z Warn: DriveSync for drive=9ff813af-f2d6-1e2f-9b9d-b189e72d1a11 already exists, skipping
2026-04-07T17:36:45.310311Z Debug: DriveSync: batch contains 1 chat conversation(s): [674e0d67-34c0-4267-8b94-748f0d226cfb]
2026-04-07T17:36:45.319142Z Warn: DriveSync for drive=2612429d-1c3f-0372-82b8-d42fb2cc0499 already exists, skipping
2026-04-07T17:36:45.321682Z Warn: DriveSync for drive=4db49422-ebad-02e9-9ab9-6e9c477d1e08 already exists, skipping
2026-04-07T17:36:45.325673Z Debug: Sent WebSocket command: processInbox
2026-04-07T17:36:45.327508Z Debug: Sent WebSocket command: processInbox
2026-04-07T17:36:45.329567Z Debug: Sent WebSocket command: processInbox
2026-04-07T17:36:45.330943Z Info: Synchronizing drive 2612429d-1c3f-0372-82b8-d42fb2cc0499
2026-04-07T17:36:45.345866Z Info: Synchronizing drive 4db49422-ebad-02e9-9ab9-6e9c477d1e08
2026-04-07T17:36:45.400466Z Info: Received 0 records from QueryBatch() on Drive 2612429d-1c3f-0372-82b8-d42fb2cc0499
2026-04-07T17:36:45.400946Z Debug: DriveSync: all DB writes complete for drive 2612429d-1c3f-0372-82b8-d42fb2cc0499 (0 total records)
2026-04-07T17:36:45.402483Z Debug: Drive 2612429d-1c3f-0372-82b8-d42fb2cc0499 synchronized with 0 records read.
2026-04-07T17:36:45.437585Z Info: Received 0 records from QueryBatch() on Drive 4db49422-ebad-02e9-9ab9-6e9c477d1e08
2026-04-07T17:36:45.437934Z Debug: DriveSync: all DB writes complete for drive 4db49422-ebad-02e9-9ab9-6e9c477d1e08 (0 total records)
2026-04-07T17:36:45.439839Z Debug: Drive 4db49422-ebad-02e9-9ab9-6e9c477d1e08 synchronized with 0 records read.
2026-04-07T17:36:51.035165Z Debug: DriveSync: all DB writes complete for drive 9ff813af-f2d6-1e2f-9b9d-b189e72d1a11 (1 total records)
2026-04-07T17:36:51.036337Z Debug: Drive 9ff813af-f2d6-1e2f-9b9d-b189e72d1a11 synchronized with 1 records read.
2026-04-07T17:36:51.034888Z Debug: ConversationStream: BatchReceived 1 files (conversations=0, messages=1, adminFiles=0)
2026-04-07T17:36:51.045182Z Debug: ChatMessageStream: processIncrementalBatch 1 messages across 1 conversation(s)
2026-04-07T17:36:51.047746Z Info: (BackgroundSync) syncIfAuthenticated: completed
2026-04-07T17:36:51.048752Z Info: Synchronizing drive 9ff813af-f2d6-1e2f-9b9d-b189e72d1a11
2026-04-07T17:36:51.050427Z Debug: ConversationStream: unread++ convo=674e0d67-34c0-4267-8b94-748f0d226cfb count=1
2026-04-07T17:36:51.052282Z Info: (DriveSyncWorker) doWork: success
2026-04-07T17:36:51.063239Z Debug: ConversationStream: Stopped(totalCount=1)
2026-04-07T17:36:51.071225Z Debug: ChatMessageStream: Stopped(totalCount=1)
2026-04-07T17:36:51.111107Z Info: Popping Outbox
2026-04-07T17:36:51.1129Z Info: No more items in outbox
2026-04-07T17:36:51.133573Z Info: No saved scroll position
2026-04-07T17:36:51.222832Z Info: Received 0 records from QueryBatch() on Drive 9ff813af-f2d6-1e2f-9b9d-b189e72d1a11
2026-04-07T17:36:51.224063Z Debug: DriveSync: all DB writes complete for drive 9ff813af-f2d6-1e2f-9b9d-b189e72d1a11 (0 total records)
2026-04-07T17:36:51.225895Z Debug: ConversationStream: Stopped(totalCount=0)
2026-04-07T17:36:51.226272Z Debug: Drive 9ff813af-f2d6-1e2f-9b9d-b189e72d1a11 synchronized with 0 records read.
2026-04-07T17:36:51.227023Z Debug: ChatMessageStream: Stopped(totalCount=0)
2026-04-07T17:37:14.840334Z Error: (HomebaseImageLoader) Non-retriable exception: Not found
2026-04-07T17:37:17.44123Z Info: (ShareShortcutPublisher) Published 8 share shortcuts
2026-04-07T17:40:15.327951Z Info: WebSocket connection ended
2026-04-07T17:40:15.330401Z Info: Connecting to WebSocket at wss://michael.seifert.page/api/apps/v1/notify/ws
2026-04-07T17:40:15.349183Z Error: WebSocket connect failed Unable to resolve host "michael.seifert.page": No address associated with hostname
java.net.UnknownHostException: Unable to resolve host "michael.seifert.page": No address associated with hostname
	at java.net.Inet6AddressImpl.lookupHostByName(Inet6AddressImpl.java:156)
	at java.net.Inet6AddressImpl.lookupAllHostAddr(Inet6AddressImpl.java:103)
	at java.net.InetAddress.getAllByName(InetAddress.java:1152)
	at wf5.b(r8-map-id-fc73651334f76fbacb9920b2bd292de61c7927b00aa67b5cad751dd660dc3e6f:393)
	at m92.d(r8-map-id-fc73651334f76fbacb9920b2bd292de61c7927b00aa67b5cad751dd660dc3e6f:12)
	at m92.a(r8-map-id-fc73651334f76fbacb9920b2bd292de61c7927b00aa67b5cad751dd660dc3e6f:77)
	at uc0.a(r8-map-id-fc73651334f76fbacb9920b2bd292de61c7927b00aa67b5cad751dd660dc3e6f:455)
	at sf5.b(r8-map-id-fc73651334f76fbacb9920b2bd292de61c7927b00aa67b5cad751dd660dc3e6f:104)
	at uc0.a(r8-map-id-fc73651334f76fbacb9920b2bd292de61c7927b00aa67b5cad751dd660dc3e6f:151)
	at sf5.b(r8-map-id-fc73651334f76fbacb9920b2bd292de61c7927b00aa67b5cad751dd660dc3e6f:104)
	at b70.a(r8-map-id-fc73651334f76fbacb9920b2bd292de61c7927b00aa67b5cad751dd660dc3e6f:586)
	at sf5.b(r8-map-id-fc73651334f76fbacb9920b2bd292de61c7927b00aa67b5cad751dd660dc3e6f:104)
	at b70.a(r8-map-id-fc73651334f76fbacb9920b2bd292de61c7927b00aa67b5cad751dd660dc3e6f:215)
	at sf5.b(r8-map-id-fc73651334f76fbacb9920b2bd292de61c7927b00aa67b5cad751dd660dc3e6f:104)
	at jf5.g(r8-map-id-fc73651334f76fbacb9920b2bd292de61c7927b00aa67b5cad751dd660dc3e6f:92)
	at gf5.run(r8-map-id-fc73651334f76fbacb9920b2bd292de61c7927b00aa67b5cad751dd660dc3e6f:42)
	at java.util.concurrent.ThreadPoolExecutor.runWorker(ThreadPoolExecutor.java:1154)
	at java.util.concurrent.ThreadPoolExecutor$Worker.run(ThreadPoolExecutor.java:652)
	at java.lang.Thread.run(Thread.java:1564)
Caused by: android.system.GaiException: android_getaddrinfo failed: EAI_NODATA (No address associated with hostname)
	at libcore.io.Linux.android_getaddrinfo(Native Method)
	at libcore.io.ForwardingOs.android_getaddrinfo(ForwardingOs.java:134)
	at libcore.io.BlockGuardOs.android_getaddrinfo(BlockGuardOs.java:222)
	at libcore.io.ForwardingOs.android_getaddrinfo(ForwardingOs.java:134)
	at java.net.Inet6AddressImpl.lookupHostByName(Inet6AddressImpl.java:135)
	... 18 more

2026-04-07T17:40:15.35261Z Warn: WebSocket disconnected, retrying in 5000ms
2026-04-07T17:40:20.635079Z Info: Delay completed, reconnecting...
2026-04-07T17:40:20.638184Z Info: Connecting to WebSocket at wss://michael.seifert.page/api/apps/v1/notify/ws
2026-04-07T17:40:20.675659Z Error: WebSocket connect failed Unable to resolve host "michael.seifert.page": No address associated with hostname
java.net.UnknownHostException: Unable to resolve host "michael.seifert.page": No address associated with hostname
	at java.net.Inet6AddressImpl.lookupHostByName(Inet6AddressImpl.java:156)
	at java.net.Inet6AddressImpl.lookupAllHostAddr(Inet6AddressImpl.java:103)
	at java.net.InetAddress.getAllByName(InetAddress.java:1152)
	at wf5.b(r8-map-id-fc73651334f76fbacb9920b2bd292de61c7927b00aa67b5cad751dd660dc3e6f:393)
	at m92.d(r8-map-id-fc73651334f76fbacb9920b2bd292de61c7927b00aa67b5cad751dd660dc3e6f:12)
	at m92.a(r8-map-id-fc73651334f76fbacb9920b2bd292de61c7927b00aa67b5cad751dd660dc3e6f:77)
	at uc0.a(r8-map-id-fc73651334f76fbacb9920b2bd292de61c7927b00aa67b5cad751dd660dc3e6f:455)
	at sf5.b(r8-map-id-fc73651334f76fbacb9920b2bd292de61c7927b00aa67b5cad751dd660dc3e6f:104)
	at uc0.a(r8-map-id-fc73651334f76fbacb9920b2bd292de61c7927b00aa67b5cad751dd660dc3e6f:151)
	at sf5.b(r8-map-id-fc73651334f76fbacb9920b2bd292de61c7927b00aa67b5cad751dd660dc3e6f:104)
	at b70.a(r8-map-id-fc73651334f76fbacb9920b2bd292de61c7927b00aa67b5cad751dd660dc3e6f:586)
	at sf5.b(r8-map-id-fc73651334f76fbacb9920b2bd292de61c7927b00aa67b5cad751dd660dc3e6f:104)
	at b70.a(r8-map-id-fc73651334f76fbacb9920b2bd292de61c7927b00aa67b5cad751dd660dc3e6f:215)
	at sf5.b(r8-map-id-fc73651334f76fbacb9920b2bd292de61c7927b00aa67b5cad751dd660dc3e6f:104)
	at jf5.g(r8-map-id-fc73651334f76fbacb9920b2bd292de61c7927b00aa67b5cad751dd660dc3e6f:92)
	at gf5.run(r8-map-id-fc73651334f76fbacb9920b2bd292de61c7927b00aa67b5cad751dd660dc3e6f:42)
	at java.util.concurrent.ThreadPoolExecutor.runWorker(ThreadPoolExecutor.java:1154)
	at java.util.concurrent.ThreadPoolExecutor$Worker.run(ThreadPoolExecutor.java:652)
	at java.lang.Thread.run(Thread.java:1564)
Caused by: android.system.GaiException: android_getaddrinfo failed: EAI_NODATA (No address associated with hostname)
	at libcore.io.Linux.android_getaddrinfo(Native Method)
	at libcore.io.ForwardingOs.android_getaddrinfo(ForwardingOs.java:134)
	at libcore.io.BlockGuardOs.android_getaddrinfo(BlockGuardOs.java:222)
	at libcore.io.ForwardingOs.android_getaddrinfo(ForwardingOs.java:134)
	at java.net.Inet6AddressImpl.lookupHostByName(Inet6AddressImpl.java:135)
	... 18 more

2026-04-07T17:40:20.685758Z Warn: WebSocket disconnected, retrying in 5000ms
2026-04-07T17:40:52.432778Z Info: Delay completed, reconnecting...
2026-04-07T17:40:52.43485Z Info: Connecting to WebSocket at wss://michael.seifert.page/api/apps/v1/notify/ws
2026-04-07T17:40:52.443022Z Error: WebSocket connect failed Unable to resolve host "michael.seifert.page": No address associated with hostname
java.net.UnknownHostException: Unable to resolve host "michael.seifert.page": No address associated with hostname
	at java.net.Inet6AddressImpl.lookupHostByName(Inet6AddressImpl.java:156)
	at java.net.Inet6AddressImpl.lookupAllHostAddr(Inet6AddressImpl.java:103)
	at java.net.InetAddress.getAllByName(InetAddress.java:1152)
	at wf5.b(r8-map-id-fc73651334f76fbacb9920b2bd292de61c7927b00aa67b5cad751dd660dc3e6f:393)
	at m92.d(r8-map-id-fc73651334f76fbacb9920b2bd292de61c7927b00aa67b5cad751dd660dc3e6f:12)
	at m92.a(r8-map-id-fc73651334f76fbacb9920b2bd292de61c7927b00aa67b5cad751dd660dc3e6f:77)
	at uc0.a(r8-map-id-fc73651334f76fbacb9920b2bd292de61c7927b00aa67b5cad751dd660dc3e6f:455)
	at sf5.b(r8-map-id-fc73651334f76fbacb9920b2bd292de61c7927b00aa67b5cad751dd660dc3e6f:104)
	at uc0.a(r8-map-id-fc73651334f76fbacb9920b2bd292de61c7927b00aa67b5cad751dd660dc3e6f:151)
	at sf5.b(r8-map-id-fc73651334f76fbacb9920b2bd292de61c7927b00aa67b5cad751dd660dc3e6f:104)
	at b70.a(r8-map-id-fc73651334f76fbacb9920b2bd292de61c7927b00aa67b5cad751dd660dc3e6f:586)
	at sf5.b(r8-map-id-fc73651334f76fbacb9920b2bd292de61c7927b00aa67b5cad751dd660dc3e6f:104)
	at b70.a(r8-map-id-fc73651334f76fbacb9920b2bd292de61c7927b00aa67b5cad751dd660dc3e6f:215)
	at sf5.b(r8-map-id-fc73651334f76fbacb9920b2bd292de61c7927b00aa67b5cad751dd660dc3e6f:104)
	at jf5.g(r8-map-id-fc73651334f76fbacb9920b2bd292de61c7927b00aa67b5cad751dd660dc3e6f:92)
	at gf5.run(r8-map-id-fc73651334f76fbacb9920b2bd292de61c7927b00aa67b5cad751dd660dc3e6f:42)
	at java.util.concurrent.ThreadPoolExecutor.runWorker(ThreadPoolExecutor.java:1154)
	at java.util.concurrent.ThreadPoolExecutor$Worker.run(ThreadPoolExecutor.java:652)
	at java.lang.Thread.run(Thread.java:1564)
Caused by: android.system.GaiException: android_getaddrinfo failed: EAI_NODATA (No address associated with hostname)
	at libcore.io.Linux.android_getaddrinfo(Native Method)
	at libcore.io.ForwardingOs.android_getaddrinfo(ForwardingOs.java:134)
	at libcore.io.BlockGuardOs.android_getaddrinfo(BlockGuardOs.java:222)
	at libcore.io.ForwardingOs.android_getaddrinfo(ForwardingOs.java:134)
	at java.net.Inet6AddressImpl.lookupHostByName(Inet6AddressImpl.java:135)
	... 18 more

2026-04-07T17:40:52.443993Z Warn: WebSocket disconnected, retrying in 5000ms
2026-04-07T17:42:28.865162Z Info: Delay completed, reconnecting...
2026-04-07T17:42:28.868635Z Info: Connecting to WebSocket at wss://michael.seifert.page/api/apps/v1/notify/ws
2026-04-07T17:42:28.887575Z Error: WebSocket connect failed Unable to resolve host "michael.seifert.page": No address associated with hostname
java.net.UnknownHostException: Unable to resolve host "michael.seifert.page": No address associated with hostname
	at java.net.Inet6AddressImpl.lookupHostByName(Inet6AddressImpl.java:156)
	at java.net.Inet6AddressImpl.lookupAllHostAddr(Inet6AddressImpl.java:103)
	at java.net.InetAddress.getAllByName(InetAddress.java:1152)
	at wf5.b(r8-map-id-fc73651334f76fbacb9920b2bd292de61c7927b00aa67b5cad751dd660dc3e6f:393)
	at m92.d(r8-map-id-fc73651334f76fbacb9920b2bd292de61c7927b00aa67b5cad751dd660dc3e6f:12)
	at m92.a(r8-map-id-fc73651334f76fbacb9920b2bd292de61c7927b00aa67b5cad751dd660dc3e6f:77)
	at uc0.a(r8-map-id-fc73651334f76fbacb9920b2bd292de61c7927b00aa67b5cad751dd660dc3e6f:455)
	at sf5.b(r8-map-id-fc73651334f76fbacb9920b2bd292de61c7927b00aa67b5cad751dd660dc3e6f:104)
	at uc0.a(r8-map-id-fc73651334f76fbacb9920b2bd292de61c7927b00aa67b5cad751dd660dc3e6f:151)
	at sf5.b(r8-map-id-fc73651334f76fbacb9920b2bd292de61c7927b00aa67b5cad751dd660dc3e6f:104)
	at b70.a(r8-map-id-fc73651334f76fbacb9920b2bd292de61c7927b00aa67b5cad751dd660dc3e6f:586)
	at sf5.b(r8-map-id-fc73651334f76fbacb9920b2bd292de61c7927b00aa67b5cad751dd660dc3e6f:104)
	at b70.a(r8-map-id-fc73651334f76fbacb9920b2bd292de61c7927b00aa67b5cad751dd660dc3e6f:215)
	at sf5.b(r8-map-id-fc73651334f76fbacb9920b2bd292de61c7927b00aa67b5cad751dd660dc3e6f:104)
	at jf5.g(r8-map-id-fc73651334f76fbacb9920b2bd292de61c7927b00aa67b5cad751dd660dc3e6f:92)
	at gf5.run(r8-map-id-fc73651334f76fbacb9920b2bd292de61c7927b00aa67b5cad751dd660dc3e6f:42)
	at java.util.concurrent.ThreadPoolExecutor.runWorker(ThreadPoolExecutor.java:1154)
	at java.util.concurrent.ThreadPoolExecutor$Worker.run(ThreadPoolExecutor.java:652)
	at java.lang.Thread.run(Thread.java:1564)
Caused by: android.system.GaiException: android_getaddrinfo failed: EAI_NODATA (No address associated with hostname)
	at libcore.io.Linux.android_getaddrinfo(Native Method)
	at libcore.io.ForwardingOs.android_getaddrinfo(ForwardingOs.java:134)
	at libcore.io.BlockGuardOs.android_getaddrinfo(BlockGuardOs.java:222)
	at libcore.io.ForwardingOs.android_getaddrinfo(ForwardingOs.java:134)
	at java.net.Inet6AddressImpl.lookupHostByName(Inet6AddressImpl.java:135)
	... 18 more

2026-04-07T17:42:28.889779Z Warn: WebSocket disconnected, retrying in 5000ms
2026-04-07T17:43:12.028115Z Info: Delay completed, reconnecting...
2026-04-07T17:43:12.029047Z Info: Connecting to WebSocket at wss://michael.seifert.page/api/apps/v1/notify/ws
2026-04-07T17:43:12.044282Z Error: WebSocket connect failed Unable to resolve host "michael.seifert.page": No address associated with hostname
java.net.UnknownHostException: Unable to resolve host "michael.seifert.page": No address associated with hostname
	at java.net.Inet6AddressImpl.lookupHostByName(Inet6AddressImpl.java:156)
	at java.net.Inet6AddressImpl.lookupAllHostAddr(Inet6AddressImpl.java:103)
	at java.net.InetAddress.getAllByName(InetAddress.java:1152)
	at wf5.b(r8-map-id-fc73651334f76fbacb9920b2bd292de61c7927b00aa67b5cad751dd660dc3e6f:393)
	at m92.d(r8-map-id-fc73651334f76fbacb9920b2bd292de61c7927b00aa67b5cad751dd660dc3e6f:12)
	at m92.a(r8-map-id-fc73651334f76fbacb9920b2bd292de61c7927b00aa67b5cad751dd660dc3e6f:77)
	at uc0.a(r8-map-id-fc73651334f76fbacb9920b2bd292de61c7927b00aa67b5cad751dd660dc3e6f:455)
	at sf5.b(r8-map-id-fc73651334f76fbacb9920b2bd292de61c7927b00aa67b5cad751dd660dc3e6f:104)
	at uc0.a(r8-map-id-fc73651334f76fbacb9920b2bd292de61c7927b00aa67b5cad751dd660dc3e6f:151)
	at sf5.b(r8-map-id-fc73651334f76fbacb9920b2bd292de61c7927b00aa67b5cad751dd660dc3e6f:104)
	at b70.a(r8-map-id-fc73651334f76fbacb9920b2bd292de61c7927b00aa67b5cad751dd660dc3e6f:586)
	at sf5.b(r8-map-id-fc73651334f76fbacb9920b2bd292de61c7927b00aa67b5cad751dd660dc3e6f:104)
	at b70.a(r8-map-id-fc73651334f76fbacb9920b2bd292de61c7927b00aa67b5cad751dd660dc3e6f:215)
	at sf5.b(r8-map-id-fc73651334f76fbacb9920b2bd292de61c7927b00aa67b5cad751dd660dc3e6f:104)
	at jf5.g(r8-map-id-fc73651334f76fbacb9920b2bd292de61c7927b00aa67b5cad751dd660dc3e6f:92)
	at gf5.run(r8-map-id-fc73651334f76fbacb9920b2bd292de61c7927b00aa67b5cad751dd660dc3e6f:42)
	at java.util.concurrent.ThreadPoolExecutor.runWorker(ThreadPoolExecutor.java:1154)
	at java.util.concurrent.ThreadPoolExecutor$Worker.run(ThreadPoolExecutor.java:652)
	at java.lang.Thread.run(Thread.java:1564)
Caused by: android.system.GaiException: android_getaddrinfo failed: EAI_NODATA (No address associated with hostname)
	at libcore.io.Linux.android_getaddrinfo(Native Method)
	at libcore.io.ForwardingOs.android_getaddrinfo(ForwardingOs.java:134)
	at libcore.io.BlockGuardOs.android_getaddrinfo(BlockGuardOs.java:222)
	at libcore.io.ForwardingOs.android_getaddrinfo(ForwardingOs.java:134)
	at java.net.Inet6AddressImpl.lookupHostByName(Inet6AddressImpl.java:135)
	... 18 more

2026-04-07T17:43:12.051721Z Warn: WebSocket disconnected, retrying in 5000ms
2026-04-07T17:44:08.936147Z Info: Delay completed, reconnecting...
2026-04-07T17:44:08.937823Z Info: Connecting to WebSocket at wss://michael.seifert.page/api/apps/v1/notify/ws
2026-04-07T17:44:08.945879Z Error: WebSocket connect failed Unable to resolve host "michael.seifert.page": No address associated with hostname
java.net.UnknownHostException: Unable to resolve host "michael.seifert.page": No address associated with hostname
	at java.net.Inet6AddressImpl.lookupHostByName(Inet6AddressImpl.java:156)
	at java.net.Inet6AddressImpl.lookupAllHostAddr(Inet6AddressImpl.java:103)
	at java.net.InetAddress.getAllByName(InetAddress.java:1152)
	at wf5.b(r8-map-id-fc73651334f76fbacb9920b2bd292de61c7927b00aa67b5cad751dd660dc3e6f:393)
	at m92.d(r8-map-id-fc73651334f76fbacb9920b2bd292de61c7927b00aa67b5cad751dd660dc3e6f:12)
	at m92.a(r8-map-id-fc73651334f76fbacb9920b2bd292de61c7927b00aa67b5cad751dd660dc3e6f:77)
	at uc0.a(r8-map-id-fc73651334f76fbacb9920b2bd292de61c7927b00aa67b5cad751dd660dc3e6f:455)
	at sf5.b(r8-map-id-fc73651334f76fbacb9920b2bd292de61c7927b00aa67b5cad751dd660dc3e6f:104)
	at uc0.a(r8-map-id-fc73651334f76fbacb9920b2bd292de61c7927b00aa67b5cad751dd660dc3e6f:151)
	at sf5.b(r8-map-id-fc73651334f76fbacb9920b2bd292de61c7927b00aa67b5cad751dd660dc3e6f:104)
	at b70.a(r8-map-id-fc73651334f76fbacb9920b2bd292de61c7927b00aa67b5cad751dd660dc3e6f:586)
	at sf5.b(r8-map-id-fc73651334f76fbacb9920b2bd292de61c7927b00aa67b5cad751dd660dc3e6f:104)
	at b70.a(r8-map-id-fc73651334f76fbacb9920b2bd292de61c7927b00aa67b5cad751dd660dc3e6f:215)
	at sf5.b(r8-map-id-fc73651334f76fbacb9920b2bd292de61c7927b00aa67b5cad751dd660dc3e6f:104)
	at jf5.g(r8-map-id-fc73651334f76fbacb9920b2bd292de61c7927b00aa67b5cad751dd660dc3e6f:92)
	at gf5.run(r8-map-id-fc73651334f76fbacb9920b2bd292de61c7927b00aa67b5cad751dd660dc3e6f:42)
	at java.util.concurrent.ThreadPoolExecutor.runWorker(ThreadPoolExecutor.java:1154)
	at java.util.concurrent.ThreadPoolExecutor$Worker.run(ThreadPoolExecutor.java:652)
	at java.lang.Thread.run(Thread.java:1564)
Caused by: android.system.GaiException: android_getaddrinfo failed: EAI_NODATA (No address associated with hostname)
	at libcore.io.Linux.android_getaddrinfo(Native Method)
	at libcore.io.ForwardingOs.android_getaddrinfo(ForwardingOs.java:134)
	at libcore.io.BlockGuardOs.android_getaddrinfo(BlockGuardOs.java:222)
	at libcore.io.ForwardingOs.android_getaddrinfo(ForwardingOs.java:134)
	at java.net.Inet6AddressImpl.lookupHostByName(Inet6AddressImpl.java:135)
	... 18 more

2026-04-07T17:44:08.947046Z Warn: WebSocket disconnected, retrying in 5000ms
2026-04-07T17:44:59.618978Z Info: Delay completed, reconnecting...
2026-04-07T17:44:59.623388Z Info: Connecting to WebSocket at wss://michael.seifert.page/api/apps/v1/notify/ws
2026-04-07T17:44:59.650865Z Error: WebSocket connect failed Unable to resolve host "michael.seifert.page": No address associated with hostname
java.net.UnknownHostException: Unable to resolve host "michael.seifert.page": No address associated with hostname
	at java.net.Inet6AddressImpl.lookupHostByName(Inet6AddressImpl.java:156)
	at java.net.Inet6AddressImpl.lookupAllHostAddr(Inet6AddressImpl.java:103)
	at java.net.InetAddress.getAllByName(InetAddress.java:1152)
	at wf5.b(r8-map-id-fc73651334f76fbacb9920b2bd292de61c7927b00aa67b5cad751dd660dc3e6f:393)
	at m92.d(r8-map-id-fc73651334f76fbacb9920b2bd292de61c7927b00aa67b5cad751dd660dc3e6f:12)
	at m92.a(r8-map-id-fc73651334f76fbacb9920b2bd292de61c7927b00aa67b5cad751dd660dc3e6f:77)
	at uc0.a(r8-map-id-fc73651334f76fbacb9920b2bd292de61c7927b00aa67b5cad751dd660dc3e6f:455)
	at sf5.b(r8-map-id-fc73651334f76fbacb9920b2bd292de61c7927b00aa67b5cad751dd660dc3e6f:104)
	at uc0.a(r8-map-id-fc73651334f76fbacb9920b2bd292de61c7927b00aa67b5cad751dd660dc3e6f:151)
	at sf5.b(r8-map-id-fc73651334f76fbacb9920b2bd292de61c7927b00aa67b5cad751dd660dc3e6f:104)
	at b70.a(r8-map-id-fc73651334f76fbacb9920b2bd292de61c7927b00aa67b5cad751dd660dc3e6f:586)
	at sf5.b(r8-map-id-fc73651334f76fbacb9920b2bd292de61c7927b00aa67b5cad751dd660dc3e6f:104)
	at b70.a(r8-map-id-fc73651334f76fbacb9920b2bd292de61c7927b00aa67b5cad751dd660dc3e6f:215)
	at sf5.b(r8-map-id-fc73651334f76fbacb9920b2bd292de61c7927b00aa67b5cad751dd660dc3e6f:104)
	at jf5.g(r8-map-id-fc73651334f76fbacb9920b2bd292de61c7927b00aa67b5cad751dd660dc3e6f:92)
	at gf5.run(r8-map-id-fc73651334f76fbacb9920b2bd292de61c7927b00aa67b5cad751dd660dc3e6f:42)
	at java.util.concurrent.ThreadPoolExecutor.runWorker(ThreadPoolExecutor.java:1154)
	at java.util.concurrent.ThreadPoolExecutor$Worker.run(ThreadPoolExecutor.java:652)
	at java.lang.Thread.run(Thread.java:1564)
Caused by: android.system.GaiException: android_getaddrinfo failed: EAI_NODATA (No address associated with hostname)
	at libcore.io.Linux.android_getaddrinfo(Native Method)
	at libcore.io.ForwardingOs.android_getaddrinfo(ForwardingOs.java:134)
	at libcore.io.BlockGuardOs.android_getaddrinfo(BlockGuardOs.java:222)
	at libcore.io.ForwardingOs.android_getaddrinfo(ForwardingOs.java:134)
	at java.net.Inet6AddressImpl.lookupHostByName(Inet6AddressImpl.java:135)
	... 18 more

2026-04-07T17:44:59.65419Z Warn: WebSocket disconnected, retrying in 5000ms
2026-04-07T17:45:10.941647Z Info: Delay completed, reconnecting...
2026-04-07T17:45:10.943575Z Info: Connecting to WebSocket at wss://michael.seifert.page/api/apps/v1/notify/ws
2026-04-07T17:45:10.956912Z Error: WebSocket connect failed Unable to resolve host "michael.seifert.page": No address associated with hostname
java.net.UnknownHostException: Unable to resolve host "michael.seifert.page": No address associated with hostname
	at java.net.Inet6AddressImpl.lookupHostByName(Inet6AddressImpl.java:156)
	at java.net.Inet6AddressImpl.lookupAllHostAddr(Inet6AddressImpl.java:103)
	at java.net.InetAddress.getAllByName(InetAddress.java:1152)
	at wf5.b(r8-map-id-fc73651334f76fbacb9920b2bd292de61c7927b00aa67b5cad751dd660dc3e6f:393)
	at m92.d(r8-map-id-fc73651334f76fbacb9920b2bd292de61c7927b00aa67b5cad751dd660dc3e6f:12)
	at m92.a(r8-map-id-fc73651334f76fbacb9920b2bd292de61c7927b00aa67b5cad751dd660dc3e6f:77)
	at uc0.a(r8-map-id-fc73651334f76fbacb9920b2bd292de61c7927b00aa67b5cad751dd660dc3e6f:455)
	at sf5.b(r8-map-id-fc73651334f76fbacb9920b2bd292de61c7927b00aa67b5cad751dd660dc3e6f:104)
	at uc0.a(r8-map-id-fc73651334f76fbacb9920b2bd292de61c7927b00aa67b5cad751dd660dc3e6f:151)
	at sf5.b(r8-map-id-fc73651334f76fbacb9920b2bd292de61c7927b00aa67b5cad751dd660dc3e6f:104)
	at b70.a(r8-map-id-fc73651334f76fbacb9920b2bd292de61c7927b00aa67b5cad751dd660dc3e6f:586)
	at sf5.b(r8-map-id-fc73651334f76fbacb9920b2bd292de61c7927b00aa67b5cad751dd660dc3e6f:104)
	at b70.a(r8-map-id-fc73651334f76fbacb9920b2bd292de61c7927b00aa67b5cad751dd660dc3e6f:215)
	at sf5.b(r8-map-id-fc73651334f76fbacb9920b2bd292de61c7927b00aa67b5cad751dd660dc3e6f:104)
	at jf5.g(r8-map-id-fc73651334f76fbacb9920b2bd292de61c7927b00aa67b5cad751dd660dc3e6f:92)
	at gf5.run(r8-map-id-fc73651334f76fbacb9920b2bd292de61c7927b00aa67b5cad751dd660dc3e6f:42)
	at java.util.concurrent.ThreadPoolExecutor.runWorker(ThreadPoolExecutor.java:1154)
	at java.util.concurrent.ThreadPoolExecutor$Worker.run(ThreadPoolExecutor.java:652)
	at java.lang.Thread.run(Thread.java:1564)
Caused by: android.system.GaiException: android_getaddrinfo failed: EAI_NODATA (No address associated with hostname)
	at libcore.io.Linux.android_getaddrinfo(Native Method)
	at libcore.io.ForwardingOs.android_getaddrinfo(ForwardingOs.java:134)
	at libcore.io.BlockGuardOs.android_getaddrinfo(BlockGuardOs.java:222)
	at libcore.io.ForwardingOs.android_getaddrinfo(ForwardingOs.java:134)
	at java.net.Inet6AddressImpl.lookupHostByName(Inet6AddressImpl.java:135)
	... 18 more

2026-04-07T17:45:10.958216Z Warn: WebSocket disconnected, retrying in 5000ms
2026-04-07T17:45:15.907955Z Info: Delay completed, reconnecting...
2026-04-07T17:45:15.923862Z Info: Connecting to WebSocket at wss://michael.seifert.page/api/apps/v1/notify/ws
2026-04-07T17:45:15.971486Z Error: WebSocket connect failed Unable to resolve host "michael.seifert.page": No address associated with hostname
java.net.UnknownHostException: Unable to resolve host "michael.seifert.page": No address associated with hostname
	at java.net.Inet6AddressImpl.lookupHostByName(Inet6AddressImpl.java:156)
	at java.net.Inet6AddressImpl.lookupAllHostAddr(Inet6AddressImpl.java:103)
	at java.net.InetAddress.getAllByName(InetAddress.java:1152)
	at wf5.b(r8-map-id-fc73651334f76fbacb9920b2bd292de61c7927b00aa67b5cad751dd660dc3e6f:393)
	at m92.d(r8-map-id-fc73651334f76fbacb9920b2bd292de61c7927b00aa67b5cad751dd660dc3e6f:12)
	at m92.a(r8-map-id-fc73651334f76fbacb9920b2bd292de61c7927b00aa67b5cad751dd660dc3e6f:77)
	at uc0.a(r8-map-id-fc73651334f76fbacb9920b2bd292de61c7927b00aa67b5cad751dd660dc3e6f:455)
	at sf5.b(r8-map-id-fc73651334f76fbacb9920b2bd292de61c7927b00aa67b5cad751dd660dc3e6f:104)
	at uc0.a(r8-map-id-fc73651334f76fbacb9920b2bd292de61c7927b00aa67b5cad751dd660dc3e6f:151)
	at sf5.b(r8-map-id-fc73651334f76fbacb9920b2bd292de61c7927b00aa67b5cad751dd660dc3e6f:104)
	at b70.a(r8-map-id-fc73651334f76fbacb9920b2bd292de61c7927b00aa67b5cad751dd660dc3e6f:586)
	at sf5.b(r8-map-id-fc73651334f76fbacb9920b2bd292de61c7927b00aa67b5cad751dd660dc3e6f:104)
	at b70.a(r8-map-id-fc73651334f76fbacb9920b2bd292de61c7927b00aa67b5cad751dd660dc3e6f:215)
	at sf5.b(r8-map-id-fc73651334f76fbacb9920b2bd292de61c7927b00aa67b5cad751dd660dc3e6f:104)
	at jf5.g(r8-map-id-fc73651334f76fbacb9920b2bd292de61c7927b00aa67b5cad751dd660dc3e6f:92)
	at gf5.run(r8-map-id-fc73651334f76fbacb9920b2bd292de61c7927b00aa67b5cad751dd660dc3e6f:42)
	at java.util.concurrent.ThreadPoolExecutor.runWorker(ThreadPoolExecutor.java:1154)
	at java.util.concurrent.ThreadPoolExecutor$Worker.run(ThreadPoolExecutor.java:652)
	at java.lang.Thread.run(Thread.java:1564)
Caused by: android.system.GaiException: android_getaddrinfo failed: EAI_NODATA (No address associated with hostname)
	at libcore.io.Linux.android_getaddrinfo(Native Method)
	at libcore.io.ForwardingOs.android_getaddrinfo(ForwardingOs.java:134)
	at libcore.io.BlockGuardOs.android_getaddrinfo(BlockGuardOs.java:222)
	at libcore.io.ForwardingOs.android_getaddrinfo(ForwardingOs.java:134)
	at java.net.Inet6AddressImpl.lookupHostByName(Inet6AddressImpl.java:135)
	... 18 more

2026-04-07T17:45:15.980429Z Warn: WebSocket disconnected, retrying in 5000ms
2026-04-07T17:45:20.368365Z Info: Delay completed, reconnecting...
2026-04-07T17:45:20.379651Z Info: Connecting to WebSocket at wss://michael.seifert.page/api/apps/v1/notify/ws
2026-04-07T17:45:20.43335Z Error: WebSocket connect failed Unable to resolve host "michael.seifert.page": No address associated with hostname
java.net.UnknownHostException: Unable to resolve host "michael.seifert.page": No address associated with hostname
	at java.net.Inet6AddressImpl.lookupHostByName(Inet6AddressImpl.java:156)
	at java.net.Inet6AddressImpl.lookupAllHostAddr(Inet6AddressImpl.java:103)
	at java.net.InetAddress.getAllByName(InetAddress.java:1152)
	at wf5.b(r8-map-id-fc73651334f76fbacb9920b2bd292de61c7927b00aa67b5cad751dd660dc3e6f:393)
	at m92.d(r8-map-id-fc73651334f76fbacb9920b2bd292de61c7927b00aa67b5cad751dd660dc3e6f:12)
	at m92.a(r8-map-id-fc73651334f76fbacb9920b2bd292de61c7927b00aa67b5cad751dd660dc3e6f:77)
	at uc0.a(r8-map-id-fc73651334f76fbacb9920b2bd292de61c7927b00aa67b5cad751dd660dc3e6f:455)
	at sf5.b(r8-map-id-fc73651334f76fbacb9920b2bd292de61c7927b00aa67b5cad751dd660dc3e6f:104)
	at uc0.a(r8-map-id-fc73651334f76fbacb9920b2bd292de61c7927b00aa67b5cad751dd660dc3e6f:151)
	at sf5.b(r8-map-id-fc73651334f76fbacb9920b2bd292de61c7927b00aa67b5cad751dd660dc3e6f:104)
	at b70.a(r8-map-id-fc73651334f76fbacb9920b2bd292de61c7927b00aa67b5cad751dd660dc3e6f:586)
	at sf5.b(r8-map-id-fc73651334f76fbacb9920b2bd292de61c7927b00aa67b5cad751dd660dc3e6f:104)
	at b70.a(r8-map-id-fc73651334f76fbacb9920b2bd292de61c7927b00aa67b5cad751dd660dc3e6f:215)
	at sf5.b(r8-map-id-fc73651334f76fbacb9920b2bd292de61c7927b00aa67b5cad751dd660dc3e6f:104)
	at jf5.g(r8-map-id-fc73651334f76fbacb9920b2bd292de61c7927b00aa67b5cad751dd660dc3e6f:92)
	at gf5.run(r8-map-id-fc73651334f76fbacb9920b2bd292de61c7927b00aa67b5cad751dd660dc3e6f:42)
	at java.util.concurrent.ThreadPoolExecutor.runWorker(ThreadPoolExecutor.java:1154)
	at java.util.concurrent.ThreadPoolExecutor$Worker.run(ThreadPoolExecutor.java:652)
	at java.lang.Thread.run(Thread.java:1564)
Caused by: android.system.GaiException: android_getaddrinfo failed: EAI_NODATA (No address associated with hostname)
	at libcore.io.Linux.android_getaddrinfo(Native Method)
	at libcore.io.ForwardingOs.android_getaddrinfo(ForwardingOs.java:134)
	at libcore.io.BlockGuardOs.android_getaddrinfo(BlockGuardOs.java:222)
	at libcore.io.ForwardingOs.android_getaddrinfo(ForwardingOs.java:134)
	at java.net.Inet6AddressImpl.lookupHostByName(Inet6AddressImpl.java:135)
	... 18 more

2026-04-07T17:45:20.437427Z Warn: WebSocket disconnected, retrying in 5000ms
2026-04-07T17:46:10.457134Z Info: Delay completed, reconnecting...
2026-04-07T17:46:10.460981Z Info: Connecting to WebSocket at wss://michael.seifert.page/api/apps/v1/notify/ws
2026-04-07T17:46:10.477172Z Error: WebSocket connect failed Unable to resolve host "michael.seifert.page": No address associated with hostname
java.net.UnknownHostException: Unable to resolve host "michael.seifert.page": No address associated with hostname
	at java.net.Inet6AddressImpl.lookupHostByName(Inet6AddressImpl.java:156)
	at java.net.Inet6AddressImpl.lookupAllHostAddr(Inet6AddressImpl.java:103)
	at java.net.InetAddress.getAllByName(InetAddress.java:1152)
	at wf5.b(r8-map-id-fc73651334f76fbacb9920b2bd292de61c7927b00aa67b5cad751dd660dc3e6f:393)
	at m92.d(r8-map-id-fc73651334f76fbacb9920b2bd292de61c7927b00aa67b5cad751dd660dc3e6f:12)
	at m92.a(r8-map-id-fc73651334f76fbacb9920b2bd292de61c7927b00aa67b5cad751dd660dc3e6f:77)
	at uc0.a(r8-map-id-fc73651334f76fbacb9920b2bd292de61c7927b00aa67b5cad751dd660dc3e6f:455)
	at sf5.b(r8-map-id-fc73651334f76fbacb9920b2bd292de61c7927b00aa67b5cad751dd660dc3e6f:104)
	at uc0.a(r8-map-id-fc73651334f76fbacb9920b2bd292de61c7927b00aa67b5cad751dd660dc3e6f:151)
	at sf5.b(r8-map-id-fc73651334f76fbacb9920b2bd292de61c7927b00aa67b5cad751dd660dc3e6f:104)
	at b70.a(r8-map-id-fc73651334f76fbacb9920b2bd292de61c7927b00aa67b5cad751dd660dc3e6f:586)
	at sf5.b(r8-map-id-fc73651334f76fbacb9920b2bd292de61c7927b00aa67b5cad751dd660dc3e6f:104)
	at b70.a(r8-map-id-fc73651334f76fbacb9920b2bd292de61c7927b00aa67b5cad751dd660dc3e6f:215)
	at sf5.b(r8-map-id-fc73651334f76fbacb9920b2bd292de61c7927b00aa67b5cad751dd660dc3e6f:104)
	at jf5.g(r8-map-id-fc73651334f76fbacb9920b2bd292de61c7927b00aa67b5cad751dd660dc3e6f:92)
	at gf5.run(r8-map-id-fc73651334f76fbacb9920b2bd292de61c7927b00aa67b5cad751dd660dc3e6f:42)
	at java.util.concurrent.ThreadPoolExecutor.runWorker(ThreadPoolExecutor.java:1154)
	at java.util.concurrent.ThreadPoolExecutor$Worker.run(ThreadPoolExecutor.java:652)
	at java.lang.Thread.run(Thread.java:1564)
Caused by: android.system.GaiException: android_getaddrinfo failed: EAI_NODATA (No address associated with hostname)
	at libcore.io.Linux.android_getaddrinfo(Native Method)
	at libcore.io.ForwardingOs.android_getaddrinfo(ForwardingOs.java:134)
	at libcore.io.BlockGuardOs.android_getaddrinfo(BlockGuardOs.java:222)
	at libcore.io.ForwardingOs.android_getaddrinfo(ForwardingOs.java:134)
	at java.net.Inet6AddressImpl.lookupHostByName(Inet6AddressImpl.java:135)
	... 18 more

2026-04-07T17:46:10.479117Z Warn: WebSocket disconnected, retrying in 5000ms
2026-04-07T17:46:36.32843Z Info: Delay completed, reconnecting...
2026-04-07T17:46:36.334936Z Info: Connecting to WebSocket at wss://michael.seifert.page/api/apps/v1/notify/ws
2026-04-07T17:46:36.360322Z Error: WebSocket connect failed Unable to resolve host "michael.seifert.page": No address associated with hostname
java.net.UnknownHostException: Unable to resolve host "michael.seifert.page": No address associated with hostname
	at java.net.Inet6AddressImpl.lookupHostByName(Inet6AddressImpl.java:156)
	at java.net.Inet6AddressImpl.lookupAllHostAddr(Inet6AddressImpl.java:103)
	at java.net.InetAddress.getAllByName(InetAddress.java:1152)
	at wf5.b(r8-map-id-fc73651334f76fbacb9920b2bd292de61c7927b00aa67b5cad751dd660dc3e6f:393)
	at m92.d(r8-map-id-fc73651334f76fbacb9920b2bd292de61c7927b00aa67b5cad751dd660dc3e6f:12)
	at m92.a(r8-map-id-fc73651334f76fbacb9920b2bd292de61c7927b00aa67b5cad751dd660dc3e6f:77)
	at uc0.a(r8-map-id-fc73651334f76fbacb9920b2bd292de61c7927b00aa67b5cad751dd660dc3e6f:455)
	at sf5.b(r8-map-id-fc73651334f76fbacb9920b2bd292de61c7927b00aa67b5cad751dd660dc3e6f:104)
	at uc0.a(r8-map-id-fc73651334f76fbacb9920b2bd292de61c7927b00aa67b5cad751dd660dc3e6f:151)
	at sf5.b(r8-map-id-fc73651334f76fbacb9920b2bd292de61c7927b00aa67b5cad751dd660dc3e6f:104)
	at b70.a(r8-map-id-fc73651334f76fbacb9920b2bd292de61c7927b00aa67b5cad751dd660dc3e6f:586)
	at sf5.b(r8-map-id-fc73651334f76fbacb9920b2bd292de61c7927b00aa67b5cad751dd660dc3e6f:104)
	at b70.a(r8-map-id-fc73651334f76fbacb9920b2bd292de61c7927b00aa67b5cad751dd660dc3e6f:215)
	at sf5.b(r8-map-id-fc73651334f76fbacb9920b2bd292de61c7927b00aa67b5cad751dd660dc3e6f:104)
	at jf5.g(r8-map-id-fc73651334f76fbacb9920b2bd292de61c7927b00aa67b5cad751dd660dc3e6f:92)
	at gf5.run(r8-map-id-fc73651334f76fbacb9920b2bd292de61c7927b00aa67b5cad751dd660dc3e6f:42)
	at java.util.concurrent.ThreadPoolExecutor.runWorker(ThreadPoolExecutor.java:1154)
	at java.util.concurrent.ThreadPoolExecutor$Worker.run(ThreadPoolExecutor.java:652)
	at java.lang.Thread.run(Thread.java:1564)
Caused by: android.system.GaiException: android_getaddrinfo failed: EAI_NODATA (No address associated with hostname)
	at libcore.io.Linux.android_getaddrinfo(Native Method)
	at libcore.io.ForwardingOs.android_getaddrinfo(ForwardingOs.java:134)
	at libcore.io.BlockGuardOs.android_getaddrinfo(BlockGuardOs.java:222)
	at libcore.io.ForwardingOs.android_getaddrinfo(ForwardingOs.java:134)
	at java.net.Inet6AddressImpl.lookupHostByName(Inet6AddressImpl.java:135)
	... 18 more

2026-04-07T17:46:36.364054Z Warn: WebSocket disconnected, retrying in 5000ms
2026-04-07T17:47:44.444002Z Info: Delay completed, reconnecting...
2026-04-07T17:47:44.446284Z Info: Connecting to WebSocket at wss://michael.seifert.page/api/apps/v1/notify/ws
2026-04-07T17:47:44.456105Z Error: WebSocket connect failed Unable to resolve host "michael.seifert.page": No address associated with hostname
java.net.UnknownHostException: Unable to resolve host "michael.seifert.page": No address associated with hostname
	at java.net.Inet6AddressImpl.lookupHostByName(Inet6AddressImpl.java:156)
	at java.net.Inet6AddressImpl.lookupAllHostAddr(Inet6AddressImpl.java:103)
	at java.net.InetAddress.getAllByName(InetAddress.java:1152)
	at wf5.b(r8-map-id-fc73651334f76fbacb9920b2bd292de61c7927b00aa67b5cad751dd660dc3e6f:393)
	at m92.d(r8-map-id-fc73651334f76fbacb9920b2bd292de61c7927b00aa67b5cad751dd660dc3e6f:12)
	at m92.a(r8-map-id-fc73651334f76fbacb9920b2bd292de61c7927b00aa67b5cad751dd660dc3e6f:77)
	at uc0.a(r8-map-id-fc73651334f76fbacb9920b2bd292de61c7927b00aa67b5cad751dd660dc3e6f:455)
	at sf5.b(r8-map-id-fc73651334f76fbacb9920b2bd292de61c7927b00aa67b5cad751dd660dc3e6f:104)
	at uc0.a(r8-map-id-fc73651334f76fbacb9920b2bd292de61c7927b00aa67b5cad751dd660dc3e6f:151)
	at sf5.b(r8-map-id-fc73651334f76fbacb9920b2bd292de61c7927b00aa67b5cad751dd660dc3e6f:104)
	at b70.a(r8-map-id-fc73651334f76fbacb9920b2bd292de61c7927b00aa67b5cad751dd660dc3e6f:586)
	at sf5.b(r8-map-id-fc73651334f76fbacb9920b2bd292de61c7927b00aa67b5cad751dd660dc3e6f:104)
	at b70.a(r8-map-id-fc73651334f76fbacb9920b2bd292de61c7927b00aa67b5cad751dd660dc3e6f:215)
	at sf5.b(r8-map-id-fc73651334f76fbacb9920b2bd292de61c7927b00aa67b5cad751dd660dc3e6f:104)
	at jf5.g(r8-map-id-fc73651334f76fbacb9920b2bd292de61c7927b00aa67b5cad751dd660dc3e6f:92)
	at gf5.run(r8-map-id-fc73651334f76fbacb9920b2bd292de61c7927b00aa67b5cad751dd660dc3e6f:42)
	at java.util.concurrent.ThreadPoolExecutor.runWorker(ThreadPoolExecutor.java:1154)
	at java.util.concurrent.ThreadPoolExecutor$Worker.run(ThreadPoolExecutor.java:652)
	at java.lang.Thread.run(Thread.java:1564)
Caused by: android.system.GaiException: android_getaddrinfo failed: EAI_NODATA (No address associated with hostname)
	at libcore.io.Linux.android_getaddrinfo(Native Method)
	at libcore.io.ForwardingOs.android_getaddrinfo(ForwardingOs.java:134)
	at libcore.io.BlockGuardOs.android_getaddrinfo(BlockGuardOs.java:222)
	at libcore.io.ForwardingOs.android_getaddrinfo(ForwardingOs.java:134)
	at java.net.Inet6AddressImpl.lookupHostByName(Inet6AddressImpl.java:135)
	... 18 more

2026-04-07T17:47:44.45768Z Warn: WebSocket disconnected, retrying in 5000ms
2026-04-07T17:49:19.279063Z Info: Delay completed, reconnecting...
2026-04-07T17:49:19.289489Z Info: Connecting to WebSocket at wss://michael.seifert.page/api/apps/v1/notify/ws
2026-04-07T17:49:19.313687Z Error: WebSocket connect failed Unable to resolve host "michael.seifert.page": No address associated with hostname
java.net.UnknownHostException: Unable to resolve host "michael.seifert.page": No address associated with hostname
	at java.net.Inet6AddressImpl.lookupHostByName(Inet6AddressImpl.java:156)
	at java.net.Inet6AddressImpl.lookupAllHostAddr(Inet6AddressImpl.java:103)
	at java.net.InetAddress.getAllByName(InetAddress.java:1152)
	at wf5.b(r8-map-id-fc73651334f76fbacb9920b2bd292de61c7927b00aa67b5cad751dd660dc3e6f:393)
	at m92.d(r8-map-id-fc73651334f76fbacb9920b2bd292de61c7927b00aa67b5cad751dd660dc3e6f:12)
	at m92.a(r8-map-id-fc73651334f76fbacb9920b2bd292de61c7927b00aa67b5cad751dd660dc3e6f:77)
	at uc0.a(r8-map-id-fc73651334f76fbacb9920b2bd292de61c7927b00aa67b5cad751dd660dc3e6f:455)
	at sf5.b(r8-map-id-fc73651334f76fbacb9920b2bd292de61c7927b00aa67b5cad751dd660dc3e6f:104)
	at uc0.a(r8-map-id-fc73651334f76fbacb9920b2bd292de61c7927b00aa67b5cad751dd660dc3e6f:151)
	at sf5.b(r8-map-id-fc73651334f76fbacb9920b2bd292de61c7927b00aa67b5cad751dd660dc3e6f:104)
	at b70.a(r8-map-id-fc73651334f76fbacb9920b2bd292de61c7927b00aa67b5cad751dd660dc3e6f:586)
	at sf5.b(r8-map-id-fc73651334f76fbacb9920b2bd292de61c7927b00aa67b5cad751dd660dc3e6f:104)
	at b70.a(r8-map-id-fc73651334f76fbacb9920b2bd292de61c7927b00aa67b5cad751dd660dc3e6f:215)
	at sf5.b(r8-map-id-fc73651334f76fbacb9920b2bd292de61c7927b00aa67b5cad751dd660dc3e6f:104)
	at jf5.g(r8-map-id-fc73651334f76fbacb9920b2bd292de61c7927b00aa67b5cad751dd660dc3e6f:92)
	at gf5.run(r8-map-id-fc73651334f76fbacb9920b2bd292de61c7927b00aa67b5cad751dd660dc3e6f:42)
	at java.util.concurrent.ThreadPoolExecutor.runWorker(ThreadPoolExecutor.java:1154)
	at java.util.concurrent.ThreadPoolExecutor$Worker.run(ThreadPoolExecutor.java:652)
	at java.lang.Thread.run(Thread.java:1564)
Caused by: android.system.GaiException: android_getaddrinfo failed: EAI_NODATA (No address associated with hostname)
	at libcore.io.Linux.android_getaddrinfo(Native Method)
	at libcore.io.ForwardingOs.android_getaddrinfo(ForwardingOs.java:134)
	at libcore.io.BlockGuardOs.android_getaddrinfo(BlockGuardOs.java:222)
	at libcore.io.ForwardingOs.android_getaddrinfo(ForwardingOs.java:134)
	at java.net.Inet6AddressImpl.lookupHostByName(Inet6AddressImpl.java:135)
	... 18 more

2026-04-07T17:49:19.318197Z Warn: WebSocket disconnected, retrying in 5000ms
2026-04-07T17:51:06.055515Z Info: Delay completed, reconnecting...
2026-04-07T17:51:06.057108Z Info: Connecting to WebSocket at wss://michael.seifert.page/api/apps/v1/notify/ws
2026-04-07T17:51:06.067451Z Error: WebSocket connect failed Unable to resolve host "michael.seifert.page": No address associated with hostname
java.net.UnknownHostException: Unable to resolve host "michael.seifert.page": No address associated with hostname
	at java.net.Inet6AddressImpl.lookupHostByName(Inet6AddressImpl.java:156)
	at java.net.Inet6AddressImpl.lookupAllHostAddr(Inet6AddressImpl.java:103)
	at java.net.InetAddress.getAllByName(InetAddress.java:1152)
	at wf5.b(r8-map-id-fc73651334f76fbacb9920b2bd292de61c7927b00aa67b5cad751dd660dc3e6f:393)
	at m92.d(r8-map-id-fc73651334f76fbacb9920b2bd292de61c7927b00aa67b5cad751dd660dc3e6f:12)
	at m92.a(r8-map-id-fc73651334f76fbacb9920b2bd292de61c7927b00aa67b5cad751dd660dc3e6f:77)
	at uc0.a(r8-map-id-fc73651334f76fbacb9920b2bd292de61c7927b00aa67b5cad751dd660dc3e6f:455)
	at sf5.b(r8-map-id-fc73651334f76fbacb9920b2bd292de61c7927b00aa67b5cad751dd660dc3e6f:104)
	at uc0.a(r8-map-id-fc73651334f76fbacb9920b2bd292de61c7927b00aa67b5cad751dd660dc3e6f:151)
	at sf5.b(r8-map-id-fc73651334f76fbacb9920b2bd292de61c7927b00aa67b5cad751dd660dc3e6f:104)
	at b70.a(r8-map-id-fc73651334f76fbacb9920b2bd292de61c7927b00aa67b5cad751dd660dc3e6f:586)
	at sf5.b(r8-map-id-fc73651334f76fbacb9920b2bd292de61c7927b00aa67b5cad751dd660dc3e6f:104)
	at b70.a(r8-map-id-fc73651334f76fbacb9920b2bd292de61c7927b00aa67b5cad751dd660dc3e6f:215)
	at sf5.b(r8-map-id-fc73651334f76fbacb9920b2bd292de61c7927b00aa67b5cad751dd660dc3e6f:104)
	at jf5.g(r8-map-id-fc73651334f76fbacb9920b2bd292de61c7927b00aa67b5cad751dd660dc3e6f:92)
	at gf5.run(r8-map-id-fc73651334f76fbacb9920b2bd292de61c7927b00aa67b5cad751dd660dc3e6f:42)
	at java.util.concurrent.ThreadPoolExecutor.runWorker(ThreadPoolExecutor.java:1154)
	at java.util.concurrent.ThreadPoolExecutor$Worker.run(ThreadPoolExecutor.java:652)
	at java.lang.Thread.run(Thread.java:1564)
Caused by: android.system.GaiException: android_getaddrinfo failed: EAI_NODATA (No address associated with hostname)
	at libcore.io.Linux.android_getaddrinfo(Native Method)
	at libcore.io.ForwardingOs.android_getaddrinfo(ForwardingOs.java:134)
	at libcore.io.BlockGuardOs.android_getaddrinfo(BlockGuardOs.java:222)
	at libcore.io.ForwardingOs.android_getaddrinfo(ForwardingOs.java:134)
	at java.net.Inet6AddressImpl.lookupHostByName(Inet6AddressImpl.java:135)
	... 18 more

2026-04-07T17:51:06.070819Z Warn: WebSocket disconnected, retrying in 5000ms
2026-04-07T17:52:55.116838Z Info: Delay completed, reconnecting...
2026-04-07T17:52:55.120466Z Info: Connecting to WebSocket at wss://michael.seifert.page/api/apps/v1/notify/ws
2026-04-07T17:52:55.148633Z Error: WebSocket connect failed Unable to resolve host "michael.seifert.page": No address associated with hostname
java.net.UnknownHostException: Unable to resolve host "michael.seifert.page": No address associated with hostname
	at java.net.Inet6AddressImpl.lookupHostByName(Inet6AddressImpl.java:156)
	at java.net.Inet6AddressImpl.lookupAllHostAddr(Inet6AddressImpl.java:103)
	at java.net.InetAddress.getAllByName(InetAddress.java:1152)
	at wf5.b(r8-map-id-fc73651334f76fbacb9920b2bd292de61c7927b00aa67b5cad751dd660dc3e6f:393)
	at m92.d(r8-map-id-fc73651334f76fbacb9920b2bd292de61c7927b00aa67b5cad751dd660dc3e6f:12)
	at m92.a(r8-map-id-fc73651334f76fbacb9920b2bd292de61c7927b00aa67b5cad751dd660dc3e6f:77)
	at uc0.a(r8-map-id-fc73651334f76fbacb9920b2bd292de61c7927b00aa67b5cad751dd660dc3e6f:455)
	at sf5.b(r8-map-id-fc73651334f76fbacb9920b2bd292de61c7927b00aa67b5cad751dd660dc3e6f:104)
	at uc0.a(r8-map-id-fc73651334f76fbacb9920b2bd292de61c7927b00aa67b5cad751dd660dc3e6f:151)
	at sf5.b(r8-map-id-fc73651334f76fbacb9920b2bd292de61c7927b00aa67b5cad751dd660dc3e6f:104)
	at b70.a(r8-map-id-fc73651334f76fbacb9920b2bd292de61c7927b00aa67b5cad751dd660dc3e6f:586)
	at sf5.b(r8-map-id-fc73651334f76fbacb9920b2bd292de61c7927b00aa67b5cad751dd660dc3e6f:104)
	at b70.a(r8-map-id-fc73651334f76fbacb9920b2bd292de61c7927b00aa67b5cad751dd660dc3e6f:215)
	at sf5.b(r8-map-id-fc73651334f76fbacb9920b2bd292de61c7927b00aa67b5cad751dd660dc3e6f:104)
	at jf5.g(r8-map-id-fc73651334f76fbacb9920b2bd292de61c7927b00aa67b5cad751dd660dc3e6f:92)
	at gf5.run(r8-map-id-fc73651334f76fbacb9920b2bd292de61c7927b00aa67b5cad751dd660dc3e6f:42)
	at java.util.concurrent.ThreadPoolExecutor.runWorker(ThreadPoolExecutor.java:1154)
	at java.util.concurrent.ThreadPoolExecutor$Worker.run(ThreadPoolExecutor.java:652)
	at java.lang.Thread.run(Thread.java:1564)
Caused by: android.system.GaiException: android_getaddrinfo failed: EAI_NODATA (No address associated with hostname)
	at libcore.io.Linux.android_getaddrinfo(Native Method)
	at libcore.io.ForwardingOs.android_getaddrinfo(ForwardingOs.java:134)
	at libcore.io.BlockGuardOs.android_getaddrinfo(BlockGuardOs.java:222)
	at libcore.io.ForwardingOs.android_getaddrinfo(ForwardingOs.java:134)
	at java.net.Inet6AddressImpl.lookupHostByName(Inet6AddressImpl.java:135)
	... 18 more

2026-04-07T17:52:55.151486Z Warn: WebSocket disconnected, retrying in 5000ms
2026-04-07T17:53:48.543675Z Info: Delay completed, reconnecting...
2026-04-07T17:53:48.54866Z Info: Connecting to WebSocket at wss://michael.seifert.page/api/apps/v1/notify/ws
2026-04-07T17:53:48.569857Z Error: WebSocket connect failed Unable to resolve host "michael.seifert.page": No address associated with hostname
java.net.UnknownHostException: Unable to resolve host "michael.seifert.page": No address associated with hostname
	at java.net.Inet6AddressImpl.lookupHostByName(Inet6AddressImpl.java:156)
	at java.net.Inet6AddressImpl.lookupAllHostAddr(Inet6AddressImpl.java:103)
	at java.net.InetAddress.getAllByName(InetAddress.java:1152)
	at wf5.b(r8-map-id-fc73651334f76fbacb9920b2bd292de61c7927b00aa67b5cad751dd660dc3e6f:393)
	at m92.d(r8-map-id-fc73651334f76fbacb9920b2bd292de61c7927b00aa67b5cad751dd660dc3e6f:12)
	at m92.a(r8-map-id-fc73651334f76fbacb9920b2bd292de61c7927b00aa67b5cad751dd660dc3e6f:77)
	at uc0.a(r8-map-id-fc73651334f76fbacb9920b2bd292de61c7927b00aa67b5cad751dd660dc3e6f:455)
	at sf5.b(r8-map-id-fc73651334f76fbacb9920b2bd292de61c7927b00aa67b5cad751dd660dc3e6f:104)
	at uc0.a(r8-map-id-fc73651334f76fbacb9920b2bd292de61c7927b00aa67b5cad751dd660dc3e6f:151)
	at sf5.b(r8-map-id-fc73651334f76fbacb9920b2bd292de61c7927b00aa67b5cad751dd660dc3e6f:104)
	at b70.a(r8-map-id-fc73651334f76fbacb9920b2bd292de61c7927b00aa67b5cad751dd660dc3e6f:586)
	at sf5.b(r8-map-id-fc73651334f76fbacb9920b2bd292de61c7927b00aa67b5cad751dd660dc3e6f:104)
	at b70.a(r8-map-id-fc73651334f76fbacb9920b2bd292de61c7927b00aa67b5cad751dd660dc3e6f:215)
	at sf5.b(r8-map-id-fc73651334f76fbacb9920b2bd292de61c7927b00aa67b5cad751dd660dc3e6f:104)
	at jf5.g(r8-map-id-fc73651334f76fbacb9920b2bd292de61c7927b00aa67b5cad751dd660dc3e6f:92)
	at gf5.run(r8-map-id-fc73651334f76fbacb9920b2bd292de61c7927b00aa67b5cad751dd660dc3e6f:42)
	at java.util.concurrent.ThreadPoolExecutor.runWorker(ThreadPoolExecutor.java:1154)
	at java.util.concurrent.ThreadPoolExecutor$Worker.run(ThreadPoolExecutor.java:652)
	at java.lang.Thread.run(Thread.java:1564)
Caused by: android.system.GaiException: android_getaddrinfo failed: EAI_NODATA (No address associated with hostname)
	at libcore.io.Linux.android_getaddrinfo(Native Method)
	at libcore.io.ForwardingOs.android_getaddrinfo(ForwardingOs.java:134)
	at libcore.io.BlockGuardOs.android_getaddrinfo(BlockGuardOs.java:222)
	at libcore.io.ForwardingOs.android_getaddrinfo(ForwardingOs.java:134)
	at java.net.Inet6AddressImpl.lookupHostByName(Inet6AddressImpl.java:135)
	... 18 more

2026-04-07T17:53:48.572904Z Warn: WebSocket disconnected, retrying in 5000ms
2026-04-07T17:54:52.656805Z Info: Delay completed, reconnecting...
2026-04-07T17:54:52.662882Z Info: Connecting to WebSocket at wss://michael.seifert.page/api/apps/v1/notify/ws
2026-04-07T17:54:52.68606Z Error: WebSocket connect failed Unable to resolve host "michael.seifert.page": No address associated with hostname
java.net.UnknownHostException: Unable to resolve host "michael.seifert.page": No address associated with hostname
	at java.net.Inet6AddressImpl.lookupHostByName(Inet6AddressImpl.java:156)
	at java.net.Inet6AddressImpl.lookupAllHostAddr(Inet6AddressImpl.java:103)
	at java.net.InetAddress.getAllByName(InetAddress.java:1152)
	at wf5.b(r8-map-id-fc73651334f76fbacb9920b2bd292de61c7927b00aa67b5cad751dd660dc3e6f:393)
	at m92.d(r8-map-id-fc73651334f76fbacb9920b2bd292de61c7927b00aa67b5cad751dd660dc3e6f:12)
	at m92.a(r8-map-id-fc73651334f76fbacb9920b2bd292de61c7927b00aa67b5cad751dd660dc3e6f:77)
	at uc0.a(r8-map-id-fc73651334f76fbacb9920b2bd292de61c7927b00aa67b5cad751dd660dc3e6f:455)
	at sf5.b(r8-map-id-fc73651334f76fbacb9920b2bd292de61c7927b00aa67b5cad751dd660dc3e6f:104)
	at uc0.a(r8-map-id-fc73651334f76fbacb9920b2bd292de61c7927b00aa67b5cad751dd660dc3e6f:151)
	at sf5.b(r8-map-id-fc73651334f76fbacb9920b2bd292de61c7927b00aa67b5cad751dd660dc3e6f:104)
	at b70.a(r8-map-id-fc73651334f76fbacb9920b2bd292de61c7927b00aa67b5cad751dd660dc3e6f:586)
	at sf5.b(r8-map-id-fc73651334f76fbacb9920b2bd292de61c7927b00aa67b5cad751dd660dc3e6f:104)
	at b70.a(r8-map-id-fc73651334f76fbacb9920b2bd292de61c7927b00aa67b5cad751dd660dc3e6f:215)
	at sf5.b(r8-map-id-fc73651334f76fbacb9920b2bd292de61c7927b00aa67b5cad751dd660dc3e6f:104)
	at jf5.g(r8-map-id-fc73651334f76fbacb9920b2bd292de61c7927b00aa67b5cad751dd660dc3e6f:92)
	at gf5.run(r8-map-id-fc73651334f76fbacb9920b2bd292de61c7927b00aa67b5cad751dd660dc3e6f:42)
	at java.util.concurrent.ThreadPoolExecutor.runWorker(ThreadPoolExecutor.java:1154)
	at java.util.concurrent.ThreadPoolExecutor$Worker.run(ThreadPoolExecutor.java:652)
	at java.lang.Thread.run(Thread.java:1564)
Caused by: android.system.GaiException: android_getaddrinfo failed: EAI_NODATA (No address associated with hostname)
	at libcore.io.Linux.android_getaddrinfo(Native Method)
	at libcore.io.ForwardingOs.android_getaddrinfo(ForwardingOs.java:134)
	at libcore.io.BlockGuardOs.android_getaddrinfo(BlockGuardOs.java:222)
	at libcore.io.ForwardingOs.android_getaddrinfo(ForwardingOs.java:134)
	at java.net.Inet6AddressImpl.lookupHostByName(Inet6AddressImpl.java:135)
	... 18 more

2026-04-07T17:54:52.690092Z Warn: WebSocket disconnected, retrying in 5000ms
2026-04-07T17:55:15.627828Z Info: Delay completed, reconnecting...
2026-04-07T17:55:15.634612Z Info: Connecting to WebSocket at wss://michael.seifert.page/api/apps/v1/notify/ws
2026-04-07T17:55:15.661108Z Error: WebSocket connect failed Unable to resolve host "michael.seifert.page": No address associated with hostname
java.net.UnknownHostException: Unable to resolve host "michael.seifert.page": No address associated with hostname
	at java.net.Inet6AddressImpl.lookupHostByName(Inet6AddressImpl.java:156)
	at java.net.Inet6AddressImpl.lookupAllHostAddr(Inet6AddressImpl.java:103)
	at java.net.InetAddress.getAllByName(InetAddress.java:1152)
	at wf5.b(r8-map-id-fc73651334f76fbacb9920b2bd292de61c7927b00aa67b5cad751dd660dc3e6f:393)
	at m92.d(r8-map-id-fc73651334f76fbacb9920b2bd292de61c7927b00aa67b5cad751dd660dc3e6f:12)
	at m92.a(r8-map-id-fc73651334f76fbacb9920b2bd292de61c7927b00aa67b5cad751dd660dc3e6f:77)
	at uc0.a(r8-map-id-fc73651334f76fbacb9920b2bd292de61c7927b00aa67b5cad751dd660dc3e6f:455)
	at sf5.b(r8-map-id-fc73651334f76fbacb9920b2bd292de61c7927b00aa67b5cad751dd660dc3e6f:104)
	at uc0.a(r8-map-id-fc73651334f76fbacb9920b2bd292de61c7927b00aa67b5cad751dd660dc3e6f:151)
	at sf5.b(r8-map-id-fc73651334f76fbacb9920b2bd292de61c7927b00aa67b5cad751dd660dc3e6f:104)
	at b70.a(r8-map-id-fc73651334f76fbacb9920b2bd292de61c7927b00aa67b5cad751dd660dc3e6f:586)
	at sf5.b(r8-map-id-fc73651334f76fbacb9920b2bd292de61c7927b00aa67b5cad751dd660dc3e6f:104)
	at b70.a(r8-map-id-fc73651334f76fbacb9920b2bd292de61c7927b00aa67b5cad751dd660dc3e6f:215)
	at sf5.b(r8-map-id-fc73651334f76fbacb9920b2bd292de61c7927b00aa67b5cad751dd660dc3e6f:104)
	at jf5.g(r8-map-id-fc73651334f76fbacb9920b2bd292de61c7927b00aa67b5cad751dd660dc3e6f:92)
	at gf5.run(r8-map-id-fc73651334f76fbacb9920b2bd292de61c7927b00aa67b5cad751dd660dc3e6f:42)
	at java.util.concurrent.ThreadPoolExecutor.runWorker(ThreadPoolExecutor.java:1154)
	at java.util.concurrent.ThreadPoolExecutor$Worker.run(ThreadPoolExecutor.java:652)
	at java.lang.Thread.run(Thread.java:1564)
Caused by: android.system.GaiException: android_getaddrinfo failed: EAI_NODATA (No address associated with hostname)
	at libcore.io.Linux.android_getaddrinfo(Native Method)
	at libcore.io.ForwardingOs.android_getaddrinfo(ForwardingOs.java:134)
	at libcore.io.BlockGuardOs.android_getaddrinfo(BlockGuardOs.java:222)
	at libcore.io.ForwardingOs.android_getaddrinfo(ForwardingOs.java:134)
	at java.net.Inet6AddressImpl.lookupHostByName(Inet6AddressImpl.java:135)
	... 18 more

2026-04-07T17:55:15.664649Z Warn: WebSocket disconnected, retrying in 5000ms
2026-04-07T17:56:56.991076Z Info: Delay completed, reconnecting...
2026-04-07T17:56:56.996864Z Info: Connecting to WebSocket at wss://michael.seifert.page/api/apps/v1/notify/ws
2026-04-07T17:56:57.024507Z Error: WebSocket connect failed Unable to resolve host "michael.seifert.page": No address associated with hostname
java.net.UnknownHostException: Unable to resolve host "michael.seifert.page": No address associated with hostname
	at java.net.Inet6AddressImpl.lookupHostByName(Inet6AddressImpl.java:156)
	at java.net.Inet6AddressImpl.lookupAllHostAddr(Inet6AddressImpl.java:103)
	at java.net.InetAddress.getAllByName(InetAddress.java:1152)
	at wf5.b(r8-map-id-fc73651334f76fbacb9920b2bd292de61c7927b00aa67b5cad751dd660dc3e6f:393)
	at m92.d(r8-map-id-fc73651334f76fbacb9920b2bd292de61c7927b00aa67b5cad751dd660dc3e6f:12)
	at m92.a(r8-map-id-fc73651334f76fbacb9920b2bd292de61c7927b00aa67b5cad751dd660dc3e6f:77)
	at uc0.a(r8-map-id-fc73651334f76fbacb9920b2bd292de61c7927b00aa67b5cad751dd660dc3e6f:455)
	at sf5.b(r8-map-id-fc73651334f76fbacb9920b2bd292de61c7927b00aa67b5cad751dd660dc3e6f:104)
	at uc0.a(r8-map-id-fc73651334f76fbacb9920b2bd292de61c7927b00aa67b5cad751dd660dc3e6f:151)
	at sf5.b(r8-map-id-fc73651334f76fbacb9920b2bd292de61c7927b00aa67b5cad751dd660dc3e6f:104)
	at b70.a(r8-map-id-fc73651334f76fbacb9920b2bd292de61c7927b00aa67b5cad751dd660dc3e6f:586)
	at sf5.b(r8-map-id-fc73651334f76fbacb9920b2bd292de61c7927b00aa67b5cad751dd660dc3e6f:104)
	at b70.a(r8-map-id-fc73651334f76fbacb9920b2bd292de61c7927b00aa67b5cad751dd660dc3e6f:215)
	at sf5.b(r8-map-id-fc73651334f76fbacb9920b2bd292de61c7927b00aa67b5cad751dd660dc3e6f:104)
	at jf5.g(r8-map-id-fc73651334f76fbacb9920b2bd292de61c7927b00aa67b5cad751dd660dc3e6f:92)
	at gf5.run(r8-map-id-fc73651334f76fbacb9920b2bd292de61c7927b00aa67b5cad751dd660dc3e6f:42)
	at java.util.concurrent.ThreadPoolExecutor.runWorker(ThreadPoolExecutor.java:1154)
	at java.util.concurrent.ThreadPoolExecutor$Worker.run(ThreadPoolExecutor.java:652)
	at java.lang.Thread.run(Thread.java:1564)
Caused by: android.system.GaiException: android_getaddrinfo failed: EAI_NODATA (No address associated with hostname)
	at libcore.io.Linux.android_getaddrinfo(Native Method)
	at libcore.io.ForwardingOs.android_getaddrinfo(ForwardingOs.java:134)
	at libcore.io.BlockGuardOs.android_getaddrinfo(BlockGuardOs.java:222)
	at libcore.io.ForwardingOs.android_getaddrinfo(ForwardingOs.java:134)
	at java.net.Inet6AddressImpl.lookupHostByName(Inet6AddressImpl.java:135)
	... 18 more

2026-04-07T17:56:57.028697Z Warn: WebSocket disconnected, retrying in 5000ms
2026-04-07T18:00:00.187904Z Info: Delay completed, reconnecting...
2026-04-07T18:00:00.190255Z Info: Connecting to WebSocket at wss://michael.seifert.page/api/apps/v1/notify/ws
2026-04-07T18:00:00.217618Z Error: WebSocket connect failed Unable to resolve host "michael.seifert.page": No address associated with hostname
java.net.UnknownHostException: Unable to resolve host "michael.seifert.page": No address associated with hostname
	at java.net.Inet6AddressImpl.lookupHostByName(Inet6AddressImpl.java:156)
	at java.net.Inet6AddressImpl.lookupAllHostAddr(Inet6AddressImpl.java:103)
	at java.net.InetAddress.getAllByName(InetAddress.java:1152)
	at wf5.b(r8-map-id-fc73651334f76fbacb9920b2bd292de61c7927b00aa67b5cad751dd660dc3e6f:393)
	at m92.d(r8-map-id-fc73651334f76fbacb9920b2bd292de61c7927b00aa67b5cad751dd660dc3e6f:12)
	at m92.a(r8-map-id-fc73651334f76fbacb9920b2bd292de61c7927b00aa67b5cad751dd660dc3e6f:77)
	at uc0.a(r8-map-id-fc73651334f76fbacb9920b2bd292de61c7927b00aa67b5cad751dd660dc3e6f:455)
	at sf5.b(r8-map-id-fc73651334f76fbacb9920b2bd292de61c7927b00aa67b5cad751dd660dc3e6f:104)
	at uc0.a(r8-map-id-fc73651334f76fbacb9920b2bd292de61c7927b00aa67b5cad751dd660dc3e6f:151)
	at sf5.b(r8-map-id-fc73651334f76fbacb9920b2bd292de61c7927b00aa67b5cad751dd660dc3e6f:104)
	at b70.a(r8-map-id-fc73651334f76fbacb9920b2bd292de61c7927b00aa67b5cad751dd660dc3e6f:586)
	at sf5.b(r8-map-id-fc73651334f76fbacb9920b2bd292de61c7927b00aa67b5cad751dd660dc3e6f:104)
	at b70.a(r8-map-id-fc73651334f76fbacb9920b2bd292de61c7927b00aa67b5cad751dd660dc3e6f:215)
	at sf5.b(r8-map-id-fc73651334f76fbacb9920b2bd292de61c7927b00aa67b5cad751dd660dc3e6f:104)
	at jf5.g(r8-map-id-fc73651334f76fbacb9920b2bd292de61c7927b00aa67b5cad751dd660dc3e6f:92)
	at gf5.run(r8-map-id-fc73651334f76fbacb9920b2bd292de61c7927b00aa67b5cad751dd660dc3e6f:42)
	at java.util.concurrent.ThreadPoolExecutor.runWorker(ThreadPoolExecutor.java:1154)
	at java.util.concurrent.ThreadPoolExecutor$Worker.run(ThreadPoolExecutor.java:652)
	at java.lang.Thread.run(Thread.java:1564)
Caused by: android.system.GaiException: android_getaddrinfo failed: EAI_NODATA (No address associated with hostname)
	at libcore.io.Linux.android_getaddrinfo(Native Method)
	at libcore.io.ForwardingOs.android_getaddrinfo(ForwardingOs.java:134)
	at libcore.io.BlockGuardOs.android_getaddrinfo(BlockGuardOs.java:222)
	at libcore.io.ForwardingOs.android_getaddrinfo(ForwardingOs.java:134)
	at java.net.Inet6AddressImpl.lookupHostByName(Inet6AddressImpl.java:135)
	... 18 more

2026-04-07T18:00:00.223035Z Warn: WebSocket disconnected, retrying in 5000ms
2026-04-07T18:01:03.584246Z Info: Delay completed, reconnecting...
2026-04-07T18:01:03.591115Z Info: Connecting to WebSocket at wss://michael.seifert.page/api/apps/v1/notify/ws
2026-04-07T18:01:03.615172Z Error: WebSocket connect failed Unable to resolve host "michael.seifert.page": No address associated with hostname
java.net.UnknownHostException: Unable to resolve host "michael.seifert.page": No address associated with hostname
	at java.net.Inet6AddressImpl.lookupHostByName(Inet6AddressImpl.java:156)
	at java.net.Inet6AddressImpl.lookupAllHostAddr(Inet6AddressImpl.java:103)
	at java.net.InetAddress.getAllByName(InetAddress.java:1152)
	at wf5.b(r8-map-id-fc73651334f76fbacb9920b2bd292de61c7927b00aa67b5cad751dd660dc3e6f:393)
	at m92.d(r8-map-id-fc73651334f76fbacb9920b2bd292de61c7927b00aa67b5cad751dd660dc3e6f:12)
	at m92.a(r8-map-id-fc73651334f76fbacb9920b2bd292de61c7927b00aa67b5cad751dd660dc3e6f:77)
	at uc0.a(r8-map-id-fc73651334f76fbacb9920b2bd292de61c7927b00aa67b5cad751dd660dc3e6f:455)
	at sf5.b(r8-map-id-fc73651334f76fbacb9920b2bd292de61c7927b00aa67b5cad751dd660dc3e6f:104)
	at uc0.a(r8-map-id-fc73651334f76fbacb9920b2bd292de61c7927b00aa67b5cad751dd660dc3e6f:151)
	at sf5.b(r8-map-id-fc73651334f76fbacb9920b2bd292de61c7927b00aa67b5cad751dd660dc3e6f:104)
	at b70.a(r8-map-id-fc73651334f76fbacb9920b2bd292de61c7927b00aa67b5cad751dd660dc3e6f:586)
	at sf5.b(r8-map-id-fc73651334f76fbacb9920b2bd292de61c7927b00aa67b5cad751dd660dc3e6f:104)
	at b70.a(r8-map-id-fc73651334f76fbacb9920b2bd292de61c7927b00aa67b5cad751dd660dc3e6f:215)
	at sf5.b(r8-map-id-fc73651334f76fbacb9920b2bd292de61c7927b00aa67b5cad751dd660dc3e6f:104)
	at jf5.g(r8-map-id-fc73651334f76fbacb9920b2bd292de61c7927b00aa67b5cad751dd660dc3e6f:92)
	at gf5.run(r8-map-id-fc73651334f76fbacb9920b2bd292de61c7927b00aa67b5cad751dd660dc3e6f:42)
	at java.util.concurrent.ThreadPoolExecutor.runWorker(ThreadPoolExecutor.java:1154)
	at java.util.concurrent.ThreadPoolExecutor$Worker.run(ThreadPoolExecutor.java:652)
	at java.lang.Thread.run(Thread.java:1564)
Caused by: android.system.GaiException: android_getaddrinfo failed: EAI_NODATA (No address associated with hostname)
	at libcore.io.Linux.android_getaddrinfo(Native Method)
	at libcore.io.ForwardingOs.android_getaddrinfo(ForwardingOs.java:134)
	at libcore.io.BlockGuardOs.android_getaddrinfo(BlockGuardOs.java:222)
	at libcore.io.ForwardingOs.android_getaddrinfo(ForwardingOs.java:134)
	at java.net.Inet6AddressImpl.lookupHostByName(Inet6AddressImpl.java:135)
	... 18 more

2026-04-07T18:01:03.62132Z Warn: WebSocket disconnected, retrying in 5000ms
2026-04-07T18:01:57.367372Z Info: Delay completed, reconnecting...
2026-04-07T18:01:57.375209Z Info: Connecting to WebSocket at wss://michael.seifert.page/api/apps/v1/notify/ws
2026-04-07T18:01:57.399083Z Error: WebSocket connect failed Unable to resolve host "michael.seifert.page": No address associated with hostname
java.net.UnknownHostException: Unable to resolve host "michael.seifert.page": No address associated with hostname
	at java.net.Inet6AddressImpl.lookupHostByName(Inet6AddressImpl.java:156)
	at java.net.Inet6AddressImpl.lookupAllHostAddr(Inet6AddressImpl.java:103)
	at java.net.InetAddress.getAllByName(InetAddress.java:1152)
	at wf5.b(r8-map-id-fc73651334f76fbacb9920b2bd292de61c7927b00aa67b5cad751dd660dc3e6f:393)
	at m92.d(r8-map-id-fc73651334f76fbacb9920b2bd292de61c7927b00aa67b5cad751dd660dc3e6f:12)
	at m92.a(r8-map-id-fc73651334f76fbacb9920b2bd292de61c7927b00aa67b5cad751dd660dc3e6f:77)
	at uc0.a(r8-map-id-fc73651334f76fbacb9920b2bd292de61c7927b00aa67b5cad751dd660dc3e6f:455)
	at sf5.b(r8-map-id-fc73651334f76fbacb9920b2bd292de61c7927b00aa67b5cad751dd660dc3e6f:104)
	at uc0.a(r8-map-id-fc73651334f76fbacb9920b2bd292de61c7927b00aa67b5cad751dd660dc3e6f:151)
	at sf5.b(r8-map-id-fc73651334f76fbacb9920b2bd292de61c7927b00aa67b5cad751dd660dc3e6f:104)
	at b70.a(r8-map-id-fc73651334f76fbacb9920b2bd292de61c7927b00aa67b5cad751dd660dc3e6f:586)
	at sf5.b(r8-map-id-fc73651334f76fbacb9920b2bd292de61c7927b00aa67b5cad751dd660dc3e6f:104)
	at b70.a(r8-map-id-fc73651334f76fbacb9920b2bd292de61c7927b00aa67b5cad751dd660dc3e6f:215)
	at sf5.b(r8-map-id-fc73651334f76fbacb9920b2bd292de61c7927b00aa67b5cad751dd660dc3e6f:104)
	at jf5.g(r8-map-id-fc73651334f76fbacb9920b2bd292de61c7927b00aa67b5cad751dd660dc3e6f:92)
	at gf5.run(r8-map-id-fc73651334f76fbacb9920b2bd292de61c7927b00aa67b5cad751dd660dc3e6f:42)
	at java.util.concurrent.ThreadPoolExecutor.runWorker(ThreadPoolExecutor.java:1154)
	at java.util.concurrent.ThreadPoolExecutor$Worker.run(ThreadPoolExecutor.java:652)
	at java.lang.Thread.run(Thread.java:1564)
Caused by: android.system.GaiException: android_getaddrinfo failed: EAI_NODATA (No address associated with hostname)
	at libcore.io.Linux.android_getaddrinfo(Native Method)
	at libcore.io.ForwardingOs.android_getaddrinfo(ForwardingOs.java:134)
	at libcore.io.BlockGuardOs.android_getaddrinfo(BlockGuardOs.java:222)
	at libcore.io.ForwardingOs.android_getaddrinfo(ForwardingOs.java:134)
	at java.net.Inet6AddressImpl.lookupHostByName(Inet6AddressImpl.java:135)
	... 18 more

2026-04-07T18:01:57.402758Z Warn: WebSocket disconnected, retrying in 5000ms
2026-04-07T18:02:56.553796Z Info: Delay completed, reconnecting...
2026-04-07T18:02:56.556859Z Info: Connecting to WebSocket at wss://michael.seifert.page/api/apps/v1/notify/ws
2026-04-07T18:02:56.569585Z Error: WebSocket connect failed Unable to resolve host "michael.seifert.page": No address associated with hostname
java.net.UnknownHostException: Unable to resolve host "michael.seifert.page": No address associated with hostname
	at java.net.Inet6AddressImpl.lookupHostByName(Inet6AddressImpl.java:156)
	at java.net.Inet6AddressImpl.lookupAllHostAddr(Inet6AddressImpl.java:103)
	at java.net.InetAddress.getAllByName(InetAddress.java:1152)
	at wf5.b(r8-map-id-fc73651334f76fbacb9920b2bd292de61c7927b00aa67b5cad751dd660dc3e6f:393)
	at m92.d(r8-map-id-fc73651334f76fbacb9920b2bd292de61c7927b00aa67b5cad751dd660dc3e6f:12)
	at m92.a(r8-map-id-fc73651334f76fbacb9920b2bd292de61c7927b00aa67b5cad751dd660dc3e6f:77)
	at uc0.a(r8-map-id-fc73651334f76fbacb9920b2bd292de61c7927b00aa67b5cad751dd660dc3e6f:455)
	at sf5.b(r8-map-id-fc73651334f76fbacb9920b2bd292de61c7927b00aa67b5cad751dd660dc3e6f:104)
	at uc0.a(r8-map-id-fc73651334f76fbacb9920b2bd292de61c7927b00aa67b5cad751dd660dc3e6f:151)
	at sf5.b(r8-map-id-fc73651334f76fbacb9920b2bd292de61c7927b00aa67b5cad751dd660dc3e6f:104)
	at b70.a(r8-map-id-fc73651334f76fbacb9920b2bd292de61c7927b00aa67b5cad751dd660dc3e6f:586)
	at sf5.b(r8-map-id-fc73651334f76fbacb9920b2bd292de61c7927b00aa67b5cad751dd660dc3e6f:104)
	at b70.a(r8-map-id-fc73651334f76fbacb9920b2bd292de61c7927b00aa67b5cad751dd660dc3e6f:215)
	at sf5.b(r8-map-id-fc73651334f76fbacb9920b2bd292de61c7927b00aa67b5cad751dd660dc3e6f:104)
	at jf5.g(r8-map-id-fc73651334f76fbacb9920b2bd292de61c7927b00aa67b5cad751dd660dc3e6f:92)
	at gf5.run(r8-map-id-fc73651334f76fbacb9920b2bd292de61c7927b00aa67b5cad751dd660dc3e6f:42)
	at java.util.concurrent.ThreadPoolExecutor.runWorker(ThreadPoolExecutor.java:1154)
	at java.util.concurrent.ThreadPoolExecutor$Worker.run(ThreadPoolExecutor.java:652)
	at java.lang.Thread.run(Thread.java:1564)
Caused by: android.system.GaiException: android_getaddrinfo failed: EAI_NODATA (No address associated with hostname)
	at libcore.io.Linux.android_getaddrinfo(Native Method)
	at libcore.io.ForwardingOs.android_getaddrinfo(ForwardingOs.java:134)
	at libcore.io.BlockGuardOs.android_getaddrinfo(BlockGuardOs.java:222)
	at libcore.io.ForwardingOs.android_getaddrinfo(ForwardingOs.java:134)
	at java.net.Inet6AddressImpl.lookupHostByName(Inet6AddressImpl.java:135)
	... 18 more

2026-04-07T18:02:56.572905Z Warn: WebSocket disconnected, retrying in 5000ms
2026-04-07T18:04:38.880245Z Info: Delay completed, reconnecting...
2026-04-07T18:04:38.883832Z Info: Connecting to WebSocket at wss://michael.seifert.page/api/apps/v1/notify/ws
2026-04-07T18:04:38.907019Z Error: WebSocket connect failed Unable to resolve host "michael.seifert.page": No address associated with hostname
java.net.UnknownHostException: Unable to resolve host "michael.seifert.page": No address associated with hostname
	at java.net.Inet6AddressImpl.lookupHostByName(Inet6AddressImpl.java:156)
	at java.net.Inet6AddressImpl.lookupAllHostAddr(Inet6AddressImpl.java:103)
	at java.net.InetAddress.getAllByName(InetAddress.java:1152)
	at wf5.b(r8-map-id-fc73651334f76fbacb9920b2bd292de61c7927b00aa67b5cad751dd660dc3e6f:393)
	at m92.d(r8-map-id-fc73651334f76fbacb9920b2bd292de61c7927b00aa67b5cad751dd660dc3e6f:12)
	at m92.a(r8-map-id-fc73651334f76fbacb9920b2bd292de61c7927b00aa67b5cad751dd660dc3e6f:77)
	at uc0.a(r8-map-id-fc73651334f76fbacb9920b2bd292de61c7927b00aa67b5cad751dd660dc3e6f:455)
	at sf5.b(r8-map-id-fc73651334f76fbacb9920b2bd292de61c7927b00aa67b5cad751dd660dc3e6f:104)
	at uc0.a(r8-map-id-fc73651334f76fbacb9920b2bd292de61c7927b00aa67b5cad751dd660dc3e6f:151)
	at sf5.b(r8-map-id-fc73651334f76fbacb9920b2bd292de61c7927b00aa67b5cad751dd660dc3e6f:104)
	at b70.a(r8-map-id-fc73651334f76fbacb9920b2bd292de61c7927b00aa67b5cad751dd660dc3e6f:586)
	at sf5.b(r8-map-id-fc73651334f76fbacb9920b2bd292de61c7927b00aa67b5cad751dd660dc3e6f:104)
	at b70.a(r8-map-id-fc73651334f76fbacb9920b2bd292de61c7927b00aa67b5cad751dd660dc3e6f:215)
	at sf5.b(r8-map-id-fc73651334f76fbacb9920b2bd292de61c7927b00aa67b5cad751dd660dc3e6f:104)
	at jf5.g(r8-map-id-fc73651334f76fbacb9920b2bd292de61c7927b00aa67b5cad751dd660dc3e6f:92)
	at gf5.run(r8-map-id-fc73651334f76fbacb9920b2bd292de61c7927b00aa67b5cad751dd660dc3e6f:42)
	at java.util.concurrent.ThreadPoolExecutor.runWorker(ThreadPoolExecutor.java:1154)
	at java.util.concurrent.ThreadPoolExecutor$Worker.run(ThreadPoolExecutor.java:652)
	at java.lang.Thread.run(Thread.java:1564)
Caused by: android.system.GaiException: android_getaddrinfo failed: EAI_NODATA (No address associated with hostname)
	at libcore.io.Linux.android_getaddrinfo(Native Method)
	at libcore.io.ForwardingOs.android_getaddrinfo(ForwardingOs.java:134)
	at libcore.io.BlockGuardOs.android_getaddrinfo(BlockGuardOs.java:222)
	at libcore.io.ForwardingOs.android_getaddrinfo(ForwardingOs.java:134)
	at java.net.Inet6AddressImpl.lookupHostByName(Inet6AddressImpl.java:135)
	... 18 more

2026-04-07T18:04:38.910061Z Warn: WebSocket disconnected, retrying in 5000ms
2026-04-07T18:06:37.780088Z Info: Delay completed, reconnecting...
2026-04-07T18:06:37.784415Z Info: Connecting to WebSocket at wss://michael.seifert.page/api/apps/v1/notify/ws
2026-04-07T18:06:37.816549Z Error: WebSocket connect failed Unable to resolve host "michael.seifert.page": No address associated with hostname
java.net.UnknownHostException: Unable to resolve host "michael.seifert.page": No address associated with hostname
	at java.net.Inet6AddressImpl.lookupHostByName(Inet6AddressImpl.java:156)
	at java.net.Inet6AddressImpl.lookupAllHostAddr(Inet6AddressImpl.java:103)
	at java.net.InetAddress.getAllByName(InetAddress.java:1152)
	at wf5.b(r8-map-id-fc73651334f76fbacb9920b2bd292de61c7927b00aa67b5cad751dd660dc3e6f:393)
	at m92.d(r8-map-id-fc73651334f76fbacb9920b2bd292de61c7927b00aa67b5cad751dd660dc3e6f:12)
	at m92.a(r8-map-id-fc73651334f76fbacb9920b2bd292de61c7927b00aa67b5cad751dd660dc3e6f:77)
	at uc0.a(r8-map-id-fc73651334f76fbacb9920b2bd292de61c7927b00aa67b5cad751dd660dc3e6f:455)
	at sf5.b(r8-map-id-fc73651334f76fbacb9920b2bd292de61c7927b00aa67b5cad751dd660dc3e6f:104)
	at uc0.a(r8-map-id-fc73651334f76fbacb9920b2bd292de61c7927b00aa67b5cad751dd660dc3e6f:151)
	at sf5.b(r8-map-id-fc73651334f76fbacb9920b2bd292de61c7927b00aa67b5cad751dd660dc3e6f:104)
	at b70.a(r8-map-id-fc73651334f76fbacb9920b2bd292de61c7927b00aa67b5cad751dd660dc3e6f:586)
	at sf5.b(r8-map-id-fc73651334f76fbacb9920b2bd292de61c7927b00aa67b5cad751dd660dc3e6f:104)
	at b70.a(r8-map-id-fc73651334f76fbacb9920b2bd292de61c7927b00aa67b5cad751dd660dc3e6f:215)
	at sf5.b(r8-map-id-fc73651334f76fbacb9920b2bd292de61c7927b00aa67b5cad751dd660dc3e6f:104)
	at jf5.g(r8-map-id-fc73651334f76fbacb9920b2bd292de61c7927b00aa67b5cad751dd660dc3e6f:92)
	at gf5.run(r8-map-id-fc73651334f76fbacb9920b2bd292de61c7927b00aa67b5cad751dd660dc3e6f:42)
	at java.util.concurrent.ThreadPoolExecutor.runWorker(ThreadPoolExecutor.java:1154)
	at java.util.concurrent.ThreadPoolExecutor$Worker.run(ThreadPoolExecutor.java:652)
	at java.lang.Thread.run(Thread.java:1564)
Caused by: android.system.GaiException: android_getaddrinfo failed: EAI_NODATA (No address associated with hostname)
	at libcore.io.Linux.android_getaddrinfo(Native Method)
	at libcore.io.ForwardingOs.android_getaddrinfo(ForwardingOs.java:134)
	at libcore.io.BlockGuardOs.android_getaddrinfo(BlockGuardOs.java:222)
	at libcore.io.ForwardingOs.android_getaddrinfo(ForwardingOs.java:134)
	at java.net.Inet6AddressImpl.lookupHostByName(Inet6AddressImpl.java:135)
	... 18 more

2026-04-07T18:06:37.819255Z Warn: WebSocket disconnected, retrying in 5000ms
2026-04-07T18:06:47.202597Z Info: (NotificationService) FCM message received — title=null body=null data={correlationId=27e5b649-ef6f-4506-a84b-7401de7d86e3, id=c035ab66-b29a-4f6f-812a-8dee90702a23, data={"senderId":"toddmitchell.me","appDisplayName":"Homebase - Community","timestamp":1775585205535,"options":{"appId":"77ed6136-6b33-4654-8088-3d89c91e6065","typeId":"283a9d14-0111-a939-f5fa-830d5b1cbc22","tagId":"2191e1bd-6818-30c5-a002-ea3ecd9d7a1c","silent":false,"peerSubscriptionId":"283a9d14-0111-a939-f5fa-830d5b1cbc22","recipients":["michael.seifert.page","bishwajeetparhi.dev","homebase.carlsen.dev"],"unEncryptedMessage":"New message from toddmitchell.me in Homebase"}}, timestamp=2026-04-07T18:06:45.5432768+00:00, version=1}
2026-04-07T18:06:47.380394Z Info: (DriveSyncWorker) doWork: starting (attempt=0)
2026-04-07T18:06:47.381541Z Debug: (BackgroundSync) syncIfAuthenticated: checking...
2026-04-07T18:06:47.383789Z Info: (BackgroundSync) syncIfAuthenticated: WS offline — running background sync
2026-04-07T18:06:47.384433Z Warn: DriveSync for drive=9ff813af-f2d6-1e2f-9b9d-b189e72d1a11 already exists, skipping
2026-04-07T18:06:47.384736Z Warn: DriveSync for drive=2612429d-1c3f-0372-82b8-d42fb2cc0499 already exists, skipping
2026-04-07T18:06:47.385828Z Warn: DriveSync for drive=4db49422-ebad-02e9-9ab9-6e9c477d1e08 already exists, skipping
2026-04-07T18:06:47.691225Z Info: Delay completed, reconnecting...
2026-04-07T18:06:47.691978Z Info: Connecting to WebSocket at wss://michael.seifert.page/api/apps/v1/notify/ws
2026-04-07T18:06:47.697812Z Info: Synchronizing drive 9ff813af-f2d6-1e2f-9b9d-b189e72d1a11
2026-04-07T18:06:47.697657Z Info: Synchronizing drive 4db49422-ebad-02e9-9ab9-6e9c477d1e08
2026-04-07T18:06:47.698774Z Info: Synchronizing drive 2612429d-1c3f-0372-82b8-d42fb2cc0499
2026-04-07T18:06:47.758754Z Info: Received 0 records from QueryBatch() on Drive 2612429d-1c3f-0372-82b8-d42fb2cc0499
2026-04-07T18:06:47.761193Z Debug: DriveSync: all DB writes complete for drive 2612429d-1c3f-0372-82b8-d42fb2cc0499 (0 total records)
2026-04-07T18:06:47.763719Z Info: Received 0 records from QueryBatch() on Drive 4db49422-ebad-02e9-9ab9-6e9c477d1e08
2026-04-07T18:06:47.764969Z Debug: Drive 2612429d-1c3f-0372-82b8-d42fb2cc0499 synchronized with 0 records read.
2026-04-07T18:06:47.770246Z Debug: DriveSync: all DB writes complete for drive 4db49422-ebad-02e9-9ab9-6e9c477d1e08 (0 total records)
2026-04-07T18:06:47.770871Z Debug: Drive 4db49422-ebad-02e9-9ab9-6e9c477d1e08 synchronized with 0 records read.
2026-04-07T18:06:47.791927Z Info: Received 0 records from QueryBatch() on Drive 9ff813af-f2d6-1e2f-9b9d-b189e72d1a11
2026-04-07T18:06:47.792263Z Debug: DriveSync: all DB writes complete for drive 9ff813af-f2d6-1e2f-9b9d-b189e72d1a11 (0 total records)
2026-04-07T18:06:47.794117Z Debug: ConversationStream: Stopped(totalCount=0)
2026-04-07T18:06:47.79444Z Debug: Drive 9ff813af-f2d6-1e2f-9b9d-b189e72d1a11 synchronized with 0 records read.
2026-04-07T18:06:47.794506Z Debug: ChatMessageStream: Stopped(totalCount=0)
2026-04-07T18:06:47.798273Z Info: (BackgroundSync) syncIfAuthenticated: completed
2026-04-07T18:06:47.80194Z Info: (DriveSyncWorker) doWork: success
2026-04-07T18:06:47.92023Z Debug: Sent WebSocket command: establishConnectionRequest
2026-04-07T18:06:48.171761Z Info: Device handshake successful
2026-04-07T18:06:48.173012Z Warn: DriveSync for drive=9ff813af-f2d6-1e2f-9b9d-b189e72d1a11 already exists, skipping
2026-04-07T18:06:48.173183Z Warn: DriveSync for drive=2612429d-1c3f-0372-82b8-d42fb2cc0499 already exists, skipping
2026-04-07T18:06:48.174443Z Warn: DriveSync for drive=4db49422-ebad-02e9-9ab9-6e9c477d1e08 already exists, skipping
2026-04-07T18:06:48.176029Z Debug: Sent WebSocket command: processInbox
2026-04-07T18:06:48.176698Z Debug: Sent WebSocket command: processInbox
2026-04-07T18:06:48.177313Z Debug: Sent WebSocket command: processInbox
2026-04-07T18:06:48.177855Z Info: Synchronizing drive 4db49422-ebad-02e9-9ab9-6e9c477d1e08
2026-04-07T18:06:48.177978Z Info: Synchronizing drive 9ff813af-f2d6-1e2f-9b9d-b189e72d1a11
2026-04-07T18:06:48.178517Z Info: Synchronizing drive 2612429d-1c3f-0372-82b8-d42fb2cc0499
2026-04-07T18:06:48.228119Z Info: Received 0 records from QueryBatch() on Drive 4db49422-ebad-02e9-9ab9-6e9c477d1e08
2026-04-07T18:06:48.228605Z Debug: DriveSync: all DB writes complete for drive 4db49422-ebad-02e9-9ab9-6e9c477d1e08 (0 total records)
2026-04-07T18:06:48.231132Z Debug: Drive 4db49422-ebad-02e9-9ab9-6e9c477d1e08 synchronized with 0 records read.
2026-04-07T18:06:48.271259Z Info: Received 0 records from QueryBatch() on Drive 9ff813af-f2d6-1e2f-9b9d-b189e72d1a11
2026-04-07T18:06:48.271652Z Debug: DriveSync: all DB writes complete for drive 9ff813af-f2d6-1e2f-9b9d-b189e72d1a11 (0 total records)
2026-04-07T18:06:48.271918Z Info: Received 0 records from QueryBatch() on Drive 2612429d-1c3f-0372-82b8-d42fb2cc0499
2026-04-07T18:06:48.273189Z Debug: ChatMessageStream: Stopped(totalCount=0)
2026-04-07T18:06:48.273987Z Debug: Drive 9ff813af-f2d6-1e2f-9b9d-b189e72d1a11 synchronized with 0 records read.
2026-04-07T18:06:48.275501Z Debug: DriveSync: all DB writes complete for drive 2612429d-1c3f-0372-82b8-d42fb2cc0499 (0 total records)
2026-04-07T18:06:48.276203Z Debug: Drive 2612429d-1c3f-0372-82b8-d42fb2cc0499 synchronized with 0 records read.
2026-04-07T18:08:58.268129Z Debug: ConversationStream: unreadSync convo=674e0d67-34c0-4267-8b94-748f0d226cfb 0->1
2026-04-07T18:08:58.273023Z Debug: ConversationStream: Stopped(totalCount=0)
2026-04-07T18:08:58.340422Z Info: Popping Outbox
2026-04-07T18:08:58.342731Z Info: No more items in outbox
2026-04-07T18:08:58.834163Z Error: (HomebaseImageLoader) Non-retriable exception: Not found
2026-04-07T18:09:06.581074Z Info: Connecting to WebSocket at wss://michael.seifert.page/api/apps/v1/notify/ws
2026-04-07T18:09:06.582564Z Info: WebSocket connection ended
2026-04-07T18:09:06.595046Z Error: WebSocket connect failed Unable to resolve host "michael.seifert.page": No address associated with hostname
java.net.UnknownHostException: Unable to resolve host "michael.seifert.page": No address associated with hostname
	at java.net.Inet6AddressImpl.lookupHostByName(Inet6AddressImpl.java:156)
	at java.net.Inet6AddressImpl.lookupAllHostAddr(Inet6AddressImpl.java:103)
	at java.net.InetAddress.getAllByName(InetAddress.java:1152)
	at wf5.b(r8-map-id-fc73651334f76fbacb9920b2bd292de61c7927b00aa67b5cad751dd660dc3e6f:393)
	at m92.d(r8-map-id-fc73651334f76fbacb9920b2bd292de61c7927b00aa67b5cad751dd660dc3e6f:12)
	at m92.a(r8-map-id-fc73651334f76fbacb9920b2bd292de61c7927b00aa67b5cad751dd660dc3e6f:77)
	at uc0.a(r8-map-id-fc73651334f76fbacb9920b2bd292de61c7927b00aa67b5cad751dd660dc3e6f:455)
	at sf5.b(r8-map-id-fc73651334f76fbacb9920b2bd292de61c7927b00aa67b5cad751dd660dc3e6f:104)
	at uc0.a(r8-map-id-fc73651334f76fbacb9920b2bd292de61c7927b00aa67b5cad751dd660dc3e6f:151)
	at sf5.b(r8-map-id-fc73651334f76fbacb9920b2bd292de61c7927b00aa67b5cad751dd660dc3e6f:104)
	at b70.a(r8-map-id-fc73651334f76fbacb9920b2bd292de61c7927b00aa67b5cad751dd660dc3e6f:586)
	at sf5.b(r8-map-id-fc73651334f76fbacb9920b2bd292de61c7927b00aa67b5cad751dd660dc3e6f:104)
	at b70.a(r8-map-id-fc73651334f76fbacb9920b2bd292de61c7927b00aa67b5cad751dd660dc3e6f:215)
	at sf5.b(r8-map-id-fc73651334f76fbacb9920b2bd292de61c7927b00aa67b5cad751dd660dc3e6f:104)
	at jf5.g(r8-map-id-fc73651334f76fbacb9920b2bd292de61c7927b00aa67b5cad751dd660dc3e6f:92)
	at gf5.run(r8-map-id-fc73651334f76fbacb9920b2bd292de61c7927b00aa67b5cad751dd660dc3e6f:42)
	at java.util.concurrent.ThreadPoolExecutor.runWorker(ThreadPoolExecutor.java:1154)
	at java.util.concurrent.ThreadPoolExecutor$Worker.run(ThreadPoolExecutor.java:652)
	at java.lang.Thread.run(Thread.java:1564)
Caused by: android.system.GaiException: android_getaddrinfo failed: EAI_NODATA (No address associated with hostname)
	at libcore.io.Linux.android_getaddrinfo(Native Method)
	at libcore.io.ForwardingOs.android_getaddrinfo(ForwardingOs.java:134)
	at libcore.io.BlockGuardOs.android_getaddrinfo(BlockGuardOs.java:222)
	at libcore.io.ForwardingOs.android_getaddrinfo(ForwardingOs.java:134)
	at java.net.Inet6AddressImpl.lookupHostByName(Inet6AddressImpl.java:135)
	... 18 more

2026-04-07T18:09:06.603472Z Warn: WebSocket disconnected, retrying in 5000ms
2026-04-07T18:11:04.904149Z Info: Delay completed, reconnecting...
2026-04-07T18:11:04.90836Z Info: Connecting to WebSocket at wss://michael.seifert.page/api/apps/v1/notify/ws
2026-04-07T18:11:04.932891Z Error: WebSocket connect failed Unable to resolve host "michael.seifert.page": No address associated with hostname
java.net.UnknownHostException: Unable to resolve host "michael.seifert.page": No address associated with hostname
	at java.net.Inet6AddressImpl.lookupHostByName(Inet6AddressImpl.java:156)
	at java.net.Inet6AddressImpl.lookupAllHostAddr(Inet6AddressImpl.java:103)
	at java.net.InetAddress.getAllByName(InetAddress.java:1152)
	at wf5.b(r8-map-id-fc73651334f76fbacb9920b2bd292de61c7927b00aa67b5cad751dd660dc3e6f:393)
	at m92.d(r8-map-id-fc73651334f76fbacb9920b2bd292de61c7927b00aa67b5cad751dd660dc3e6f:12)
	at m92.a(r8-map-id-fc73651334f76fbacb9920b2bd292de61c7927b00aa67b5cad751dd660dc3e6f:77)
	at uc0.a(r8-map-id-fc73651334f76fbacb9920b2bd292de61c7927b00aa67b5cad751dd660dc3e6f:455)
	at sf5.b(r8-map-id-fc73651334f76fbacb9920b2bd292de61c7927b00aa67b5cad751dd660dc3e6f:104)
	at uc0.a(r8-map-id-fc73651334f76fbacb9920b2bd292de61c7927b00aa67b5cad751dd660dc3e6f:151)
	at sf5.b(r8-map-id-fc73651334f76fbacb9920b2bd292de61c7927b00aa67b5cad751dd660dc3e6f:104)
	at b70.a(r8-map-id-fc73651334f76fbacb9920b2bd292de61c7927b00aa67b5cad751dd660dc3e6f:586)
	at sf5.b(r8-map-id-fc73651334f76fbacb9920b2bd292de61c7927b00aa67b5cad751dd660dc3e6f:104)
	at b70.a(r8-map-id-fc73651334f76fbacb9920b2bd292de61c7927b00aa67b5cad751dd660dc3e6f:215)
	at sf5.b(r8-map-id-fc73651334f76fbacb9920b2bd292de61c7927b00aa67b5cad751dd660dc3e6f:104)
	at jf5.g(r8-map-id-fc73651334f76fbacb9920b2bd292de61c7927b00aa67b5cad751dd660dc3e6f:92)
	at gf5.run(r8-map-id-fc73651334f76fbacb9920b2bd292de61c7927b00aa67b5cad751dd660dc3e6f:42)
	at java.util.concurrent.ThreadPoolExecutor.runWorker(ThreadPoolExecutor.java:1154)
	at java.util.concurrent.ThreadPoolExecutor$Worker.run(ThreadPoolExecutor.java:652)
	at java.lang.Thread.run(Thread.java:1564)
Caused by: android.system.GaiException: android_getaddrinfo failed: EAI_NODATA (No address associated with hostname)
	at libcore.io.Linux.android_getaddrinfo(Native Method)
	at libcore.io.ForwardingOs.android_getaddrinfo(ForwardingOs.java:134)
	at libcore.io.BlockGuardOs.android_getaddrinfo(BlockGuardOs.java:222)
	at libcore.io.ForwardingOs.android_getaddrinfo(ForwardingOs.java:134)
	at java.net.Inet6AddressImpl.lookupHostByName(Inet6AddressImpl.java:135)
	... 18 more

2026-04-07T18:11:04.938427Z Warn: WebSocket disconnected, retrying in 5000ms
2026-04-07T18:13:14.337773Z Info: Delay completed, reconnecting...
2026-04-07T18:13:14.355479Z Info: Connecting to WebSocket at wss://michael.seifert.page/api/apps/v1/notify/ws
2026-04-07T18:13:14.378743Z Error: WebSocket connect failed Unable to resolve host "michael.seifert.page": No address associated with hostname
java.net.UnknownHostException: Unable to resolve host "michael.seifert.page": No address associated with hostname
	at java.net.Inet6AddressImpl.lookupHostByName(Inet6AddressImpl.java:156)
	at java.net.Inet6AddressImpl.lookupAllHostAddr(Inet6AddressImpl.java:103)
	at java.net.InetAddress.getAllByName(InetAddress.java:1152)
	at wf5.b(r8-map-id-fc73651334f76fbacb9920b2bd292de61c7927b00aa67b5cad751dd660dc3e6f:393)
	at m92.d(r8-map-id-fc73651334f76fbacb9920b2bd292de61c7927b00aa67b5cad751dd660dc3e6f:12)
	at m92.a(r8-map-id-fc73651334f76fbacb9920b2bd292de61c7927b00aa67b5cad751dd660dc3e6f:77)
	at uc0.a(r8-map-id-fc73651334f76fbacb9920b2bd292de61c7927b00aa67b5cad751dd660dc3e6f:455)
	at sf5.b(r8-map-id-fc73651334f76fbacb9920b2bd292de61c7927b00aa67b5cad751dd660dc3e6f:104)
	at uc0.a(r8-map-id-fc73651334f76fbacb9920b2bd292de61c7927b00aa67b5cad751dd660dc3e6f:151)
	at sf5.b(r8-map-id-fc73651334f76fbacb9920b2bd292de61c7927b00aa67b5cad751dd660dc3e6f:104)
	at b70.a(r8-map-id-fc73651334f76fbacb9920b2bd292de61c7927b00aa67b5cad751dd660dc3e6f:586)
	at sf5.b(r8-map-id-fc73651334f76fbacb9920b2bd292de61c7927b00aa67b5cad751dd660dc3e6f:104)
	at b70.a(r8-map-id-fc73651334f76fbacb9920b2bd292de61c7927b00aa67b5cad751dd660dc3e6f:215)
	at sf5.b(r8-map-id-fc73651334f76fbacb9920b2bd292de61c7927b00aa67b5cad751dd660dc3e6f:104)
	at jf5.g(r8-map-id-fc73651334f76fbacb9920b2bd292de61c7927b00aa67b5cad751dd660dc3e6f:92)
	at gf5.run(r8-map-id-fc73651334f76fbacb9920b2bd292de61c7927b00aa67b5cad751dd660dc3e6f:42)
	at java.util.concurrent.ThreadPoolExecutor.runWorker(ThreadPoolExecutor.java:1154)
	at java.util.concurrent.ThreadPoolExecutor$Worker.run(ThreadPoolExecutor.java:652)
	at java.lang.Thread.run(Thread.java:1564)
Caused by: android.system.GaiException: android_getaddrinfo failed: EAI_NODATA (No address associated with hostname)
	at libcore.io.Linux.android_getaddrinfo(Native Method)
	at libcore.io.ForwardingOs.android_getaddrinfo(ForwardingOs.java:134)
	at libcore.io.BlockGuardOs.android_getaddrinfo(BlockGuardOs.java:222)
	at libcore.io.ForwardingOs.android_getaddrinfo(ForwardingOs.java:134)
	at java.net.Inet6AddressImpl.lookupHostByName(Inet6AddressImpl.java:135)
	... 18 more

2026-04-07T18:13:14.382363Z Warn: WebSocket disconnected, retrying in 5000ms
2026-04-07T18:14:50.822514Z Info: Delay completed, reconnecting...
2026-04-07T18:14:50.830067Z Info: Connecting to WebSocket at wss://michael.seifert.page/api/apps/v1/notify/ws
2026-04-07T18:14:50.854814Z Error: WebSocket connect failed Unable to resolve host "michael.seifert.page": No address associated with hostname
java.net.UnknownHostException: Unable to resolve host "michael.seifert.page": No address associated with hostname
	at java.net.Inet6AddressImpl.lookupHostByName(Inet6AddressImpl.java:156)
	at java.net.Inet6AddressImpl.lookupAllHostAddr(Inet6AddressImpl.java:103)
	at java.net.InetAddress.getAllByName(InetAddress.java:1152)
	at wf5.b(r8-map-id-fc73651334f76fbacb9920b2bd292de61c7927b00aa67b5cad751dd660dc3e6f:393)
	at m92.d(r8-map-id-fc73651334f76fbacb9920b2bd292de61c7927b00aa67b5cad751dd660dc3e6f:12)
	at m92.a(r8-map-id-fc73651334f76fbacb9920b2bd292de61c7927b00aa67b5cad751dd660dc3e6f:77)
	at uc0.a(r8-map-id-fc73651334f76fbacb9920b2bd292de61c7927b00aa67b5cad751dd660dc3e6f:455)
	at sf5.b(r8-map-id-fc73651334f76fbacb9920b2bd292de61c7927b00aa67b5cad751dd660dc3e6f:104)
	at uc0.a(r8-map-id-fc73651334f76fbacb9920b2bd292de61c7927b00aa67b5cad751dd660dc3e6f:151)
	at sf5.b(r8-map-id-fc73651334f76fbacb9920b2bd292de61c7927b00aa67b5cad751dd660dc3e6f:104)
	at b70.a(r8-map-id-fc73651334f76fbacb9920b2bd292de61c7927b00aa67b5cad751dd660dc3e6f:586)
	at sf5.b(r8-map-id-fc73651334f76fbacb9920b2bd292de61c7927b00aa67b5cad751dd660dc3e6f:104)
	at b70.a(r8-map-id-fc73651334f76fbacb9920b2bd292de61c7927b00aa67b5cad751dd660dc3e6f:215)
	at sf5.b(r8-map-id-fc73651334f76fbacb9920b2bd292de61c7927b00aa67b5cad751dd660dc3e6f:104)
	at jf5.g(r8-map-id-fc73651334f76fbacb9920b2bd292de61c7927b00aa67b5cad751dd660dc3e6f:92)
	at gf5.run(r8-map-id-fc73651334f76fbacb9920b2bd292de61c7927b00aa67b5cad751dd660dc3e6f:42)
	at java.util.concurrent.ThreadPoolExecutor.runWorker(ThreadPoolExecutor.java:1154)
	at java.util.concurrent.ThreadPoolExecutor$Worker.run(ThreadPoolExecutor.java:652)
	at java.lang.Thread.run(Thread.java:1564)
Caused by: android.system.GaiException: android_getaddrinfo failed: EAI_NODATA (No address associated with hostname)
	at libcore.io.Linux.android_getaddrinfo(Native Method)
	at libcore.io.ForwardingOs.android_getaddrinfo(ForwardingOs.java:134)
	at libcore.io.BlockGuardOs.android_getaddrinfo(BlockGuardOs.java:222)
	at libcore.io.ForwardingOs.android_getaddrinfo(ForwardingOs.java:134)
	at java.net.Inet6AddressImpl.lookupHostByName(Inet6AddressImpl.java:135)
	... 18 more

2026-04-07T18:14:50.858375Z Warn: WebSocket disconnected, retrying in 5000ms
2026-04-07T18:16:17.824939Z Info: Delay completed, reconnecting...
2026-04-07T18:16:17.841221Z Info: Connecting to WebSocket at wss://michael.seifert.page/api/apps/v1/notify/ws
2026-04-07T18:16:17.868323Z Error: WebSocket connect failed Unable to resolve host "michael.seifert.page": No address associated with hostname
java.net.UnknownHostException: Unable to resolve host "michael.seifert.page": No address associated with hostname
	at java.net.Inet6AddressImpl.lookupHostByName(Inet6AddressImpl.java:156)
	at java.net.Inet6AddressImpl.lookupAllHostAddr(Inet6AddressImpl.java:103)
	at java.net.InetAddress.getAllByName(InetAddress.java:1152)
	at wf5.b(r8-map-id-fc73651334f76fbacb9920b2bd292de61c7927b00aa67b5cad751dd660dc3e6f:393)
	at m92.d(r8-map-id-fc73651334f76fbacb9920b2bd292de61c7927b00aa67b5cad751dd660dc3e6f:12)
	at m92.a(r8-map-id-fc73651334f76fbacb9920b2bd292de61c7927b00aa67b5cad751dd660dc3e6f:77)
	at uc0.a(r8-map-id-fc73651334f76fbacb9920b2bd292de61c7927b00aa67b5cad751dd660dc3e6f:455)
	at sf5.b(r8-map-id-fc73651334f76fbacb9920b2bd292de61c7927b00aa67b5cad751dd660dc3e6f:104)
	at uc0.a(r8-map-id-fc73651334f76fbacb9920b2bd292de61c7927b00aa67b5cad751dd660dc3e6f:151)
	at sf5.b(r8-map-id-fc73651334f76fbacb9920b2bd292de61c7927b00aa67b5cad751dd660dc3e6f:104)
	at b70.a(r8-map-id-fc73651334f76fbacb9920b2bd292de61c7927b00aa67b5cad751dd660dc3e6f:586)
	at sf5.b(r8-map-id-fc73651334f76fbacb9920b2bd292de61c7927b00aa67b5cad751dd660dc3e6f:104)
	at b70.a(r8-map-id-fc73651334f76fbacb9920b2bd292de61c7927b00aa67b5cad751dd660dc3e6f:215)
	at sf5.b(r8-map-id-fc73651334f76fbacb9920b2bd292de61c7927b00aa67b5cad751dd660dc3e6f:104)
	at jf5.g(r8-map-id-fc73651334f76fbacb9920b2bd292de61c7927b00aa67b5cad751dd660dc3e6f:92)
	at gf5.run(r8-map-id-fc73651334f76fbacb9920b2bd292de61c7927b00aa67b5cad751dd660dc3e6f:42)
	at java.util.concurrent.ThreadPoolExecutor.runWorker(ThreadPoolExecutor.java:1154)
	at java.util.concurrent.ThreadPoolExecutor$Worker.run(ThreadPoolExecutor.java:652)
	at java.lang.Thread.run(Thread.java:1564)
Caused by: android.system.GaiException: android_getaddrinfo failed: EAI_NODATA (No address associated with hostname)
	at libcore.io.Linux.android_getaddrinfo(Native Method)
	at libcore.io.ForwardingOs.android_getaddrinfo(ForwardingOs.java:134)
	at libcore.io.BlockGuardOs.android_getaddrinfo(BlockGuardOs.java:222)
	at libcore.io.ForwardingOs.android_getaddrinfo(ForwardingOs.java:134)
	at java.net.Inet6AddressImpl.lookupHostByName(Inet6AddressImpl.java:135)
	... 18 more

2026-04-07T18:16:17.870961Z Warn: WebSocket disconnected, retrying in 5000ms
2026-04-07T18:16:24.63304Z Info: Delay completed, reconnecting...
2026-04-07T18:16:24.66901Z Info: Connecting to WebSocket at wss://michael.seifert.page/api/apps/v1/notify/ws
2026-04-07T18:16:24.717692Z Error: WebSocket connect failed Unable to resolve host "michael.seifert.page": No address associated with hostname
java.net.UnknownHostException: Unable to resolve host "michael.seifert.page": No address associated with hostname
	at java.net.Inet6AddressImpl.lookupHostByName(Inet6AddressImpl.java:156)
	at java.net.Inet6AddressImpl.lookupAllHostAddr(Inet6AddressImpl.java:103)
	at java.net.InetAddress.getAllByName(InetAddress.java:1152)
	at wf5.b(r8-map-id-fc73651334f76fbacb9920b2bd292de61c7927b00aa67b5cad751dd660dc3e6f:393)
	at m92.d(r8-map-id-fc73651334f76fbacb9920b2bd292de61c7927b00aa67b5cad751dd660dc3e6f:12)
	at m92.a(r8-map-id-fc73651334f76fbacb9920b2bd292de61c7927b00aa67b5cad751dd660dc3e6f:77)
	at uc0.a(r8-map-id-fc73651334f76fbacb9920b2bd292de61c7927b00aa67b5cad751dd660dc3e6f:455)
	at sf5.b(r8-map-id-fc73651334f76fbacb9920b2bd292de61c7927b00aa67b5cad751dd660dc3e6f:104)
	at uc0.a(r8-map-id-fc73651334f76fbacb9920b2bd292de61c7927b00aa67b5cad751dd660dc3e6f:151)
	at sf5.b(r8-map-id-fc73651334f76fbacb9920b2bd292de61c7927b00aa67b5cad751dd660dc3e6f:104)
	at b70.a(r8-map-id-fc73651334f76fbacb9920b2bd292de61c7927b00aa67b5cad751dd660dc3e6f:586)
	at sf5.b(r8-map-id-fc73651334f76fbacb9920b2bd292de61c7927b00aa67b5cad751dd660dc3e6f:104)
	at b70.a(r8-map-id-fc73651334f76fbacb9920b2bd292de61c7927b00aa67b5cad751dd660dc3e6f:215)
	at sf5.b(r8-map-id-fc73651334f76fbacb9920b2bd292de61c7927b00aa67b5cad751dd660dc3e6f:104)
	at jf5.g(r8-map-id-fc73651334f76fbacb9920b2bd292de61c7927b00aa67b5cad751dd660dc3e6f:92)
	at gf5.run(r8-map-id-fc73651334f76fbacb9920b2bd292de61c7927b00aa67b5cad751dd660dc3e6f:42)
	at java.util.concurrent.ThreadPoolExecutor.runWorker(ThreadPoolExecutor.java:1154)
	at java.util.concurrent.ThreadPoolExecutor$Worker.run(ThreadPoolExecutor.java:652)
	at java.lang.Thread.run(Thread.java:1564)
Caused by: android.system.GaiException: android_getaddrinfo failed: EAI_NODATA (No address associated with hostname)
	at libcore.io.Linux.android_getaddrinfo(Native Method)
	at libcore.io.ForwardingOs.android_getaddrinfo(ForwardingOs.java:134)
	at libcore.io.BlockGuardOs.android_getaddrinfo(BlockGuardOs.java:222)
	at libcore.io.ForwardingOs.android_getaddrinfo(ForwardingOs.java:134)
	at java.net.Inet6AddressImpl.lookupHostByName(Inet6AddressImpl.java:135)
	... 18 more

2026-04-07T18:16:24.734178Z Warn: WebSocket disconnected, retrying in 5000ms
2026-04-07T18:16:27.078821Z Info: Scroll changed: id=674e0d67-34c0-4267-8b94-748f0d226cfb -> 1019:205
2026-04-07T18:16:27.610741Z Debug: markAsRead: convo=674e0d67-34c0-4267-8b94-748f0d226cfb unread=1/1 newReadTime=1775585787610
2026-04-07T18:16:27.611122Z Debug: markAsRead: convo=674e0d67-34c0-4267-8b94-748f0d226cfb endTime=1775583403033
2026-04-07T18:16:29.035252Z Info: Delay completed, reconnecting...
2026-04-07T18:16:29.038772Z Info: Connecting to WebSocket at wss://michael.seifert.page/api/apps/v1/notify/ws
2026-04-07T18:16:29.251026Z Debug: Sent WebSocket command: establishConnectionRequest
2026-04-07T18:16:29.489678Z Info: Device handshake successful
2026-04-07T18:16:29.49107Z Warn: DriveSync for drive=9ff813af-f2d6-1e2f-9b9d-b189e72d1a11 already exists, skipping
2026-04-07T18:16:29.491588Z Warn: DriveSync for drive=2612429d-1c3f-0372-82b8-d42fb2cc0499 already exists, skipping
2026-04-07T18:16:29.49198Z Warn: DriveSync for drive=4db49422-ebad-02e9-9ab9-6e9c477d1e08 already exists, skipping
2026-04-07T18:16:29.492638Z Debug: Sent WebSocket command: processInbox
2026-04-07T18:16:29.492841Z Debug: Sent WebSocket command: processInbox
2026-04-07T18:16:29.49302Z Debug: Sent WebSocket command: processInbox
2026-04-07T18:16:29.493581Z Info: Synchronizing drive 4db49422-ebad-02e9-9ab9-6e9c477d1e08
2026-04-07T18:16:29.494679Z Info: Synchronizing drive 2612429d-1c3f-0372-82b8-d42fb2cc0499
2026-04-07T18:16:29.496611Z Info: Synchronizing drive 9ff813af-f2d6-1e2f-9b9d-b189e72d1a11
2026-04-07T18:16:29.506472Z Debug: ConversationStream: unreadSync convo=674e0d67-34c0-4267-8b94-748f0d226cfb 1->0
2026-04-07T18:16:29.549882Z Info: Received 0 records from QueryBatch() on Drive 4db49422-ebad-02e9-9ab9-6e9c477d1e08
2026-04-07T18:16:29.550043Z Debug: DriveSync: all DB writes complete for drive 4db49422-ebad-02e9-9ab9-6e9c477d1e08 (0 total records)
2026-04-07T18:16:29.550382Z Debug: Drive 4db49422-ebad-02e9-9ab9-6e9c477d1e08 synchronized with 0 records read.
2026-04-07T18:16:29.581553Z Info: Received 0 records from QueryBatch() on Drive 2612429d-1c3f-0372-82b8-d42fb2cc0499
2026-04-07T18:16:29.581687Z Debug: DriveSync: all DB writes complete for drive 2612429d-1c3f-0372-82b8-d42fb2cc0499 (0 total records)
2026-04-07T18:16:29.58205Z Debug: Drive 2612429d-1c3f-0372-82b8-d42fb2cc0499 synchronized with 0 records read.
2026-04-07T18:16:29.582542Z Info: Received 0 records from QueryBatch() on Drive 9ff813af-f2d6-1e2f-9b9d-b189e72d1a11
2026-04-07T18:16:29.582763Z Debug: DriveSync: all DB writes complete for drive 9ff813af-f2d6-1e2f-9b9d-b189e72d1a11 (0 total records)
2026-04-07T18:16:29.585974Z Debug: ChatMessageStream: Stopped(totalCount=0)
2026-04-07T18:16:29.586059Z Debug: Drive 9ff813af-f2d6-1e2f-9b9d-b189e72d1a11 synchronized with 0 records read.
2026-04-07T18:16:30.02254Z Error: (HomebaseImageLoader) Non-retriable exception: Not found
2026-04-07T18:16:31.853445Z Debug: ConversationStream: Stopped(totalCount=0)
2026-04-07T18:16:31.880733Z Debug: OutboxSync: send() skipped — offline
2026-04-07T18:16:31.899294Z Info: Popping Outbox
2026-04-07T18:16:31.910799Z Info: Popping Outbox
2026-04-07T18:16:31.91106Z Info: Log the data from the outboxRecord here...
2026-04-07T18:16:31.913025Z Info: No more items in outbox
2026-04-07T18:16:32.291901Z Info: Popping Outbox
2026-04-07T18:16:32.293311Z Info: No more items in outbox
2026-04-07T18:16:34.444726Z Debug: ConversationStream: BatchReceived 1 files (conversations=0, messages=1, adminFiles=0)
2026-04-07T18:16:34.445174Z Debug: ChatMessageStream: processIncrementalBatch 1 messages across 1 conversation(s)
2026-04-07T18:16:34.445703Z Debug: ConversationStream: unread++ convo=674e0d67-34c0-4267-8b94-748f0d226cfb count=1
2026-04-07T18:16:34.452705Z Info: No saved scroll position
2026-04-07T18:16:34.497394Z Info: Popping Outbox
2026-04-07T18:16:34.505488Z Info: Popping Outbox
2026-04-07T18:16:34.506005Z Info: Log the data from the outboxRecord here...
2026-04-07T18:16:34.506634Z Info: No more items in outbox
2026-04-07T18:16:34.57463Z Info: Popping Outbox
2026-04-07T18:16:34.579463Z Info: No more items in outbox
2026-04-07T18:16:34.766041Z Info: Synchronizing drive 9ff813af-f2d6-1e2f-9b9d-b189e72d1a11
2026-04-07T18:16:34.905195Z Info: Received 1 records from QueryBatch() on Drive 9ff813af-f2d6-1e2f-9b9d-b189e72d1a11
2026-04-07T18:16:34.905409Z Debug: DriveSync: batch contains 1 chat conversation(s): [674e0d67-34c0-4267-8b94-748f0d226cfb]
2026-04-07T18:16:34.916866Z Debug: ConversationStream: BatchReceived 1 files (conversations=0, messages=1, adminFiles=0)
2026-04-07T18:16:34.916979Z Debug: DriveSync: all DB writes complete for drive 9ff813af-f2d6-1e2f-9b9d-b189e72d1a11 (1 total records)
2026-04-07T18:16:34.917111Z Debug: ConversationStream: unread++ convo=674e0d67-34c0-4267-8b94-748f0d226cfb count=1
2026-04-07T18:16:34.917175Z Debug: ChatMessageStream: processIncrementalBatch 1 messages across 1 conversation(s)
2026-04-07T18:16:34.918015Z Debug: Drive 9ff813af-f2d6-1e2f-9b9d-b189e72d1a11 synchronized with 1 records read.
2026-04-07T18:16:34.919542Z Debug: ConversationStream: Stopped(totalCount=1)
2026-04-07T18:16:34.923618Z Debug: ChatMessageStream: Stopped(totalCount=1)
2026-04-07T18:16:34.926491Z Info: No saved scroll position
2026-04-07T18:16:53.06076Z Info: WebSocket connection ended
2026-04-07T18:16:53.061987Z Info: Connecting to WebSocket at wss://michael.seifert.page/api/apps/v1/notify/ws
2026-04-07T18:16:53.106335Z Error: WebSocket connect failed Unable to resolve host "michael.seifert.page": No address associated with hostname
java.net.UnknownHostException: Unable to resolve host "michael.seifert.page": No address associated with hostname
	at java.net.Inet6AddressImpl.lookupHostByName(Inet6AddressImpl.java:156)
	at java.net.Inet6AddressImpl.lookupAllHostAddr(Inet6AddressImpl.java:103)
	at java.net.InetAddress.getAllByName(InetAddress.java:1152)
	at wf5.b(r8-map-id-fc73651334f76fbacb9920b2bd292de61c7927b00aa67b5cad751dd660dc3e6f:393)
	at m92.d(r8-map-id-fc73651334f76fbacb9920b2bd292de61c7927b00aa67b5cad751dd660dc3e6f:12)
	at m92.a(r8-map-id-fc73651334f76fbacb9920b2bd292de61c7927b00aa67b5cad751dd660dc3e6f:77)
	at uc0.a(r8-map-id-fc73651334f76fbacb9920b2bd292de61c7927b00aa67b5cad751dd660dc3e6f:455)
	at sf5.b(r8-map-id-fc73651334f76fbacb9920b2bd292de61c7927b00aa67b5cad751dd660dc3e6f:104)
	at uc0.a(r8-map-id-fc73651334f76fbacb9920b2bd292de61c7927b00aa67b5cad751dd660dc3e6f:151)
	at sf5.b(r8-map-id-fc73651334f76fbacb9920b2bd292de61c7927b00aa67b5cad751dd660dc3e6f:104)
	at b70.a(r8-map-id-fc73651334f76fbacb9920b2bd292de61c7927b00aa67b5cad751dd660dc3e6f:586)
	at sf5.b(r8-map-id-fc73651334f76fbacb9920b2bd292de61c7927b00aa67b5cad751dd660dc3e6f:104)
	at b70.a(r8-map-id-fc73651334f76fbacb9920b2bd292de61c7927b00aa67b5cad751dd660dc3e6f:215)
	at sf5.b(r8-map-id-fc73651334f76fbacb9920b2bd292de61c7927b00aa67b5cad751dd660dc3e6f:104)
	at jf5.g(r8-map-id-fc73651334f76fbacb9920b2bd292de61c7927b00aa67b5cad751dd660dc3e6f:92)
	at gf5.run(r8-map-id-fc73651334f76fbacb9920b2bd292de61c7927b00aa67b5cad751dd660dc3e6f:42)
	at java.util.concurrent.ThreadPoolExecutor.runWorker(ThreadPoolExecutor.java:1154)
	at java.util.concurrent.ThreadPoolExecutor$Worker.run(ThreadPoolExecutor.java:652)
	at java.lang.Thread.run(Thread.java:1564)
Caused by: android.system.GaiException: android_getaddrinfo failed: EAI_NODATA (No address associated with hostname)
	at libcore.io.Linux.android_getaddrinfo(Native Method)
	at libcore.io.ForwardingOs.android_getaddrinfo(ForwardingOs.java:134)
	at libcore.io.BlockGuardOs.android_getaddrinfo(BlockGuardOs.java:222)
	at libcore.io.ForwardingOs.android_getaddrinfo(ForwardingOs.java:134)
	at java.net.Inet6AddressImpl.lookupHostByName(Inet6AddressImpl.java:135)
	... 18 more

2026-04-07T18:16:53.11276Z Warn: WebSocket disconnected, retrying in 5000ms
2026-04-07T18:16:58.055323Z Info: Delay completed, reconnecting...
2026-04-07T18:16:58.056285Z Info: Connecting to WebSocket at wss://michael.seifert.page/api/apps/v1/notify/ws
2026-04-07T18:16:58.094413Z Error: WebSocket connect failed Unable to resolve host "michael.seifert.page": No address associated with hostname
java.net.UnknownHostException: Unable to resolve host "michael.seifert.page": No address associated with hostname
	at java.net.Inet6AddressImpl.lookupHostByName(Inet6AddressImpl.java:156)
	at java.net.Inet6AddressImpl.lookupAllHostAddr(Inet6AddressImpl.java:103)
	at java.net.InetAddress.getAllByName(InetAddress.java:1152)
	at wf5.b(r8-map-id-fc73651334f76fbacb9920b2bd292de61c7927b00aa67b5cad751dd660dc3e6f:393)
	at m92.d(r8-map-id-fc73651334f76fbacb9920b2bd292de61c7927b00aa67b5cad751dd660dc3e6f:12)
	at m92.a(r8-map-id-fc73651334f76fbacb9920b2bd292de61c7927b00aa67b5cad751dd660dc3e6f:77)
	at uc0.a(r8-map-id-fc73651334f76fbacb9920b2bd292de61c7927b00aa67b5cad751dd660dc3e6f:455)
	at sf5.b(r8-map-id-fc73651334f76fbacb9920b2bd292de61c7927b00aa67b5cad751dd660dc3e6f:104)
	at uc0.a(r8-map-id-fc73651334f76fbacb9920b2bd292de61c7927b00aa67b5cad751dd660dc3e6f:151)
	at sf5.b(r8-map-id-fc73651334f76fbacb9920b2bd292de61c7927b00aa67b5cad751dd660dc3e6f:104)
	at b70.a(r8-map-id-fc73651334f76fbacb9920b2bd292de61c7927b00aa67b5cad751dd660dc3e6f:586)
	at sf5.b(r8-map-id-fc73651334f76fbacb9920b2bd292de61c7927b00aa67b5cad751dd660dc3e6f:104)
	at b70.a(r8-map-id-fc73651334f76fbacb9920b2bd292de61c7927b00aa67b5cad751dd660dc3e6f:215)
	at sf5.b(r8-map-id-fc73651334f76fbacb9920b2bd292de61c7927b00aa67b5cad751dd660dc3e6f:104)
	at jf5.g(r8-map-id-fc73651334f76fbacb9920b2bd292de61c7927b00aa67b5cad751dd660dc3e6f:92)
	at gf5.run(r8-map-id-fc73651334f76fbacb9920b2bd292de61c7927b00aa67b5cad751dd660dc3e6f:42)
	at java.util.concurrent.ThreadPoolExecutor.runWorker(ThreadPoolExecutor.java:1154)
	at java.util.concurrent.ThreadPoolExecutor$Worker.run(ThreadPoolExecutor.java:652)
	at java.lang.Thread.run(Thread.java:1564)
Caused by: android.system.GaiException: android_getaddrinfo failed: EAI_NODATA (No address associated with hostname)
	at libcore.io.Linux.android_getaddrinfo(Native Method)
	at libcore.io.ForwardingOs.android_getaddrinfo(ForwardingOs.java:134)
	at libcore.io.BlockGuardOs.android_getaddrinfo(BlockGuardOs.java:222)
	at libcore.io.ForwardingOs.android_getaddrinfo(ForwardingOs.java:134)
	at java.net.Inet6AddressImpl.lookupHostByName(Inet6AddressImpl.java:135)
	... 18 more

2026-04-07T18:16:58.103491Z Warn: WebSocket disconnected, retrying in 5000ms
2026-04-07T18:17:03.834908Z Info: Delay completed, reconnecting...
2026-04-07T18:17:03.838979Z Info: Connecting to WebSocket at wss://michael.seifert.page/api/apps/v1/notify/ws
2026-04-07T18:17:03.876733Z Error: WebSocket connect failed Unable to resolve host "michael.seifert.page": No address associated with hostname
java.net.UnknownHostException: Unable to resolve host "michael.seifert.page": No address associated with hostname
	at java.net.Inet6AddressImpl.lookupHostByName(Inet6AddressImpl.java:156)
	at java.net.Inet6AddressImpl.lookupAllHostAddr(Inet6AddressImpl.java:103)
	at java.net.InetAddress.getAllByName(InetAddress.java:1152)
	at wf5.b(r8-map-id-fc73651334f76fbacb9920b2bd292de61c7927b00aa67b5cad751dd660dc3e6f:393)
	at m92.d(r8-map-id-fc73651334f76fbacb9920b2bd292de61c7927b00aa67b5cad751dd660dc3e6f:12)
	at m92.a(r8-map-id-fc73651334f76fbacb9920b2bd292de61c7927b00aa67b5cad751dd660dc3e6f:77)
	at uc0.a(r8-map-id-fc73651334f76fbacb9920b2bd292de61c7927b00aa67b5cad751dd660dc3e6f:455)
	at sf5.b(r8-map-id-fc73651334f76fbacb9920b2bd292de61c7927b00aa67b5cad751dd660dc3e6f:104)
	at uc0.a(r8-map-id-fc73651334f76fbacb9920b2bd292de61c7927b00aa67b5cad751dd660dc3e6f:151)
	at sf5.b(r8-map-id-fc73651334f76fbacb9920b2bd292de61c7927b00aa67b5cad751dd660dc3e6f:104)
	at b70.a(r8-map-id-fc73651334f76fbacb9920b2bd292de61c7927b00aa67b5cad751dd660dc3e6f:586)
	at sf5.b(r8-map-id-fc73651334f76fbacb9920b2bd292de61c7927b00aa67b5cad751dd660dc3e6f:104)
	at b70.a(r8-map-id-fc73651334f76fbacb9920b2bd292de61c7927b00aa67b5cad751dd660dc3e6f:215)
	at sf5.b(r8-map-id-fc73651334f76fbacb9920b2bd292de61c7927b00aa67b5cad751dd660dc3e6f:104)
	at jf5.g(r8-map-id-fc73651334f76fbacb9920b2bd292de61c7927b00aa67b5cad751dd660dc3e6f:92)
	at gf5.run(r8-map-id-fc73651334f76fbacb9920b2bd292de61c7927b00aa67b5cad751dd660dc3e6f:42)
	at java.util.concurrent.ThreadPoolExecutor.runWorker(ThreadPoolExecutor.java:1154)
	at java.util.concurrent.ThreadPoolExecutor$Worker.run(ThreadPoolExecutor.java:652)
	at java.lang.Thread.run(Thread.java:1564)
Caused by: android.system.GaiException: android_getaddrinfo failed: EAI_NODATA (No address associated with hostname)
	at libcore.io.Linux.android_getaddrinfo(Native Method)
	at libcore.io.ForwardingOs.android_getaddrinfo(ForwardingOs.java:134)
	at libcore.io.BlockGuardOs.android_getaddrinfo(BlockGuardOs.java:222)
	at libcore.io.ForwardingOs.android_getaddrinfo(ForwardingOs.java:134)
	at java.net.Inet6AddressImpl.lookupHostByName(Inet6AddressImpl.java:135)
	... 18 more

2026-04-07T18:17:03.880039Z Warn: WebSocket disconnected, retrying in 5000ms
2026-04-07T18:17:09.259065Z Info: Delay completed, reconnecting...
2026-04-07T18:17:09.268025Z Info: Connecting to WebSocket at wss://michael.seifert.page/api/apps/v1/notify/ws
2026-04-07T18:17:09.295682Z Error: WebSocket connect failed Unable to resolve host "michael.seifert.page": No address associated with hostname
java.net.UnknownHostException: Unable to resolve host "michael.seifert.page": No address associated with hostname
	at java.net.Inet6AddressImpl.lookupHostByName(Inet6AddressImpl.java:156)
	at java.net.Inet6AddressImpl.lookupAllHostAddr(Inet6AddressImpl.java:103)
	at java.net.InetAddress.getAllByName(InetAddress.java:1152)
	at wf5.b(r8-map-id-fc73651334f76fbacb9920b2bd292de61c7927b00aa67b5cad751dd660dc3e6f:393)
	at m92.d(r8-map-id-fc73651334f76fbacb9920b2bd292de61c7927b00aa67b5cad751dd660dc3e6f:12)
	at m92.a(r8-map-id-fc73651334f76fbacb9920b2bd292de61c7927b00aa67b5cad751dd660dc3e6f:77)
	at uc0.a(r8-map-id-fc73651334f76fbacb9920b2bd292de61c7927b00aa67b5cad751dd660dc3e6f:455)
	at sf5.b(r8-map-id-fc73651334f76fbacb9920b2bd292de61c7927b00aa67b5cad751dd660dc3e6f:104)
	at uc0.a(r8-map-id-fc73651334f76fbacb9920b2bd292de61c7927b00aa67b5cad751dd660dc3e6f:151)
	at sf5.b(r8-map-id-fc73651334f76fbacb9920b2bd292de61c7927b00aa67b5cad751dd660dc3e6f:104)
	at b70.a(r8-map-id-fc73651334f76fbacb9920b2bd292de61c7927b00aa67b5cad751dd660dc3e6f:586)
	at sf5.b(r8-map-id-fc73651334f76fbacb9920b2bd292de61c7927b00aa67b5cad751dd660dc3e6f:104)
	at b70.a(r8-map-id-fc73651334f76fbacb9920b2bd292de61c7927b00aa67b5cad751dd660dc3e6f:215)
	at sf5.b(r8-map-id-fc73651334f76fbacb9920b2bd292de61c7927b00aa67b5cad751dd660dc3e6f:104)
	at jf5.g(r8-map-id-fc73651334f76fbacb9920b2bd292de61c7927b00aa67b5cad751dd660dc3e6f:92)
	at gf5.run(r8-map-id-fc73651334f76fbacb9920b2bd292de61c7927b00aa67b5cad751dd660dc3e6f:42)
	at java.util.concurrent.ThreadPoolExecutor.runWorker(ThreadPoolExecutor.java:1154)
	at java.util.concurrent.ThreadPoolExecutor$Worker.run(ThreadPoolExecutor.java:652)
	at java.lang.Thread.run(Thread.java:1564)
Caused by: android.system.GaiException: android_getaddrinfo failed: EAI_NODATA (No address associated with hostname)
	at libcore.io.Linux.android_getaddrinfo(Native Method)
	at libcore.io.ForwardingOs.android_getaddrinfo(ForwardingOs.java:134)
	at libcore.io.BlockGuardOs.android_getaddrinfo(BlockGuardOs.java:222)
	at libcore.io.ForwardingOs.android_getaddrinfo(ForwardingOs.java:134)
	at java.net.Inet6AddressImpl.lookupHostByName(Inet6AddressImpl.java:135)
	... 18 more

2026-04-07T18:17:09.297624Z Warn: WebSocket disconnected, retrying in 5000ms
2026-04-07T18:17:13.751074Z Info: Delay completed, reconnecting...
2026-04-07T18:17:13.758396Z Info: Connecting to WebSocket at wss://michael.seifert.page/api/apps/v1/notify/ws
2026-04-07T18:17:13.784259Z Error: WebSocket connect failed Unable to resolve host "michael.seifert.page": No address associated with hostname
java.net.UnknownHostException: Unable to resolve host "michael.seifert.page": No address associated with hostname
	at java.net.Inet6AddressImpl.lookupHostByName(Inet6AddressImpl.java:156)
	at java.net.Inet6AddressImpl.lookupAllHostAddr(Inet6AddressImpl.java:103)
	at java.net.InetAddress.getAllByName(InetAddress.java:1152)
	at wf5.b(r8-map-id-fc73651334f76fbacb9920b2bd292de61c7927b00aa67b5cad751dd660dc3e6f:393)
	at m92.d(r8-map-id-fc73651334f76fbacb9920b2bd292de61c7927b00aa67b5cad751dd660dc3e6f:12)
	at m92.a(r8-map-id-fc73651334f76fbacb9920b2bd292de61c7927b00aa67b5cad751dd660dc3e6f:77)
	at uc0.a(r8-map-id-fc73651334f76fbacb9920b2bd292de61c7927b00aa67b5cad751dd660dc3e6f:455)
	at sf5.b(r8-map-id-fc73651334f76fbacb9920b2bd292de61c7927b00aa67b5cad751dd660dc3e6f:104)
	at uc0.a(r8-map-id-fc73651334f76fbacb9920b2bd292de61c7927b00aa67b5cad751dd660dc3e6f:151)
	at sf5.b(r8-map-id-fc73651334f76fbacb9920b2bd292de61c7927b00aa67b5cad751dd660dc3e6f:104)
	at b70.a(r8-map-id-fc73651334f76fbacb9920b2bd292de61c7927b00aa67b5cad751dd660dc3e6f:586)
	at sf5.b(r8-map-id-fc73651334f76fbacb9920b2bd292de61c7927b00aa67b5cad751dd660dc3e6f:104)
	at b70.a(r8-map-id-fc73651334f76fbacb9920b2bd292de61c7927b00aa67b5cad751dd660dc3e6f:215)
	at sf5.b(r8-map-id-fc73651334f76fbacb9920b2bd292de61c7927b00aa67b5cad751dd660dc3e6f:104)
	at jf5.g(r8-map-id-fc73651334f76fbacb9920b2bd292de61c7927b00aa67b5cad751dd660dc3e6f:92)
	at gf5.run(r8-map-id-fc73651334f76fbacb9920b2bd292de61c7927b00aa67b5cad751dd660dc3e6f:42)
	at java.util.concurrent.ThreadPoolExecutor.runWorker(ThreadPoolExecutor.java:1154)
	at java.util.concurrent.ThreadPoolExecutor$Worker.run(ThreadPoolExecutor.java:652)
	at java.lang.Thread.run(Thread.java:1564)
Caused by: android.system.GaiException: android_getaddrinfo failed: EAI_NODATA (No address associated with hostname)
	at libcore.io.Linux.android_getaddrinfo(Native Method)
	at libcore.io.ForwardingOs.android_getaddrinfo(ForwardingOs.java:134)
	at libcore.io.BlockGuardOs.android_getaddrinfo(BlockGuardOs.java:222)
	at libcore.io.ForwardingOs.android_getaddrinfo(ForwardingOs.java:134)
	at java.net.Inet6AddressImpl.lookupHostByName(Inet6AddressImpl.java:135)
	... 18 more

2026-04-07T18:17:13.787331Z Warn: WebSocket disconnected, retrying in 5000ms
2026-04-07T18:17:18.998477Z Info: Delay completed, reconnecting...
2026-04-07T18:17:19.016718Z Info: Connecting to WebSocket at wss://michael.seifert.page/api/apps/v1/notify/ws
2026-04-07T18:17:19.092503Z Error: WebSocket connect failed Unable to resolve host "michael.seifert.page": No address associated with hostname
java.net.UnknownHostException: Unable to resolve host "michael.seifert.page": No address associated with hostname
	at java.net.Inet6AddressImpl.lookupHostByName(Inet6AddressImpl.java:156)
	at java.net.Inet6AddressImpl.lookupAllHostAddr(Inet6AddressImpl.java:103)
	at java.net.InetAddress.getAllByName(InetAddress.java:1152)
	at wf5.b(r8-map-id-fc73651334f76fbacb9920b2bd292de61c7927b00aa67b5cad751dd660dc3e6f:393)
	at m92.d(r8-map-id-fc73651334f76fbacb9920b2bd292de61c7927b00aa67b5cad751dd660dc3e6f:12)
	at m92.a(r8-map-id-fc73651334f76fbacb9920b2bd292de61c7927b00aa67b5cad751dd660dc3e6f:77)
	at uc0.a(r8-map-id-fc73651334f76fbacb9920b2bd292de61c7927b00aa67b5cad751dd660dc3e6f:455)
	at sf5.b(r8-map-id-fc73651334f76fbacb9920b2bd292de61c7927b00aa67b5cad751dd660dc3e6f:104)
	at uc0.a(r8-map-id-fc73651334f76fbacb9920b2bd292de61c7927b00aa67b5cad751dd660dc3e6f:151)
	at sf5.b(r8-map-id-fc73651334f76fbacb9920b2bd292de61c7927b00aa67b5cad751dd660dc3e6f:104)
	at b70.a(r8-map-id-fc73651334f76fbacb9920b2bd292de61c7927b00aa67b5cad751dd660dc3e6f:586)
	at sf5.b(r8-map-id-fc73651334f76fbacb9920b2bd292de61c7927b00aa67b5cad751dd660dc3e6f:104)
	at b70.a(r8-map-id-fc73651334f76fbacb9920b2bd292de61c7927b00aa67b5cad751dd660dc3e6f:215)
	at sf5.b(r8-map-id-fc73651334f76fbacb9920b2bd292de61c7927b00aa67b5cad751dd660dc3e6f:104)
	at jf5.g(r8-map-id-fc73651334f76fbacb9920b2bd292de61c7927b00aa67b5cad751dd660dc3e6f:92)
	at gf5.run(r8-map-id-fc73651334f76fbacb9920b2bd292de61c7927b00aa67b5cad751dd660dc3e6f:42)
	at java.util.concurrent.ThreadPoolExecutor.runWorker(ThreadPoolExecutor.java:1154)
	at java.util.concurrent.ThreadPoolExecutor$Worker.run(ThreadPoolExecutor.java:652)
	at java.lang.Thread.run(Thread.java:1564)
Caused by: android.system.GaiException: android_getaddrinfo failed: EAI_NODATA (No address associated with hostname)
	at libcore.io.Linux.android_getaddrinfo(Native Method)
	at libcore.io.ForwardingOs.android_getaddrinfo(ForwardingOs.java:134)
	at libcore.io.BlockGuardOs.android_getaddrinfo(BlockGuardOs.java:222)
	at libcore.io.ForwardingOs.android_getaddrinfo(ForwardingOs.java:134)
	at java.net.Inet6AddressImpl.lookupHostByName(Inet6AddressImpl.java:135)
	... 18 more

2026-04-07T18:17:19.094922Z Warn: WebSocket disconnected, retrying in 5000ms
2026-04-07T18:17:24.166683Z Info: Delay completed, reconnecting...
2026-04-07T18:17:24.168917Z Info: Connecting to WebSocket at wss://michael.seifert.page/api/apps/v1/notify/ws
2026-04-07T18:17:24.186743Z Error: WebSocket connect failed Unable to resolve host "michael.seifert.page": No address associated with hostname
java.net.UnknownHostException: Unable to resolve host "michael.seifert.page": No address associated with hostname
	at java.net.Inet6AddressImpl.lookupHostByName(Inet6AddressImpl.java:156)
	at java.net.Inet6AddressImpl.lookupAllHostAddr(Inet6AddressImpl.java:103)
	at java.net.InetAddress.getAllByName(InetAddress.java:1152)
	at wf5.b(r8-map-id-fc73651334f76fbacb9920b2bd292de61c7927b00aa67b5cad751dd660dc3e6f:393)
	at m92.d(r8-map-id-fc73651334f76fbacb9920b2bd292de61c7927b00aa67b5cad751dd660dc3e6f:12)
	at m92.a(r8-map-id-fc73651334f76fbacb9920b2bd292de61c7927b00aa67b5cad751dd660dc3e6f:77)
	at uc0.a(r8-map-id-fc73651334f76fbacb9920b2bd292de61c7927b00aa67b5cad751dd660dc3e6f:455)
	at sf5.b(r8-map-id-fc73651334f76fbacb9920b2bd292de61c7927b00aa67b5cad751dd660dc3e6f:104)
	at uc0.a(r8-map-id-fc73651334f76fbacb9920b2bd292de61c7927b00aa67b5cad751dd660dc3e6f:151)
	at sf5.b(r8-map-id-fc73651334f76fbacb9920b2bd292de61c7927b00aa67b5cad751dd660dc3e6f:104)
	at b70.a(r8-map-id-fc73651334f76fbacb9920b2bd292de61c7927b00aa67b5cad751dd660dc3e6f:586)
	at sf5.b(r8-map-id-fc73651334f76fbacb9920b2bd292de61c7927b00aa67b5cad751dd660dc3e6f:104)
	at b70.a(r8-map-id-fc73651334f76fbacb9920b2bd292de61c7927b00aa67b5cad751dd660dc3e6f:215)
	at sf5.b(r8-map-id-fc73651334f76fbacb9920b2bd292de61c7927b00aa67b5cad751dd660dc3e6f:104)
	at jf5.g(r8-map-id-fc73651334f76fbacb9920b2bd292de61c7927b00aa67b5cad751dd660dc3e6f:92)
	at gf5.run(r8-map-id-fc73651334f76fbacb9920b2bd292de61c7927b00aa67b5cad751dd660dc3e6f:42)
	at java.util.concurrent.ThreadPoolExecutor.runWorker(ThreadPoolExecutor.java:1154)
	at java.util.concurrent.ThreadPoolExecutor$Worker.run(ThreadPoolExecutor.java:652)
	at java.lang.Thread.run(Thread.java:1564)
Caused by: android.system.GaiException: android_getaddrinfo failed: EAI_NODATA (No address associated with hostname)
	at libcore.io.Linux.android_getaddrinfo(Native Method)
	at libcore.io.ForwardingOs.android_getaddrinfo(ForwardingOs.java:134)
	at libcore.io.BlockGuardOs.android_getaddrinfo(BlockGuardOs.java:222)
	at libcore.io.ForwardingOs.android_getaddrinfo(ForwardingOs.java:134)
	at java.net.Inet6AddressImpl.lookupHostByName(Inet6AddressImpl.java:135)
	... 18 more

2026-04-07T18:17:24.190906Z Warn: WebSocket disconnected, retrying in 5000ms
2026-04-07T18:17:28.272707Z Info: Delay completed, reconnecting...
2026-04-07T18:17:28.275455Z Info: Connecting to WebSocket at wss://michael.seifert.page/api/apps/v1/notify/ws
2026-04-07T18:17:28.325909Z Error: WebSocket connect failed Unable to resolve host "michael.seifert.page": No address associated with hostname
java.net.UnknownHostException: Unable to resolve host "michael.seifert.page": No address associated with hostname
	at java.net.Inet6AddressImpl.lookupHostByName(Inet6AddressImpl.java:156)
	at java.net.Inet6AddressImpl.lookupAllHostAddr(Inet6AddressImpl.java:103)
	at java.net.InetAddress.getAllByName(InetAddress.java:1152)
	at wf5.b(r8-map-id-fc73651334f76fbacb9920b2bd292de61c7927b00aa67b5cad751dd660dc3e6f:393)
	at m92.d(r8-map-id-fc73651334f76fbacb9920b2bd292de61c7927b00aa67b5cad751dd660dc3e6f:12)
	at m92.a(r8-map-id-fc73651334f76fbacb9920b2bd292de61c7927b00aa67b5cad751dd660dc3e6f:77)
	at uc0.a(r8-map-id-fc73651334f76fbacb9920b2bd292de61c7927b00aa67b5cad751dd660dc3e6f:455)
	at sf5.b(r8-map-id-fc73651334f76fbacb9920b2bd292de61c7927b00aa67b5cad751dd660dc3e6f:104)
	at uc0.a(r8-map-id-fc73651334f76fbacb9920b2bd292de61c7927b00aa67b5cad751dd660dc3e6f:151)
	at sf5.b(r8-map-id-fc73651334f76fbacb9920b2bd292de61c7927b00aa67b5cad751dd660dc3e6f:104)
	at b70.a(r8-map-id-fc73651334f76fbacb9920b2bd292de61c7927b00aa67b5cad751dd660dc3e6f:586)
	at sf5.b(r8-map-id-fc73651334f76fbacb9920b2bd292de61c7927b00aa67b5cad751dd660dc3e6f:104)
	at b70.a(r8-map-id-fc73651334f76fbacb9920b2bd292de61c7927b00aa67b5cad751dd660dc3e6f:215)
	at sf5.b(r8-map-id-fc73651334f76fbacb9920b2bd292de61c7927b00aa67b5cad751dd660dc3e6f:104)
	at jf5.g(r8-map-id-fc73651334f76fbacb9920b2bd292de61c7927b00aa67b5cad751dd660dc3e6f:92)
	at gf5.run(r8-map-id-fc73651334f76fbacb9920b2bd292de61c7927b00aa67b5cad751dd660dc3e6f:42)
	at java.util.concurrent.ThreadPoolExecutor.runWorker(ThreadPoolExecutor.java:1154)
	at java.util.concurrent.ThreadPoolExecutor$Worker.run(ThreadPoolExecutor.java:652)
	at java.lang.Thread.run(Thread.java:1564)
Caused by: android.system.GaiException: android_getaddrinfo failed: EAI_NODATA (No address associated with hostname)
	at libcore.io.Linux.android_getaddrinfo(Native Method)
	at libcore.io.ForwardingOs.android_getaddrinfo(ForwardingOs.java:134)
	at libcore.io.BlockGuardOs.android_getaddrinfo(BlockGuardOs.java:222)
	at libcore.io.ForwardingOs.android_getaddrinfo(ForwardingOs.java:134)
	at java.net.Inet6AddressImpl.lookupHostByName(Inet6AddressImpl.java:135)
	... 18 more

2026-04-07T18:17:28.328272Z Warn: WebSocket disconnected, retrying in 5000ms
2026-04-07T18:17:33.769122Z Info: Delay completed, reconnecting...
2026-04-07T18:17:33.770565Z Info: Connecting to WebSocket at wss://michael.seifert.page/api/apps/v1/notify/ws
2026-04-07T18:17:33.784776Z Error: WebSocket connect failed Unable to resolve host "michael.seifert.page": No address associated with hostname
java.net.UnknownHostException: Unable to resolve host "michael.seifert.page": No address associated with hostname
	at java.net.Inet6AddressImpl.lookupHostByName(Inet6AddressImpl.java:156)
	at java.net.Inet6AddressImpl.lookupAllHostAddr(Inet6AddressImpl.java:103)
	at java.net.InetAddress.getAllByName(InetAddress.java:1152)
	at wf5.b(r8-map-id-fc73651334f76fbacb9920b2bd292de61c7927b00aa67b5cad751dd660dc3e6f:393)
	at m92.d(r8-map-id-fc73651334f76fbacb9920b2bd292de61c7927b00aa67b5cad751dd660dc3e6f:12)
	at m92.a(r8-map-id-fc73651334f76fbacb9920b2bd292de61c7927b00aa67b5cad751dd660dc3e6f:77)
	at uc0.a(r8-map-id-fc73651334f76fbacb9920b2bd292de61c7927b00aa67b5cad751dd660dc3e6f:455)
	at sf5.b(r8-map-id-fc73651334f76fbacb9920b2bd292de61c7927b00aa67b5cad751dd660dc3e6f:104)
	at uc0.a(r8-map-id-fc73651334f76fbacb9920b2bd292de61c7927b00aa67b5cad751dd660dc3e6f:151)
	at sf5.b(r8-map-id-fc73651334f76fbacb9920b2bd292de61c7927b00aa67b5cad751dd660dc3e6f:104)
	at b70.a(r8-map-id-fc73651334f76fbacb9920b2bd292de61c7927b00aa67b5cad751dd660dc3e6f:586)
	at sf5.b(r8-map-id-fc73651334f76fbacb9920b2bd292de61c7927b00aa67b5cad751dd660dc3e6f:104)
	at b70.a(r8-map-id-fc73651334f76fbacb9920b2bd292de61c7927b00aa67b5cad751dd660dc3e6f:215)
	at sf5.b(r8-map-id-fc73651334f76fbacb9920b2bd292de61c7927b00aa67b5cad751dd660dc3e6f:104)
	at jf5.g(r8-map-id-fc73651334f76fbacb9920b2bd292de61c7927b00aa67b5cad751dd660dc3e6f:92)
	at gf5.run(r8-map-id-fc73651334f76fbacb9920b2bd292de61c7927b00aa67b5cad751dd660dc3e6f:42)
	at java.util.concurrent.ThreadPoolExecutor.runWorker(ThreadPoolExecutor.java:1154)
	at java.util.concurrent.ThreadPoolExecutor$Worker.run(ThreadPoolExecutor.java:652)
	at java.lang.Thread.run(Thread.java:1564)
Caused by: android.system.GaiException: android_getaddrinfo failed: EAI_NODATA (No address associated with hostname)
	at libcore.io.Linux.android_getaddrinfo(Native Method)
	at libcore.io.ForwardingOs.android_getaddrinfo(ForwardingOs.java:134)
	at libcore.io.BlockGuardOs.android_getaddrinfo(BlockGuardOs.java:222)
	at libcore.io.ForwardingOs.android_getaddrinfo(ForwardingOs.java:134)
	at java.net.Inet6AddressImpl.lookupHostByName(Inet6AddressImpl.java:135)
	... 18 more

2026-04-07T18:17:33.786992Z Warn: WebSocket disconnected, retrying in 5000ms
2026-04-07T18:17:39.048593Z Info: Delay completed, reconnecting...
2026-04-07T18:17:39.050777Z Info: Connecting to WebSocket at wss://michael.seifert.page/api/apps/v1/notify/ws
2026-04-07T18:17:39.080883Z Error: WebSocket connect failed Unable to resolve host "michael.seifert.page": No address associated with hostname
java.net.UnknownHostException: Unable to resolve host "michael.seifert.page": No address associated with hostname
	at java.net.Inet6AddressImpl.lookupHostByName(Inet6AddressImpl.java:156)
	at java.net.Inet6AddressImpl.lookupAllHostAddr(Inet6AddressImpl.java:103)
	at java.net.InetAddress.getAllByName(InetAddress.java:1152)
	at wf5.b(r8-map-id-fc73651334f76fbacb9920b2bd292de61c7927b00aa67b5cad751dd660dc3e6f:393)
	at m92.d(r8-map-id-fc73651334f76fbacb9920b2bd292de61c7927b00aa67b5cad751dd660dc3e6f:12)
	at m92.a(r8-map-id-fc73651334f76fbacb9920b2bd292de61c7927b00aa67b5cad751dd660dc3e6f:77)
	at uc0.a(r8-map-id-fc73651334f76fbacb9920b2bd292de61c7927b00aa67b5cad751dd660dc3e6f:455)
	at sf5.b(r8-map-id-fc73651334f76fbacb9920b2bd292de61c7927b00aa67b5cad751dd660dc3e6f:104)
	at uc0.a(r8-map-id-fc73651334f76fbacb9920b2bd292de61c7927b00aa67b5cad751dd660dc3e6f:151)
	at sf5.b(r8-map-id-fc73651334f76fbacb9920b2bd292de61c7927b00aa67b5cad751dd660dc3e6f:104)
	at b70.a(r8-map-id-fc73651334f76fbacb9920b2bd292de61c7927b00aa67b5cad751dd660dc3e6f:586)
	at sf5.b(r8-map-id-fc73651334f76fbacb9920b2bd292de61c7927b00aa67b5cad751dd660dc3e6f:104)
	at b70.a(r8-map-id-fc73651334f76fbacb9920b2bd292de61c7927b00aa67b5cad751dd660dc3e6f:215)
	at sf5.b(r8-map-id-fc73651334f76fbacb9920b2bd292de61c7927b00aa67b5cad751dd660dc3e6f:104)
	at jf5.g(r8-map-id-fc73651334f76fbacb9920b2bd292de61c7927b00aa67b5cad751dd660dc3e6f:92)
	at gf5.run(r8-map-id-fc73651334f76fbacb9920b2bd292de61c7927b00aa67b5cad751dd660dc3e6f:42)
	at java.util.concurrent.ThreadPoolExecutor.runWorker(ThreadPoolExecutor.java:1154)
	at java.util.concurrent.ThreadPoolExecutor$Worker.run(ThreadPoolExecutor.java:652)
	at java.lang.Thread.run(Thread.java:1564)
Caused by: android.system.GaiException: android_getaddrinfo failed: EAI_NODATA (No address associated with hostname)
	at libcore.io.Linux.android_getaddrinfo(Native Method)
	at libcore.io.ForwardingOs.android_getaddrinfo(ForwardingOs.java:134)
	at libcore.io.BlockGuardOs.android_getaddrinfo(BlockGuardOs.java:222)
	at libcore.io.ForwardingOs.android_getaddrinfo(ForwardingOs.java:134)
	at java.net.Inet6AddressImpl.lookupHostByName(Inet6AddressImpl.java:135)
	... 18 more

2026-04-07T18:17:39.085457Z Warn: WebSocket disconnected, retrying in 5000ms
2026-04-07T18:17:44.86741Z Info: Delay completed, reconnecting...
2026-04-07T18:17:44.868282Z Info: Connecting to WebSocket at wss://michael.seifert.page/api/apps/v1/notify/ws
2026-04-07T18:17:44.880059Z Error: WebSocket connect failed Unable to resolve host "michael.seifert.page": No address associated with hostname
java.net.UnknownHostException: Unable to resolve host "michael.seifert.page": No address associated with hostname
	at java.net.Inet6AddressImpl.lookupHostByName(Inet6AddressImpl.java:156)
	at java.net.Inet6AddressImpl.lookupAllHostAddr(Inet6AddressImpl.java:103)
	at java.net.InetAddress.getAllByName(InetAddress.java:1152)
	at wf5.b(r8-map-id-fc73651334f76fbacb9920b2bd292de61c7927b00aa67b5cad751dd660dc3e6f:393)
	at m92.d(r8-map-id-fc73651334f76fbacb9920b2bd292de61c7927b00aa67b5cad751dd660dc3e6f:12)
	at m92.a(r8-map-id-fc73651334f76fbacb9920b2bd292de61c7927b00aa67b5cad751dd660dc3e6f:77)
	at uc0.a(r8-map-id-fc73651334f76fbacb9920b2bd292de61c7927b00aa67b5cad751dd660dc3e6f:455)
	at sf5.b(r8-map-id-fc73651334f76fbacb9920b2bd292de61c7927b00aa67b5cad751dd660dc3e6f:104)
	at uc0.a(r8-map-id-fc73651334f76fbacb9920b2bd292de61c7927b00aa67b5cad751dd660dc3e6f:151)
	at sf5.b(r8-map-id-fc73651334f76fbacb9920b2bd292de61c7927b00aa67b5cad751dd660dc3e6f:104)
	at b70.a(r8-map-id-fc73651334f76fbacb9920b2bd292de61c7927b00aa67b5cad751dd660dc3e6f:586)
	at sf5.b(r8-map-id-fc73651334f76fbacb9920b2bd292de61c7927b00aa67b5cad751dd660dc3e6f:104)
	at b70.a(r8-map-id-fc73651334f76fbacb9920b2bd292de61c7927b00aa67b5cad751dd660dc3e6f:215)
	at sf5.b(r8-map-id-fc73651334f76fbacb9920b2bd292de61c7927b00aa67b5cad751dd660dc3e6f:104)
	at jf5.g(r8-map-id-fc73651334f76fbacb9920b2bd292de61c7927b00aa67b5cad751dd660dc3e6f:92)
	at gf5.run(r8-map-id-fc73651334f76fbacb9920b2bd292de61c7927b00aa67b5cad751dd660dc3e6f:42)
	at java.util.concurrent.ThreadPoolExecutor.runWorker(ThreadPoolExecutor.java:1154)
	at java.util.concurrent.ThreadPoolExecutor$Worker.run(ThreadPoolExecutor.java:652)
	at java.lang.Thread.run(Thread.java:1564)
Caused by: android.system.GaiException: android_getaddrinfo failed: EAI_NODATA (No address associated with hostname)
	at libcore.io.Linux.android_getaddrinfo(Native Method)
	at libcore.io.ForwardingOs.android_getaddrinfo(ForwardingOs.java:134)
	at libcore.io.BlockGuardOs.android_getaddrinfo(BlockGuardOs.java:222)
	at libcore.io.ForwardingOs.android_getaddrinfo(ForwardingOs.java:134)
	at java.net.Inet6AddressImpl.lookupHostByName(Inet6AddressImpl.java:135)
	... 18 more

2026-04-07T18:17:44.882007Z Warn: WebSocket disconnected, retrying in 5000ms
2026-04-07T18:17:49.931941Z Info: Delay completed, reconnecting...
2026-04-07T18:17:49.93716Z Info: Connecting to WebSocket at wss://michael.seifert.page/api/apps/v1/notify/ws
2026-04-07T18:17:49.946782Z Error: WebSocket connect failed Unable to resolve host "michael.seifert.page": No address associated with hostname
java.net.UnknownHostException: Unable to resolve host "michael.seifert.page": No address associated with hostname
	at java.net.Inet6AddressImpl.lookupHostByName(Inet6AddressImpl.java:156)
	at java.net.Inet6AddressImpl.lookupAllHostAddr(Inet6AddressImpl.java:103)
	at java.net.InetAddress.getAllByName(InetAddress.java:1152)
	at wf5.b(r8-map-id-fc73651334f76fbacb9920b2bd292de61c7927b00aa67b5cad751dd660dc3e6f:393)
	at m92.d(r8-map-id-fc73651334f76fbacb9920b2bd292de61c7927b00aa67b5cad751dd660dc3e6f:12)
	at m92.a(r8-map-id-fc73651334f76fbacb9920b2bd292de61c7927b00aa67b5cad751dd660dc3e6f:77)
	at uc0.a(r8-map-id-fc73651334f76fbacb9920b2bd292de61c7927b00aa67b5cad751dd660dc3e6f:455)
	at sf5.b(r8-map-id-fc73651334f76fbacb9920b2bd292de61c7927b00aa67b5cad751dd660dc3e6f:104)
	at uc0.a(r8-map-id-fc73651334f76fbacb9920b2bd292de61c7927b00aa67b5cad751dd660dc3e6f:151)
	at sf5.b(r8-map-id-fc73651334f76fbacb9920b2bd292de61c7927b00aa67b5cad751dd660dc3e6f:104)
	at b70.a(r8-map-id-fc73651334f76fbacb9920b2bd292de61c7927b00aa67b5cad751dd660dc3e6f:586)
	at sf5.b(r8-map-id-fc73651334f76fbacb9920b2bd292de61c7927b00aa67b5cad751dd660dc3e6f:104)
	at b70.a(r8-map-id-fc73651334f76fbacb9920b2bd292de61c7927b00aa67b5cad751dd660dc3e6f:215)
	at sf5.b(r8-map-id-fc73651334f76fbacb9920b2bd292de61c7927b00aa67b5cad751dd660dc3e6f:104)
	at jf5.g(r8-map-id-fc73651334f76fbacb9920b2bd292de61c7927b00aa67b5cad751dd660dc3e6f:92)
	at gf5.run(r8-map-id-fc73651334f76fbacb9920b2bd292de61c7927b00aa67b5cad751dd660dc3e6f:42)
	at java.util.concurrent.ThreadPoolExecutor.runWorker(ThreadPoolExecutor.java:1154)
	at java.util.concurrent.ThreadPoolExecutor$Worker.run(ThreadPoolExecutor.java:652)
	at java.lang.Thread.run(Thread.java:1564)
Caused by: android.system.GaiException: android_getaddrinfo failed: EAI_NODATA (No address associated with hostname)
	at libcore.io.Linux.android_getaddrinfo(Native Method)
	at libcore.io.ForwardingOs.android_getaddrinfo(ForwardingOs.java:134)
	at libcore.io.BlockGuardOs.android_getaddrinfo(BlockGuardOs.java:222)
	at libcore.io.ForwardingOs.android_getaddrinfo(ForwardingOs.java:134)
	at java.net.Inet6AddressImpl.lookupHostByName(Inet6AddressImpl.java:135)
	... 18 more

2026-04-07T18:17:49.9491Z Warn: WebSocket disconnected, retrying in 5000ms
2026-04-07T18:17:55.808295Z Info: Delay completed, reconnecting...
2026-04-07T18:17:55.856068Z Info: Connecting to WebSocket at wss://michael.seifert.page/api/apps/v1/notify/ws
2026-04-07T18:17:55.966871Z Error: WebSocket connect failed Unable to resolve host "michael.seifert.page": No address associated with hostname
java.net.UnknownHostException: Unable to resolve host "michael.seifert.page": No address associated with hostname
	at java.net.Inet6AddressImpl.lookupHostByName(Inet6AddressImpl.java:156)
	at java.net.Inet6AddressImpl.lookupAllHostAddr(Inet6AddressImpl.java:103)
	at java.net.InetAddress.getAllByName(InetAddress.java:1152)
	at wf5.b(r8-map-id-fc73651334f76fbacb9920b2bd292de61c7927b00aa67b5cad751dd660dc3e6f:393)
	at m92.d(r8-map-id-fc73651334f76fbacb9920b2bd292de61c7927b00aa67b5cad751dd660dc3e6f:12)
	at m92.a(r8-map-id-fc73651334f76fbacb9920b2bd292de61c7927b00aa67b5cad751dd660dc3e6f:77)
	at uc0.a(r8-map-id-fc73651334f76fbacb9920b2bd292de61c7927b00aa67b5cad751dd660dc3e6f:455)
	at sf5.b(r8-map-id-fc73651334f76fbacb9920b2bd292de61c7927b00aa67b5cad751dd660dc3e6f:104)
	at uc0.a(r8-map-id-fc73651334f76fbacb9920b2bd292de61c7927b00aa67b5cad751dd660dc3e6f:151)
	at sf5.b(r8-map-id-fc73651334f76fbacb9920b2bd292de61c7927b00aa67b5cad751dd660dc3e6f:104)
	at b70.a(r8-map-id-fc73651334f76fbacb9920b2bd292de61c7927b00aa67b5cad751dd660dc3e6f:586)
	at sf5.b(r8-map-id-fc73651334f76fbacb9920b2bd292de61c7927b00aa67b5cad751dd660dc3e6f:104)
	at b70.a(r8-map-id-fc73651334f76fbacb9920b2bd292de61c7927b00aa67b5cad751dd660dc3e6f:215)
	at sf5.b(r8-map-id-fc73651334f76fbacb9920b2bd292de61c7927b00aa67b5cad751dd660dc3e6f:104)
	at jf5.g(r8-map-id-fc73651334f76fbacb9920b2bd292de61c7927b00aa67b5cad751dd660dc3e6f:92)
	at gf5.run(r8-map-id-fc73651334f76fbacb9920b2bd292de61c7927b00aa67b5cad751dd660dc3e6f:42)
	at java.util.concurrent.ThreadPoolExecutor.runWorker(ThreadPoolExecutor.java:1154)
	at java.util.concurrent.ThreadPoolExecutor$Worker.run(ThreadPoolExecutor.java:652)
	at java.lang.Thread.run(Thread.java:1564)
Caused by: android.system.GaiException: android_getaddrinfo failed: EAI_NODATA (No address associated with hostname)
	at libcore.io.Linux.android_getaddrinfo(Native Method)
	at libcore.io.ForwardingOs.android_getaddrinfo(ForwardingOs.java:134)
	at libcore.io.BlockGuardOs.android_getaddrinfo(BlockGuardOs.java:222)
	at libcore.io.ForwardingOs.android_getaddrinfo(ForwardingOs.java:134)
	at java.net.Inet6AddressImpl.lookupHostByName(Inet6AddressImpl.java:135)
	... 18 more

2026-04-07T18:17:55.969922Z Warn: WebSocket disconnected, retrying in 5000ms
2026-04-07T18:20:09.705357Z Info: Delay completed, reconnecting...
2026-04-07T18:20:09.714307Z Info: Connecting to WebSocket at wss://michael.seifert.page/api/apps/v1/notify/ws
2026-04-07T18:20:09.917808Z Debug: Sent WebSocket command: establishConnectionRequest
2026-04-07T18:20:10.159335Z Info: Device handshake successful
2026-04-07T18:20:10.163418Z Warn: DriveSync for drive=9ff813af-f2d6-1e2f-9b9d-b189e72d1a11 already exists, skipping
2026-04-07T18:20:10.163705Z Warn: DriveSync for drive=2612429d-1c3f-0372-82b8-d42fb2cc0499 already exists, skipping
2026-04-07T18:20:10.164887Z Warn: DriveSync for drive=4db49422-ebad-02e9-9ab9-6e9c477d1e08 already exists, skipping
2026-04-07T18:20:10.166764Z Debug: Sent WebSocket command: processInbox
2026-04-07T18:20:10.168432Z Debug: Sent WebSocket command: processInbox
2026-04-07T18:20:10.169365Z Debug: Sent WebSocket command: processInbox
2026-04-07T18:20:10.171084Z Info: Synchronizing drive 4db49422-ebad-02e9-9ab9-6e9c477d1e08
2026-04-07T18:20:10.175497Z Info: Synchronizing drive 2612429d-1c3f-0372-82b8-d42fb2cc0499
2026-04-07T18:20:10.177389Z Info: Synchronizing drive 9ff813af-f2d6-1e2f-9b9d-b189e72d1a11
2026-04-07T18:20:10.219797Z Info: Received 0 records from QueryBatch() on Drive 4db49422-ebad-02e9-9ab9-6e9c477d1e08
2026-04-07T18:20:10.220317Z Debug: DriveSync: all DB writes complete for drive 4db49422-ebad-02e9-9ab9-6e9c477d1e08 (0 total records)
2026-04-07T18:20:10.221268Z Debug: Drive 4db49422-ebad-02e9-9ab9-6e9c477d1e08 synchronized with 0 records read.
2026-04-07T18:20:10.256239Z Info: Received 0 records from QueryBatch() on Drive 2612429d-1c3f-0372-82b8-d42fb2cc0499
2026-04-07T18:20:10.256381Z Debug: DriveSync: all DB writes complete for drive 2612429d-1c3f-0372-82b8-d42fb2cc0499 (0 total records)
2026-04-07T18:20:10.256917Z Debug: Drive 2612429d-1c3f-0372-82b8-d42fb2cc0499 synchronized with 0 records read.
2026-04-07T18:20:10.382298Z Info: Received 6 records from QueryBatch() on Drive 9ff813af-f2d6-1e2f-9b9d-b189e72d1a11
2026-04-07T18:20:10.382461Z Debug: DriveSync: batch contains 1 chat conversation(s): [674e0d67-34c0-4267-8b94-748f0d226cfb]
2026-04-07T18:20:12.470123Z Debug: DriveSync: all DB writes complete for drive 9ff813af-f2d6-1e2f-9b9d-b189e72d1a11 (6 total records)
2026-04-07T18:20:12.47002Z Debug: ConversationStream: BatchReceived 6 files (conversations=1, messages=5, adminFiles=0)
2026-04-07T18:20:12.470389Z Debug: Drive 9ff813af-f2d6-1e2f-9b9d-b189e72d1a11 synchronized with 6 records read.
2026-04-07T18:20:12.471302Z Debug: ChatMessageStream: processIncrementalBatch 5 messages across 1 conversation(s)
2026-04-07T18:20:12.473929Z Info: Popping Outbox
2026-04-07T18:20:12.474986Z Info: No more items in outbox
2026-04-07T18:20:12.475274Z Debug: ConversationStream: unread++ convo=674e0d67-34c0-4267-8b94-748f0d226cfb count=1
2026-04-07T18:20:12.476163Z Debug: ConversationStream: Stopped(totalCount=6)
2026-04-07T18:20:12.485341Z Debug: ChatMessageStream: Stopped(totalCount=6)
2026-04-07T18:20:18.761135Z Info: Connecting to WebSocket at wss://michael.seifert.page/api/apps/v1/notify/ws
2026-04-07T18:20:18.760177Z Info: WebSocket connection ended
2026-04-07T18:20:18.780803Z Error: WebSocket connect failed Unable to resolve host "michael.seifert.page": No address associated with hostname
java.net.UnknownHostException: Unable to resolve host "michael.seifert.page": No address associated with hostname
	at java.net.Inet6AddressImpl.lookupHostByName(Inet6AddressImpl.java:156)
	at java.net.Inet6AddressImpl.lookupAllHostAddr(Inet6AddressImpl.java:103)
	at java.net.InetAddress.getAllByName(InetAddress.java:1152)
	at wf5.b(r8-map-id-fc73651334f76fbacb9920b2bd292de61c7927b00aa67b5cad751dd660dc3e6f:393)
	at m92.d(r8-map-id-fc73651334f76fbacb9920b2bd292de61c7927b00aa67b5cad751dd660dc3e6f:12)
	at m92.a(r8-map-id-fc73651334f76fbacb9920b2bd292de61c7927b00aa67b5cad751dd660dc3e6f:77)
	at uc0.a(r8-map-id-fc73651334f76fbacb9920b2bd292de61c7927b00aa67b5cad751dd660dc3e6f:455)
	at sf5.b(r8-map-id-fc73651334f76fbacb9920b2bd292de61c7927b00aa67b5cad751dd660dc3e6f:104)
	at uc0.a(r8-map-id-fc73651334f76fbacb9920b2bd292de61c7927b00aa67b5cad751dd660dc3e6f:151)
	at sf5.b(r8-map-id-fc73651334f76fbacb9920b2bd292de61c7927b00aa67b5cad751dd660dc3e6f:104)
	at b70.a(r8-map-id-fc73651334f76fbacb9920b2bd292de61c7927b00aa67b5cad751dd660dc3e6f:586)
	at sf5.b(r8-map-id-fc73651334f76fbacb9920b2bd292de61c7927b00aa67b5cad751dd660dc3e6f:104)
	at b70.a(r8-map-id-fc73651334f76fbacb9920b2bd292de61c7927b00aa67b5cad751dd660dc3e6f:215)
	at sf5.b(r8-map-id-fc73651334f76fbacb9920b2bd292de61c7927b00aa67b5cad751dd660dc3e6f:104)
	at jf5.g(r8-map-id-fc73651334f76fbacb9920b2bd292de61c7927b00aa67b5cad751dd660dc3e6f:92)
	at gf5.run(r8-map-id-fc73651334f76fbacb9920b2bd292de61c7927b00aa67b5cad751dd660dc3e6f:42)
	at java.util.concurrent.ThreadPoolExecutor.runWorker(ThreadPoolExecutor.java:1154)
	at java.util.concurrent.ThreadPoolExecutor$Worker.run(ThreadPoolExecutor.java:652)
	at java.lang.Thread.run(Thread.java:1564)
Caused by: android.system.GaiException: android_getaddrinfo failed: EAI_NODATA (No address associated with hostname)
	at libcore.io.Linux.android_getaddrinfo(Native Method)
	at libcore.io.ForwardingOs.android_getaddrinfo(ForwardingOs.java:134)
	at libcore.io.BlockGuardOs.android_getaddrinfo(BlockGuardOs.java:222)
	at libcore.io.ForwardingOs.android_getaddrinfo(ForwardingOs.java:134)
	at java.net.Inet6AddressImpl.lookupHostByName(Inet6AddressImpl.java:135)
	... 18 more

2026-04-07T18:20:18.790835Z Warn: WebSocket disconnected, retrying in 5000ms
2026-04-07T18:20:29.57812Z Info: Delay completed, reconnecting...
2026-04-07T18:20:29.580993Z Info: Connecting to WebSocket at wss://michael.seifert.page/api/apps/v1/notify/ws
2026-04-07T18:20:29.6067Z Error: WebSocket connect failed Unable to resolve host "michael.seifert.page": No address associated with hostname
java.net.UnknownHostException: Unable to resolve host "michael.seifert.page": No address associated with hostname
	at java.net.Inet6AddressImpl.lookupHostByName(Inet6AddressImpl.java:156)
	at java.net.Inet6AddressImpl.lookupAllHostAddr(Inet6AddressImpl.java:103)
	at java.net.InetAddress.getAllByName(InetAddress.java:1152)
	at wf5.b(r8-map-id-fc73651334f76fbacb9920b2bd292de61c7927b00aa67b5cad751dd660dc3e6f:393)
	at m92.d(r8-map-id-fc73651334f76fbacb9920b2bd292de61c7927b00aa67b5cad751dd660dc3e6f:12)
	at m92.a(r8-map-id-fc73651334f76fbacb9920b2bd292de61c7927b00aa67b5cad751dd660dc3e6f:77)
	at uc0.a(r8-map-id-fc73651334f76fbacb9920b2bd292de61c7927b00aa67b5cad751dd660dc3e6f:455)
	at sf5.b(r8-map-id-fc73651334f76fbacb9920b2bd292de61c7927b00aa67b5cad751dd660dc3e6f:104)
	at uc0.a(r8-map-id-fc73651334f76fbacb9920b2bd292de61c7927b00aa67b5cad751dd660dc3e6f:151)
	at sf5.b(r8-map-id-fc73651334f76fbacb9920b2bd292de61c7927b00aa67b5cad751dd660dc3e6f:104)
	at b70.a(r8-map-id-fc73651334f76fbacb9920b2bd292de61c7927b00aa67b5cad751dd660dc3e6f:586)
	at sf5.b(r8-map-id-fc73651334f76fbacb9920b2bd292de61c7927b00aa67b5cad751dd660dc3e6f:104)
	at b70.a(r8-map-id-fc73651334f76fbacb9920b2bd292de61c7927b00aa67b5cad751dd660dc3e6f:215)
	at sf5.b(r8-map-id-fc73651334f76fbacb9920b2bd292de61c7927b00aa67b5cad751dd660dc3e6f:104)
	at jf5.g(r8-map-id-fc73651334f76fbacb9920b2bd292de61c7927b00aa67b5cad751dd660dc3e6f:92)
	at gf5.run(r8-map-id-fc73651334f76fbacb9920b2bd292de61c7927b00aa67b5cad751dd660dc3e6f:42)
	at java.util.concurrent.ThreadPoolExecutor.runWorker(ThreadPoolExecutor.java:1154)
	at java.util.concurrent.ThreadPoolExecutor$Worker.run(ThreadPoolExecutor.java:652)
	at java.lang.Thread.run(Thread.java:1564)
Caused by: android.system.GaiException: android_getaddrinfo failed: EAI_NODATA (No address associated with hostname)
	at libcore.io.Linux.android_getaddrinfo(Native Method)
	at libcore.io.ForwardingOs.android_getaddrinfo(ForwardingOs.java:134)
	at libcore.io.BlockGuardOs.android_getaddrinfo(BlockGuardOs.java:222)
	at libcore.io.ForwardingOs.android_getaddrinfo(ForwardingOs.java:134)
	at java.net.Inet6AddressImpl.lookupHostByName(Inet6AddressImpl.java:135)
	... 18 more

2026-04-07T18:20:29.610325Z Warn: WebSocket disconnected, retrying in 5000ms
2026-04-07T18:20:56.174809Z Info: Delay completed, reconnecting...
2026-04-07T18:20:56.177538Z Info: Connecting to WebSocket at wss://michael.seifert.page/api/apps/v1/notify/ws
2026-04-07T18:20:56.204526Z Error: WebSocket connect failed Unable to resolve host "michael.seifert.page": No address associated with hostname
java.net.UnknownHostException: Unable to resolve host "michael.seifert.page": No address associated with hostname
	at java.net.Inet6AddressImpl.lookupHostByName(Inet6AddressImpl.java:156)
	at java.net.Inet6AddressImpl.lookupAllHostAddr(Inet6AddressImpl.java:103)
	at java.net.InetAddress.getAllByName(InetAddress.java:1152)
	at wf5.b(r8-map-id-fc73651334f76fbacb9920b2bd292de61c7927b00aa67b5cad751dd660dc3e6f:393)
	at m92.d(r8-map-id-fc73651334f76fbacb9920b2bd292de61c7927b00aa67b5cad751dd660dc3e6f:12)
	at m92.a(r8-map-id-fc73651334f76fbacb9920b2bd292de61c7927b00aa67b5cad751dd660dc3e6f:77)
	at uc0.a(r8-map-id-fc73651334f76fbacb9920b2bd292de61c7927b00aa67b5cad751dd660dc3e6f:455)
	at sf5.b(r8-map-id-fc73651334f76fbacb9920b2bd292de61c7927b00aa67b5cad751dd660dc3e6f:104)
	at uc0.a(r8-map-id-fc73651334f76fbacb9920b2bd292de61c7927b00aa67b5cad751dd660dc3e6f:151)
	at sf5.b(r8-map-id-fc73651334f76fbacb9920b2bd292de61c7927b00aa67b5cad751dd660dc3e6f:104)
	at b70.a(r8-map-id-fc73651334f76fbacb9920b2bd292de61c7927b00aa67b5cad751dd660dc3e6f:586)
	at sf5.b(r8-map-id-fc73651334f76fbacb9920b2bd292de61c7927b00aa67b5cad751dd660dc3e6f:104)
	at b70.a(r8-map-id-fc73651334f76fbacb9920b2bd292de61c7927b00aa67b5cad751dd660dc3e6f:215)
	at sf5.b(r8-map-id-fc73651334f76fbacb9920b2bd292de61c7927b00aa67b5cad751dd660dc3e6f:104)
	at jf5.g(r8-map-id-fc73651334f76fbacb9920b2bd292de61c7927b00aa67b5cad751dd660dc3e6f:92)
	at gf5.run(r8-map-id-fc73651334f76fbacb9920b2bd292de61c7927b00aa67b5cad751dd660dc3e6f:42)
	at java.util.concurrent.ThreadPoolExecutor.runWorker(ThreadPoolExecutor.java:1154)
	at java.util.concurrent.ThreadPoolExecutor$Worker.run(ThreadPoolExecutor.java:652)
	at java.lang.Thread.run(Thread.java:1564)
Caused by: android.system.GaiException: android_getaddrinfo failed: EAI_NODATA (No address associated with hostname)
	at libcore.io.Linux.android_getaddrinfo(Native Method)
	at libcore.io.ForwardingOs.android_getaddrinfo(ForwardingOs.java:134)
	at libcore.io.BlockGuardOs.android_getaddrinfo(BlockGuardOs.java:222)
	at libcore.io.ForwardingOs.android_getaddrinfo(ForwardingOs.java:134)
	at java.net.Inet6AddressImpl.lookupHostByName(Inet6AddressImpl.java:135)
	... 18 more

2026-04-07T18:20:56.211899Z Warn: WebSocket disconnected, retrying in 5000ms
2026-04-07T18:21:00.816716Z Info: Delay completed, reconnecting...
2026-04-07T18:21:00.837677Z Info: Connecting to WebSocket at wss://michael.seifert.page/api/apps/v1/notify/ws
2026-04-07T18:21:00.857627Z Error: WebSocket connect failed Unable to resolve host "michael.seifert.page": No address associated with hostname
java.net.UnknownHostException: Unable to resolve host "michael.seifert.page": No address associated with hostname
	at java.net.Inet6AddressImpl.lookupHostByName(Inet6AddressImpl.java:156)
	at java.net.Inet6AddressImpl.lookupAllHostAddr(Inet6AddressImpl.java:103)
	at java.net.InetAddress.getAllByName(InetAddress.java:1152)
	at wf5.b(r8-map-id-fc73651334f76fbacb9920b2bd292de61c7927b00aa67b5cad751dd660dc3e6f:393)
	at m92.d(r8-map-id-fc73651334f76fbacb9920b2bd292de61c7927b00aa67b5cad751dd660dc3e6f:12)
	at m92.a(r8-map-id-fc73651334f76fbacb9920b2bd292de61c7927b00aa67b5cad751dd660dc3e6f:77)
	at uc0.a(r8-map-id-fc73651334f76fbacb9920b2bd292de61c7927b00aa67b5cad751dd660dc3e6f:455)
	at sf5.b(r8-map-id-fc73651334f76fbacb9920b2bd292de61c7927b00aa67b5cad751dd660dc3e6f:104)
	at uc0.a(r8-map-id-fc73651334f76fbacb9920b2bd292de61c7927b00aa67b5cad751dd660dc3e6f:151)
	at sf5.b(r8-map-id-fc73651334f76fbacb9920b2bd292de61c7927b00aa67b5cad751dd660dc3e6f:104)
	at b70.a(r8-map-id-fc73651334f76fbacb9920b2bd292de61c7927b00aa67b5cad751dd660dc3e6f:586)
	at sf5.b(r8-map-id-fc73651334f76fbacb9920b2bd292de61c7927b00aa67b5cad751dd660dc3e6f:104)
	at b70.a(r8-map-id-fc73651334f76fbacb9920b2bd292de61c7927b00aa67b5cad751dd660dc3e6f:215)
	at sf5.b(r8-map-id-fc73651334f76fbacb9920b2bd292de61c7927b00aa67b5cad751dd660dc3e6f:104)
	at jf5.g(r8-map-id-fc73651334f76fbacb9920b2bd292de61c7927b00aa67b5cad751dd660dc3e6f:92)
	at gf5.run(r8-map-id-fc73651334f76fbacb9920b2bd292de61c7927b00aa67b5cad751dd660dc3e6f:42)
	at java.util.concurrent.ThreadPoolExecutor.runWorker(ThreadPoolExecutor.java:1154)
	at java.util.concurrent.ThreadPoolExecutor$Worker.run(ThreadPoolExecutor.java:652)
	at java.lang.Thread.run(Thread.java:1564)
Caused by: android.system.GaiException: android_getaddrinfo failed: EAI_NODATA (No address associated with hostname)
	at libcore.io.Linux.android_getaddrinfo(Native Method)
	at libcore.io.ForwardingOs.android_getaddrinfo(ForwardingOs.java:134)
	at libcore.io.BlockGuardOs.android_getaddrinfo(BlockGuardOs.java:222)
	at libcore.io.ForwardingOs.android_getaddrinfo(ForwardingOs.java:134)
	at java.net.Inet6AddressImpl.lookupHostByName(Inet6AddressImpl.java:135)
	... 18 more

2026-04-07T18:21:00.861599Z Warn: WebSocket disconnected, retrying in 5000ms
2026-04-07T18:21:51.948935Z Info: Delay completed, reconnecting...
2026-04-07T18:21:51.964228Z Info: Connecting to WebSocket at wss://michael.seifert.page/api/apps/v1/notify/ws
2026-04-07T18:21:52.000454Z Error: WebSocket connect failed Unable to resolve host "michael.seifert.page": No address associated with hostname
java.net.UnknownHostException: Unable to resolve host "michael.seifert.page": No address associated with hostname
	at java.net.Inet6AddressImpl.lookupHostByName(Inet6AddressImpl.java:156)
	at java.net.Inet6AddressImpl.lookupAllHostAddr(Inet6AddressImpl.java:103)
	at java.net.InetAddress.getAllByName(InetAddress.java:1152)
	at wf5.b(r8-map-id-fc73651334f76fbacb9920b2bd292de61c7927b00aa67b5cad751dd660dc3e6f:393)
	at m92.d(r8-map-id-fc73651334f76fbacb9920b2bd292de61c7927b00aa67b5cad751dd660dc3e6f:12)
	at m92.a(r8-map-id-fc73651334f76fbacb9920b2bd292de61c7927b00aa67b5cad751dd660dc3e6f:77)
	at uc0.a(r8-map-id-fc73651334f76fbacb9920b2bd292de61c7927b00aa67b5cad751dd660dc3e6f:455)
	at sf5.b(r8-map-id-fc73651334f76fbacb9920b2bd292de61c7927b00aa67b5cad751dd660dc3e6f:104)
	at uc0.a(r8-map-id-fc73651334f76fbacb9920b2bd292de61c7927b00aa67b5cad751dd660dc3e6f:151)
	at sf5.b(r8-map-id-fc73651334f76fbacb9920b2bd292de61c7927b00aa67b5cad751dd660dc3e6f:104)
	at b70.a(r8-map-id-fc73651334f76fbacb9920b2bd292de61c7927b00aa67b5cad751dd660dc3e6f:586)
	at sf5.b(r8-map-id-fc73651334f76fbacb9920b2bd292de61c7927b00aa67b5cad751dd660dc3e6f:104)
	at b70.a(r8-map-id-fc73651334f76fbacb9920b2bd292de61c7927b00aa67b5cad751dd660dc3e6f:215)
	at sf5.b(r8-map-id-fc73651334f76fbacb9920b2bd292de61c7927b00aa67b5cad751dd660dc3e6f:104)
	at jf5.g(r8-map-id-fc73651334f76fbacb9920b2bd292de61c7927b00aa67b5cad751dd660dc3e6f:92)
	at gf5.run(r8-map-id-fc73651334f76fbacb9920b2bd292de61c7927b00aa67b5cad751dd660dc3e6f:42)
	at java.util.concurrent.ThreadPoolExecutor.runWorker(ThreadPoolExecutor.java:1154)
	at java.util.concurrent.ThreadPoolExecutor$Worker.run(ThreadPoolExecutor.java:652)
	at java.lang.Thread.run(Thread.java:1564)
Caused by: android.system.GaiException: android_getaddrinfo failed: EAI_NODATA (No address associated with hostname)
	at libcore.io.Linux.android_getaddrinfo(Native Method)
	at libcore.io.ForwardingOs.android_getaddrinfo(ForwardingOs.java:134)
	at libcore.io.BlockGuardOs.android_getaddrinfo(BlockGuardOs.java:222)
	at libcore.io.ForwardingOs.android_getaddrinfo(ForwardingOs.java:134)
	at java.net.Inet6AddressImpl.lookupHostByName(Inet6AddressImpl.java:135)
	... 18 more

2026-04-07T18:21:52.00573Z Warn: WebSocket disconnected, retrying in 5000ms
2026-04-07T18:23:48.69457Z Info: Delay completed, reconnecting...
2026-04-07T18:23:48.703963Z Info: Connecting to WebSocket at wss://michael.seifert.page/api/apps/v1/notify/ws
2026-04-07T18:23:48.728105Z Error: WebSocket connect failed Unable to resolve host "michael.seifert.page": No address associated with hostname
java.net.UnknownHostException: Unable to resolve host "michael.seifert.page": No address associated with hostname
	at java.net.Inet6AddressImpl.lookupHostByName(Inet6AddressImpl.java:156)
	at java.net.Inet6AddressImpl.lookupAllHostAddr(Inet6AddressImpl.java:103)
	at java.net.InetAddress.getAllByName(InetAddress.java:1152)
	at wf5.b(r8-map-id-fc73651334f76fbacb9920b2bd292de61c7927b00aa67b5cad751dd660dc3e6f:393)
	at m92.d(r8-map-id-fc73651334f76fbacb9920b2bd292de61c7927b00aa67b5cad751dd660dc3e6f:12)
	at m92.a(r8-map-id-fc73651334f76fbacb9920b2bd292de61c7927b00aa67b5cad751dd660dc3e6f:77)
	at uc0.a(r8-map-id-fc73651334f76fbacb9920b2bd292de61c7927b00aa67b5cad751dd660dc3e6f:455)
	at sf5.b(r8-map-id-fc73651334f76fbacb9920b2bd292de61c7927b00aa67b5cad751dd660dc3e6f:104)
	at uc0.a(r8-map-id-fc73651334f76fbacb9920b2bd292de61c7927b00aa67b5cad751dd660dc3e6f:151)
	at sf5.b(r8-map-id-fc73651334f76fbacb9920b2bd292de61c7927b00aa67b5cad751dd660dc3e6f:104)
	at b70.a(r8-map-id-fc73651334f76fbacb9920b2bd292de61c7927b00aa67b5cad751dd660dc3e6f:586)
	at sf5.b(r8-map-id-fc73651334f76fbacb9920b2bd292de61c7927b00aa67b5cad751dd660dc3e6f:104)
	at b70.a(r8-map-id-fc73651334f76fbacb9920b2bd292de61c7927b00aa67b5cad751dd660dc3e6f:215)
	at sf5.b(r8-map-id-fc73651334f76fbacb9920b2bd292de61c7927b00aa67b5cad751dd660dc3e6f:104)
	at jf5.g(r8-map-id-fc73651334f76fbacb9920b2bd292de61c7927b00aa67b5cad751dd660dc3e6f:92)
	at gf5.run(r8-map-id-fc73651334f76fbacb9920b2bd292de61c7927b00aa67b5cad751dd660dc3e6f:42)
	at java.util.concurrent.ThreadPoolExecutor.runWorker(ThreadPoolExecutor.java:1154)
	at java.util.concurrent.ThreadPoolExecutor$Worker.run(ThreadPoolExecutor.java:652)
	at java.lang.Thread.run(Thread.java:1564)
Caused by: android.system.GaiException: android_getaddrinfo failed: EAI_NODATA (No address associated with hostname)
	at libcore.io.Linux.android_getaddrinfo(Native Method)
	at libcore.io.ForwardingOs.android_getaddrinfo(ForwardingOs.java:134)
	at libcore.io.BlockGuardOs.android_getaddrinfo(BlockGuardOs.java:222)
	at libcore.io.ForwardingOs.android_getaddrinfo(ForwardingOs.java:134)
	at java.net.Inet6AddressImpl.lookupHostByName(Inet6AddressImpl.java:135)
	... 18 more

2026-04-07T18:23:48.731145Z Warn: WebSocket disconnected, retrying in 5000ms
2026-04-07T18:24:13.290029Z Info: Delay completed, reconnecting...
2026-04-07T18:24:13.29195Z Info: Connecting to WebSocket at wss://michael.seifert.page/api/apps/v1/notify/ws
2026-04-07T18:24:13.301042Z Error: WebSocket connect failed Unable to resolve host "michael.seifert.page": No address associated with hostname
java.net.UnknownHostException: Unable to resolve host "michael.seifert.page": No address associated with hostname
	at java.net.Inet6AddressImpl.lookupHostByName(Inet6AddressImpl.java:156)
	at java.net.Inet6AddressImpl.lookupAllHostAddr(Inet6AddressImpl.java:103)
	at java.net.InetAddress.getAllByName(InetAddress.java:1152)
	at wf5.b(r8-map-id-fc73651334f76fbacb9920b2bd292de61c7927b00aa67b5cad751dd660dc3e6f:393)
	at m92.d(r8-map-id-fc73651334f76fbacb9920b2bd292de61c7927b00aa67b5cad751dd660dc3e6f:12)
	at m92.a(r8-map-id-fc73651334f76fbacb9920b2bd292de61c7927b00aa67b5cad751dd660dc3e6f:77)
	at uc0.a(r8-map-id-fc73651334f76fbacb9920b2bd292de61c7927b00aa67b5cad751dd660dc3e6f:455)
	at sf5.b(r8-map-id-fc73651334f76fbacb9920b2bd292de61c7927b00aa67b5cad751dd660dc3e6f:104)
	at uc0.a(r8-map-id-fc73651334f76fbacb9920b2bd292de61c7927b00aa67b5cad751dd660dc3e6f:151)
	at sf5.b(r8-map-id-fc73651334f76fbacb9920b2bd292de61c7927b00aa67b5cad751dd660dc3e6f:104)
	at b70.a(r8-map-id-fc73651334f76fbacb9920b2bd292de61c7927b00aa67b5cad751dd660dc3e6f:586)
	at sf5.b(r8-map-id-fc73651334f76fbacb9920b2bd292de61c7927b00aa67b5cad751dd660dc3e6f:104)
	at b70.a(r8-map-id-fc73651334f76fbacb9920b2bd292de61c7927b00aa67b5cad751dd660dc3e6f:215)
	at sf5.b(r8-map-id-fc73651334f76fbacb9920b2bd292de61c7927b00aa67b5cad751dd660dc3e6f:104)
	at jf5.g(r8-map-id-fc73651334f76fbacb9920b2bd292de61c7927b00aa67b5cad751dd660dc3e6f:92)
	at gf5.run(r8-map-id-fc73651334f76fbacb9920b2bd292de61c7927b00aa67b5cad751dd660dc3e6f:42)
	at java.util.concurrent.ThreadPoolExecutor.runWorker(ThreadPoolExecutor.java:1154)
	at java.util.concurrent.ThreadPoolExecutor$Worker.run(ThreadPoolExecutor.java:652)
	at java.lang.Thread.run(Thread.java:1564)
Caused by: android.system.GaiException: android_getaddrinfo failed: EAI_NODATA (No address associated with hostname)
	at libcore.io.Linux.android_getaddrinfo(Native Method)
	at libcore.io.ForwardingOs.android_getaddrinfo(ForwardingOs.java:134)
	at libcore.io.BlockGuardOs.android_getaddrinfo(BlockGuardOs.java:222)
	at libcore.io.ForwardingOs.android_getaddrinfo(ForwardingOs.java:134)
	at java.net.Inet6AddressImpl.lookupHostByName(Inet6AddressImpl.java:135)
	... 18 more

2026-04-07T18:24:13.303387Z Warn: WebSocket disconnected, retrying in 5000ms
2026-04-07T18:24:27.218269Z Info: Delay completed, reconnecting...
2026-04-07T18:24:27.232517Z Info: Connecting to WebSocket at wss://michael.seifert.page/api/apps/v1/notify/ws
2026-04-07T18:24:27.255024Z Error: WebSocket connect failed Unable to resolve host "michael.seifert.page": No address associated with hostname
java.net.UnknownHostException: Unable to resolve host "michael.seifert.page": No address associated with hostname
	at java.net.Inet6AddressImpl.lookupHostByName(Inet6AddressImpl.java:156)
	at java.net.Inet6AddressImpl.lookupAllHostAddr(Inet6AddressImpl.java:103)
	at java.net.InetAddress.getAllByName(InetAddress.java:1152)
	at wf5.b(r8-map-id-fc73651334f76fbacb9920b2bd292de61c7927b00aa67b5cad751dd660dc3e6f:393)
	at m92.d(r8-map-id-fc73651334f76fbacb9920b2bd292de61c7927b00aa67b5cad751dd660dc3e6f:12)
	at m92.a(r8-map-id-fc73651334f76fbacb9920b2bd292de61c7927b00aa67b5cad751dd660dc3e6f:77)
	at uc0.a(r8-map-id-fc73651334f76fbacb9920b2bd292de61c7927b00aa67b5cad751dd660dc3e6f:455)
	at sf5.b(r8-map-id-fc73651334f76fbacb9920b2bd292de61c7927b00aa67b5cad751dd660dc3e6f:104)
	at uc0.a(r8-map-id-fc73651334f76fbacb9920b2bd292de61c7927b00aa67b5cad751dd660dc3e6f:151)
	at sf5.b(r8-map-id-fc73651334f76fbacb9920b2bd292de61c7927b00aa67b5cad751dd660dc3e6f:104)
	at b70.a(r8-map-id-fc73651334f76fbacb9920b2bd292de61c7927b00aa67b5cad751dd660dc3e6f:586)
	at sf5.b(r8-map-id-fc73651334f76fbacb9920b2bd292de61c7927b00aa67b5cad751dd660dc3e6f:104)
	at b70.a(r8-map-id-fc73651334f76fbacb9920b2bd292de61c7927b00aa67b5cad751dd660dc3e6f:215)
	at sf5.b(r8-map-id-fc73651334f76fbacb9920b2bd292de61c7927b00aa67b5cad751dd660dc3e6f:104)
	at jf5.g(r8-map-id-fc73651334f76fbacb9920b2bd292de61c7927b00aa67b5cad751dd660dc3e6f:92)
	at gf5.run(r8-map-id-fc73651334f76fbacb9920b2bd292de61c7927b00aa67b5cad751dd660dc3e6f:42)
	at java.util.concurrent.ThreadPoolExecutor.runWorker(ThreadPoolExecutor.java:1154)
	at java.util.concurrent.ThreadPoolExecutor$Worker.run(ThreadPoolExecutor.java:652)
	at java.lang.Thread.run(Thread.java:1564)
Caused by: android.system.GaiException: android_getaddrinfo failed: EAI_NODATA (No address associated with hostname)
	at libcore.io.Linux.android_getaddrinfo(Native Method)
	at libcore.io.ForwardingOs.android_getaddrinfo(ForwardingOs.java:134)
	at libcore.io.BlockGuardOs.android_getaddrinfo(BlockGuardOs.java:222)
	at libcore.io.ForwardingOs.android_getaddrinfo(ForwardingOs.java:134)
	at java.net.Inet6AddressImpl.lookupHostByName(Inet6AddressImpl.java:135)
	... 18 more

2026-04-07T18:24:27.258162Z Warn: WebSocket disconnected, retrying in 5000ms
2026-04-07T18:25:00.549279Z Info: Delay completed, reconnecting...
2026-04-07T18:25:00.552675Z Info: Connecting to WebSocket at wss://michael.seifert.page/api/apps/v1/notify/ws
2026-04-07T18:25:00.575394Z Error: WebSocket connect failed Unable to resolve host "michael.seifert.page": No address associated with hostname
java.net.UnknownHostException: Unable to resolve host "michael.seifert.page": No address associated with hostname
	at java.net.Inet6AddressImpl.lookupHostByName(Inet6AddressImpl.java:156)
	at java.net.Inet6AddressImpl.lookupAllHostAddr(Inet6AddressImpl.java:103)
	at java.net.InetAddress.getAllByName(InetAddress.java:1152)
	at wf5.b(r8-map-id-fc73651334f76fbacb9920b2bd292de61c7927b00aa67b5cad751dd660dc3e6f:393)
	at m92.d(r8-map-id-fc73651334f76fbacb9920b2bd292de61c7927b00aa67b5cad751dd660dc3e6f:12)
	at m92.a(r8-map-id-fc73651334f76fbacb9920b2bd292de61c7927b00aa67b5cad751dd660dc3e6f:77)
	at uc0.a(r8-map-id-fc73651334f76fbacb9920b2bd292de61c7927b00aa67b5cad751dd660dc3e6f:455)
	at sf5.b(r8-map-id-fc73651334f76fbacb9920b2bd292de61c7927b00aa67b5cad751dd660dc3e6f:104)
	at uc0.a(r8-map-id-fc73651334f76fbacb9920b2bd292de61c7927b00aa67b5cad751dd660dc3e6f:151)
	at sf5.b(r8-map-id-fc73651334f76fbacb9920b2bd292de61c7927b00aa67b5cad751dd660dc3e6f:104)
	at b70.a(r8-map-id-fc73651334f76fbacb9920b2bd292de61c7927b00aa67b5cad751dd660dc3e6f:586)
	at sf5.b(r8-map-id-fc73651334f76fbacb9920b2bd292de61c7927b00aa67b5cad751dd660dc3e6f:104)
	at b70.a(r8-map-id-fc73651334f76fbacb9920b2bd292de61c7927b00aa67b5cad751dd660dc3e6f:215)
	at sf5.b(r8-map-id-fc73651334f76fbacb9920b2bd292de61c7927b00aa67b5cad751dd660dc3e6f:104)
	at jf5.g(r8-map-id-fc73651334f76fbacb9920b2bd292de61c7927b00aa67b5cad751dd660dc3e6f:92)
	at gf5.run(r8-map-id-fc73651334f76fbacb9920b2bd292de61c7927b00aa67b5cad751dd660dc3e6f:42)
	at java.util.concurrent.ThreadPoolExecutor.runWorker(ThreadPoolExecutor.java:1154)
	at java.util.concurrent.ThreadPoolExecutor$Worker.run(ThreadPoolExecutor.java:652)
	at java.lang.Thread.run(Thread.java:1564)
Caused by: android.system.GaiException: android_getaddrinfo failed: EAI_NODATA (No address associated with hostname)
	at libcore.io.Linux.android_getaddrinfo(Native Method)
	at libcore.io.ForwardingOs.android_getaddrinfo(ForwardingOs.java:134)
	at libcore.io.BlockGuardOs.android_getaddrinfo(BlockGuardOs.java:222)
	at libcore.io.ForwardingOs.android_getaddrinfo(ForwardingOs.java:134)
	at java.net.Inet6AddressImpl.lookupHostByName(Inet6AddressImpl.java:135)
	... 18 more

2026-04-07T18:25:00.578322Z Warn: WebSocket disconnected, retrying in 5000ms
2026-04-07T18:25:48.12098Z Info: Delay completed, reconnecting...
2026-04-07T18:25:48.13253Z Info: Connecting to WebSocket at wss://michael.seifert.page/api/apps/v1/notify/ws
2026-04-07T18:25:48.1625Z Error: WebSocket connect failed Unable to resolve host "michael.seifert.page": No address associated with hostname
java.net.UnknownHostException: Unable to resolve host "michael.seifert.page": No address associated with hostname
	at java.net.Inet6AddressImpl.lookupHostByName(Inet6AddressImpl.java:156)
	at java.net.Inet6AddressImpl.lookupAllHostAddr(Inet6AddressImpl.java:103)
	at java.net.InetAddress.getAllByName(InetAddress.java:1152)
	at wf5.b(r8-map-id-fc73651334f76fbacb9920b2bd292de61c7927b00aa67b5cad751dd660dc3e6f:393)
	at m92.d(r8-map-id-fc73651334f76fbacb9920b2bd292de61c7927b00aa67b5cad751dd660dc3e6f:12)
	at m92.a(r8-map-id-fc73651334f76fbacb9920b2bd292de61c7927b00aa67b5cad751dd660dc3e6f:77)
	at uc0.a(r8-map-id-fc73651334f76fbacb9920b2bd292de61c7927b00aa67b5cad751dd660dc3e6f:455)
	at sf5.b(r8-map-id-fc73651334f76fbacb9920b2bd292de61c7927b00aa67b5cad751dd660dc3e6f:104)
	at uc0.a(r8-map-id-fc73651334f76fbacb9920b2bd292de61c7927b00aa67b5cad751dd660dc3e6f:151)
	at sf5.b(r8-map-id-fc73651334f76fbacb9920b2bd292de61c7927b00aa67b5cad751dd660dc3e6f:104)
	at b70.a(r8-map-id-fc73651334f76fbacb9920b2bd292de61c7927b00aa67b5cad751dd660dc3e6f:586)
	at sf5.b(r8-map-id-fc73651334f76fbacb9920b2bd292de61c7927b00aa67b5cad751dd660dc3e6f:104)
	at b70.a(r8-map-id-fc73651334f76fbacb9920b2bd292de61c7927b00aa67b5cad751dd660dc3e6f:215)
	at sf5.b(r8-map-id-fc73651334f76fbacb9920b2bd292de61c7927b00aa67b5cad751dd660dc3e6f:104)
	at jf5.g(r8-map-id-fc73651334f76fbacb9920b2bd292de61c7927b00aa67b5cad751dd660dc3e6f:92)
	at gf5.run(r8-map-id-fc73651334f76fbacb9920b2bd292de61c7927b00aa67b5cad751dd660dc3e6f:42)
	at java.util.concurrent.ThreadPoolExecutor.runWorker(ThreadPoolExecutor.java:1154)
	at java.util.concurrent.ThreadPoolExecutor$Worker.run(ThreadPoolExecutor.java:652)
	at java.lang.Thread.run(Thread.java:1564)
Caused by: android.system.GaiException: android_getaddrinfo failed: EAI_NODATA (No address associated with hostname)
	at libcore.io.Linux.android_getaddrinfo(Native Method)
	at libcore.io.ForwardingOs.android_getaddrinfo(ForwardingOs.java:134)
	at libcore.io.BlockGuardOs.android_getaddrinfo(BlockGuardOs.java:222)
	at libcore.io.ForwardingOs.android_getaddrinfo(ForwardingOs.java:134)
	at java.net.Inet6AddressImpl.lookupHostByName(Inet6AddressImpl.java:135)
	... 18 more

2026-04-07T18:25:48.164894Z Warn: WebSocket disconnected, retrying in 5000ms
2026-04-07T18:26:19.077801Z Info: Delay completed, reconnecting...
2026-04-07T18:26:19.082061Z Info: Connecting to WebSocket at wss://michael.seifert.page/api/apps/v1/notify/ws
2026-04-07T18:26:19.104632Z Error: WebSocket connect failed Unable to resolve host "michael.seifert.page": No address associated with hostname
java.net.UnknownHostException: Unable to resolve host "michael.seifert.page": No address associated with hostname
	at java.net.Inet6AddressImpl.lookupHostByName(Inet6AddressImpl.java:156)
	at java.net.Inet6AddressImpl.lookupAllHostAddr(Inet6AddressImpl.java:103)
	at java.net.InetAddress.getAllByName(InetAddress.java:1152)
	at wf5.b(r8-map-id-fc73651334f76fbacb9920b2bd292de61c7927b00aa67b5cad751dd660dc3e6f:393)
	at m92.d(r8-map-id-fc73651334f76fbacb9920b2bd292de61c7927b00aa67b5cad751dd660dc3e6f:12)
	at m92.a(r8-map-id-fc73651334f76fbacb9920b2bd292de61c7927b00aa67b5cad751dd660dc3e6f:77)
	at uc0.a(r8-map-id-fc73651334f76fbacb9920b2bd292de61c7927b00aa67b5cad751dd660dc3e6f:455)
	at sf5.b(r8-map-id-fc73651334f76fbacb9920b2bd292de61c7927b00aa67b5cad751dd660dc3e6f:104)
	at uc0.a(r8-map-id-fc73651334f76fbacb9920b2bd292de61c7927b00aa67b5cad751dd660dc3e6f:151)
	at sf5.b(r8-map-id-fc73651334f76fbacb9920b2bd292de61c7927b00aa67b5cad751dd660dc3e6f:104)
	at b70.a(r8-map-id-fc73651334f76fbacb9920b2bd292de61c7927b00aa67b5cad751dd660dc3e6f:586)
	at sf5.b(r8-map-id-fc73651334f76fbacb9920b2bd292de61c7927b00aa67b5cad751dd660dc3e6f:104)
	at b70.a(r8-map-id-fc73651334f76fbacb9920b2bd292de61c7927b00aa67b5cad751dd660dc3e6f:215)
	at sf5.b(r8-map-id-fc73651334f76fbacb9920b2bd292de61c7927b00aa67b5cad751dd660dc3e6f:104)
	at jf5.g(r8-map-id-fc73651334f76fbacb9920b2bd292de61c7927b00aa67b5cad751dd660dc3e6f:92)
	at gf5.run(r8-map-id-fc73651334f76fbacb9920b2bd292de61c7927b00aa67b5cad751dd660dc3e6f:42)
	at java.util.concurrent.ThreadPoolExecutor.runWorker(ThreadPoolExecutor.java:1154)
	at java.util.concurrent.ThreadPoolExecutor$Worker.run(ThreadPoolExecutor.java:652)
	at java.lang.Thread.run(Thread.java:1564)
Caused by: android.system.GaiException: android_getaddrinfo failed: EAI_NODATA (No address associated with hostname)
	at libcore.io.Linux.android_getaddrinfo(Native Method)
	at libcore.io.ForwardingOs.android_getaddrinfo(ForwardingOs.java:134)
	at libcore.io.BlockGuardOs.android_getaddrinfo(BlockGuardOs.java:222)
	at libcore.io.ForwardingOs.android_getaddrinfo(ForwardingOs.java:134)
	at java.net.Inet6AddressImpl.lookupHostByName(Inet6AddressImpl.java:135)
	... 18 more

2026-04-07T18:26:19.108309Z Warn: WebSocket disconnected, retrying in 5000ms
2026-04-07T18:26:45.056134Z Info: Delay completed, reconnecting...
2026-04-07T18:26:45.060183Z Info: Connecting to WebSocket at wss://michael.seifert.page/api/apps/v1/notify/ws
2026-04-07T18:26:45.082845Z Error: WebSocket connect failed Unable to resolve host "michael.seifert.page": No address associated with hostname
java.net.UnknownHostException: Unable to resolve host "michael.seifert.page": No address associated with hostname
	at java.net.Inet6AddressImpl.lookupHostByName(Inet6AddressImpl.java:156)
	at java.net.Inet6AddressImpl.lookupAllHostAddr(Inet6AddressImpl.java:103)
	at java.net.InetAddress.getAllByName(InetAddress.java:1152)
	at wf5.b(r8-map-id-fc73651334f76fbacb9920b2bd292de61c7927b00aa67b5cad751dd660dc3e6f:393)
	at m92.d(r8-map-id-fc73651334f76fbacb9920b2bd292de61c7927b00aa67b5cad751dd660dc3e6f:12)
	at m92.a(r8-map-id-fc73651334f76fbacb9920b2bd292de61c7927b00aa67b5cad751dd660dc3e6f:77)
	at uc0.a(r8-map-id-fc73651334f76fbacb9920b2bd292de61c7927b00aa67b5cad751dd660dc3e6f:455)
	at sf5.b(r8-map-id-fc73651334f76fbacb9920b2bd292de61c7927b00aa67b5cad751dd660dc3e6f:104)
	at uc0.a(r8-map-id-fc73651334f76fbacb9920b2bd292de61c7927b00aa67b5cad751dd660dc3e6f:151)
	at sf5.b(r8-map-id-fc73651334f76fbacb9920b2bd292de61c7927b00aa67b5cad751dd660dc3e6f:104)
	at b70.a(r8-map-id-fc73651334f76fbacb9920b2bd292de61c7927b00aa67b5cad751dd660dc3e6f:586)
	at sf5.b(r8-map-id-fc73651334f76fbacb9920b2bd292de61c7927b00aa67b5cad751dd660dc3e6f:104)
	at b70.a(r8-map-id-fc73651334f76fbacb9920b2bd292de61c7927b00aa67b5cad751dd660dc3e6f:215)
	at sf5.b(r8-map-id-fc73651334f76fbacb9920b2bd292de61c7927b00aa67b5cad751dd660dc3e6f:104)
	at jf5.g(r8-map-id-fc73651334f76fbacb9920b2bd292de61c7927b00aa67b5cad751dd660dc3e6f:92)
	at gf5.run(r8-map-id-fc73651334f76fbacb9920b2bd292de61c7927b00aa67b5cad751dd660dc3e6f:42)
	at java.util.concurrent.ThreadPoolExecutor.runWorker(ThreadPoolExecutor.java:1154)
	at java.util.concurrent.ThreadPoolExecutor$Worker.run(ThreadPoolExecutor.java:652)
	at java.lang.Thread.run(Thread.java:1564)
Caused by: android.system.GaiException: android_getaddrinfo failed: EAI_NODATA (No address associated with hostname)
	at libcore.io.Linux.android_getaddrinfo(Native Method)
	at libcore.io.ForwardingOs.android_getaddrinfo(ForwardingOs.java:134)
	at libcore.io.BlockGuardOs.android_getaddrinfo(BlockGuardOs.java:222)
	at libcore.io.ForwardingOs.android_getaddrinfo(ForwardingOs.java:134)
	at java.net.Inet6AddressImpl.lookupHostByName(Inet6AddressImpl.java:135)
	... 18 more

2026-04-07T18:26:45.086724Z Warn: WebSocket disconnected, retrying in 5000ms
2026-04-07T18:27:16.625609Z Info: Delay completed, reconnecting...
2026-04-07T18:27:16.627839Z Info: Connecting to WebSocket at wss://michael.seifert.page/api/apps/v1/notify/ws
2026-04-07T18:27:16.65168Z Error: WebSocket connect failed Unable to resolve host "michael.seifert.page": No address associated with hostname
java.net.UnknownHostException: Unable to resolve host "michael.seifert.page": No address associated with hostname
	at java.net.Inet6AddressImpl.lookupHostByName(Inet6AddressImpl.java:156)
	at java.net.Inet6AddressImpl.lookupAllHostAddr(Inet6AddressImpl.java:103)
	at java.net.InetAddress.getAllByName(InetAddress.java:1152)
	at wf5.b(r8-map-id-fc73651334f76fbacb9920b2bd292de61c7927b00aa67b5cad751dd660dc3e6f:393)
	at m92.d(r8-map-id-fc73651334f76fbacb9920b2bd292de61c7927b00aa67b5cad751dd660dc3e6f:12)
	at m92.a(r8-map-id-fc73651334f76fbacb9920b2bd292de61c7927b00aa67b5cad751dd660dc3e6f:77)
	at uc0.a(r8-map-id-fc73651334f76fbacb9920b2bd292de61c7927b00aa67b5cad751dd660dc3e6f:455)
	at sf5.b(r8-map-id-fc73651334f76fbacb9920b2bd292de61c7927b00aa67b5cad751dd660dc3e6f:104)
	at uc0.a(r8-map-id-fc73651334f76fbacb9920b2bd292de61c7927b00aa67b5cad751dd660dc3e6f:151)
	at sf5.b(r8-map-id-fc73651334f76fbacb9920b2bd292de61c7927b00aa67b5cad751dd660dc3e6f:104)
	at b70.a(r8-map-id-fc73651334f76fbacb9920b2bd292de61c7927b00aa67b5cad751dd660dc3e6f:586)
	at sf5.b(r8-map-id-fc73651334f76fbacb9920b2bd292de61c7927b00aa67b5cad751dd660dc3e6f:104)
	at b70.a(r8-map-id-fc73651334f76fbacb9920b2bd292de61c7927b00aa67b5cad751dd660dc3e6f:215)
	at sf5.b(r8-map-id-fc73651334f76fbacb9920b2bd292de61c7927b00aa67b5cad751dd660dc3e6f:104)
	at jf5.g(r8-map-id-fc73651334f76fbacb9920b2bd292de61c7927b00aa67b5cad751dd660dc3e6f:92)
	at gf5.run(r8-map-id-fc73651334f76fbacb9920b2bd292de61c7927b00aa67b5cad751dd660dc3e6f:42)
	at java.util.concurrent.ThreadPoolExecutor.runWorker(ThreadPoolExecutor.java:1154)
	at java.util.concurrent.ThreadPoolExecutor$Worker.run(ThreadPoolExecutor.java:652)
	at java.lang.Thread.run(Thread.java:1564)
Caused by: android.system.GaiException: android_getaddrinfo failed: EAI_NODATA (No address associated with hostname)
	at libcore.io.Linux.android_getaddrinfo(Native Method)
	at libcore.io.ForwardingOs.android_getaddrinfo(ForwardingOs.java:134)
	at libcore.io.BlockGuardOs.android_getaddrinfo(BlockGuardOs.java:222)
	at libcore.io.ForwardingOs.android_getaddrinfo(ForwardingOs.java:134)
	at java.net.Inet6AddressImpl.lookupHostByName(Inet6AddressImpl.java:135)
	... 18 more

2026-04-07T18:27:16.654217Z Warn: WebSocket disconnected, retrying in 5000ms
2026-04-07T18:27:26.650922Z Info: Delay completed, reconnecting...
2026-04-07T18:27:26.652129Z Info: Connecting to WebSocket at wss://michael.seifert.page/api/apps/v1/notify/ws
2026-04-07T18:27:26.829245Z Debug: Sent WebSocket command: establishConnectionRequest
2026-04-07T18:27:27.079194Z Info: Device handshake successful
2026-04-07T18:27:27.085574Z Warn: DriveSync for drive=9ff813af-f2d6-1e2f-9b9d-b189e72d1a11 already exists, skipping
2026-04-07T18:27:27.086216Z Warn: DriveSync for drive=2612429d-1c3f-0372-82b8-d42fb2cc0499 already exists, skipping
2026-04-07T18:27:27.087202Z Warn: DriveSync for drive=4db49422-ebad-02e9-9ab9-6e9c477d1e08 already exists, skipping
2026-04-07T18:27:27.090227Z Debug: Sent WebSocket command: processInbox
2026-04-07T18:27:27.09243Z Debug: Sent WebSocket command: processInbox
2026-04-07T18:27:27.09416Z Debug: Sent WebSocket command: processInbox
2026-04-07T18:27:27.095373Z Info: Synchronizing drive 4db49422-ebad-02e9-9ab9-6e9c477d1e08
2026-04-07T18:27:27.095467Z Info: Synchronizing drive 2612429d-1c3f-0372-82b8-d42fb2cc0499
2026-04-07T18:27:27.096628Z Info: Synchronizing drive 9ff813af-f2d6-1e2f-9b9d-b189e72d1a11
2026-04-07T18:27:27.146747Z Info: Received 0 records from QueryBatch() on Drive 2612429d-1c3f-0372-82b8-d42fb2cc0499
2026-04-07T18:27:27.147284Z Debug: DriveSync: all DB writes complete for drive 2612429d-1c3f-0372-82b8-d42fb2cc0499 (0 total records)
2026-04-07T18:27:27.148673Z Debug: Drive 2612429d-1c3f-0372-82b8-d42fb2cc0499 synchronized with 0 records read.
2026-04-07T18:27:27.181895Z Info: Received 0 records from QueryBatch() on Drive 4db49422-ebad-02e9-9ab9-6e9c477d1e08
2026-04-07T18:27:27.182082Z Debug: DriveSync: all DB writes complete for drive 4db49422-ebad-02e9-9ab9-6e9c477d1e08 (0 total records)
2026-04-07T18:27:27.184052Z Debug: Drive 4db49422-ebad-02e9-9ab9-6e9c477d1e08 synchronized with 0 records read.
2026-04-07T18:27:27.314727Z Info: Received 0 records from QueryBatch() on Drive 9ff813af-f2d6-1e2f-9b9d-b189e72d1a11
2026-04-07T18:27:27.315035Z Debug: DriveSync: all DB writes complete for drive 9ff813af-f2d6-1e2f-9b9d-b189e72d1a11 (0 total records)
2026-04-07T18:27:27.315751Z Debug: Drive 9ff813af-f2d6-1e2f-9b9d-b189e72d1a11 synchronized with 0 records read.
2026-04-07T18:27:27.31579Z Debug: ChatMessageStream: Stopped(totalCount=0)
2026-04-07T18:27:29.465405Z Debug: ConversationStream: Stopped(totalCount=0)
2026-04-07T18:27:29.478714Z Info: Popping Outbox
2026-04-07T18:27:29.479302Z Info: No more items in outbox
2026-04-07T18:27:36.563641Z Info: Connecting to WebSocket at wss://michael.seifert.page/api/apps/v1/notify/ws
2026-04-07T18:27:36.563515Z Info: WebSocket connection ended
2026-04-07T18:27:36.589337Z Error: WebSocket connect failed Unable to resolve host "michael.seifert.page": No address associated with hostname
java.net.UnknownHostException: Unable to resolve host "michael.seifert.page": No address associated with hostname
	at java.net.Inet6AddressImpl.lookupHostByName(Inet6AddressImpl.java:156)
	at java.net.Inet6AddressImpl.lookupAllHostAddr(Inet6AddressImpl.java:103)
	at java.net.InetAddress.getAllByName(InetAddress.java:1152)
	at wf5.b(r8-map-id-fc73651334f76fbacb9920b2bd292de61c7927b00aa67b5cad751dd660dc3e6f:393)
	at m92.d(r8-map-id-fc73651334f76fbacb9920b2bd292de61c7927b00aa67b5cad751dd660dc3e6f:12)
	at m92.a(r8-map-id-fc73651334f76fbacb9920b2bd292de61c7927b00aa67b5cad751dd660dc3e6f:77)
	at uc0.a(r8-map-id-fc73651334f76fbacb9920b2bd292de61c7927b00aa67b5cad751dd660dc3e6f:455)
	at sf5.b(r8-map-id-fc73651334f76fbacb9920b2bd292de61c7927b00aa67b5cad751dd660dc3e6f:104)
	at uc0.a(r8-map-id-fc73651334f76fbacb9920b2bd292de61c7927b00aa67b5cad751dd660dc3e6f:151)
	at sf5.b(r8-map-id-fc73651334f76fbacb9920b2bd292de61c7927b00aa67b5cad751dd660dc3e6f:104)
	at b70.a(r8-map-id-fc73651334f76fbacb9920b2bd292de61c7927b00aa67b5cad751dd660dc3e6f:586)
	at sf5.b(r8-map-id-fc73651334f76fbacb9920b2bd292de61c7927b00aa67b5cad751dd660dc3e6f:104)
	at b70.a(r8-map-id-fc73651334f76fbacb9920b2bd292de61c7927b00aa67b5cad751dd660dc3e6f:215)
	at sf5.b(r8-map-id-fc73651334f76fbacb9920b2bd292de61c7927b00aa67b5cad751dd660dc3e6f:104)
	at jf5.g(r8-map-id-fc73651334f76fbacb9920b2bd292de61c7927b00aa67b5cad751dd660dc3e6f:92)
	at gf5.run(r8-map-id-fc73651334f76fbacb9920b2bd292de61c7927b00aa67b5cad751dd660dc3e6f:42)
	at java.util.concurrent.ThreadPoolExecutor.runWorker(ThreadPoolExecutor.java:1154)
	at java.util.concurrent.ThreadPoolExecutor$Worker.run(ThreadPoolExecutor.java:652)
	at java.lang.Thread.run(Thread.java:1564)
Caused by: android.system.GaiException: android_getaddrinfo failed: EAI_NODATA (No address associated with hostname)
	at libcore.io.Linux.android_getaddrinfo(Native Method)
	at libcore.io.ForwardingOs.android_getaddrinfo(ForwardingOs.java:134)
	at libcore.io.BlockGuardOs.android_getaddrinfo(BlockGuardOs.java:222)
	at libcore.io.ForwardingOs.android_getaddrinfo(ForwardingOs.java:134)
	at java.net.Inet6AddressImpl.lookupHostByName(Inet6AddressImpl.java:135)
	... 18 more

2026-04-07T18:27:36.655943Z Warn: WebSocket disconnected, retrying in 5000ms
2026-04-07T18:27:41.287401Z Info: Delay completed, reconnecting...
2026-04-07T18:27:41.296817Z Info: Connecting to WebSocket at wss://michael.seifert.page/api/apps/v1/notify/ws
2026-04-07T18:27:41.320823Z Error: WebSocket connect failed Unable to resolve host "michael.seifert.page": No address associated with hostname
java.net.UnknownHostException: Unable to resolve host "michael.seifert.page": No address associated with hostname
	at java.net.Inet6AddressImpl.lookupHostByName(Inet6AddressImpl.java:156)
	at java.net.Inet6AddressImpl.lookupAllHostAddr(Inet6AddressImpl.java:103)
	at java.net.InetAddress.getAllByName(InetAddress.java:1152)
	at wf5.b(r8-map-id-fc73651334f76fbacb9920b2bd292de61c7927b00aa67b5cad751dd660dc3e6f:393)
	at m92.d(r8-map-id-fc73651334f76fbacb9920b2bd292de61c7927b00aa67b5cad751dd660dc3e6f:12)
	at m92.a(r8-map-id-fc73651334f76fbacb9920b2bd292de61c7927b00aa67b5cad751dd660dc3e6f:77)
	at uc0.a(r8-map-id-fc73651334f76fbacb9920b2bd292de61c7927b00aa67b5cad751dd660dc3e6f:455)
	at sf5.b(r8-map-id-fc73651334f76fbacb9920b2bd292de61c7927b00aa67b5cad751dd660dc3e6f:104)
	at uc0.a(r8-map-id-fc73651334f76fbacb9920b2bd292de61c7927b00aa67b5cad751dd660dc3e6f:151)
	at sf5.b(r8-map-id-fc73651334f76fbacb9920b2bd292de61c7927b00aa67b5cad751dd660dc3e6f:104)
	at b70.a(r8-map-id-fc73651334f76fbacb9920b2bd292de61c7927b00aa67b5cad751dd660dc3e6f:586)
	at sf5.b(r8-map-id-fc73651334f76fbacb9920b2bd292de61c7927b00aa67b5cad751dd660dc3e6f:104)
	at b70.a(r8-map-id-fc73651334f76fbacb9920b2bd292de61c7927b00aa67b5cad751dd660dc3e6f:215)
	at sf5.b(r8-map-id-fc73651334f76fbacb9920b2bd292de61c7927b00aa67b5cad751dd660dc3e6f:104)
	at jf5.g(r8-map-id-fc73651334f76fbacb9920b2bd292de61c7927b00aa67b5cad751dd660dc3e6f:92)
	at gf5.run(r8-map-id-fc73651334f76fbacb9920b2bd292de61c7927b00aa67b5cad751dd660dc3e6f:42)
	at java.util.concurrent.ThreadPoolExecutor.runWorker(ThreadPoolExecutor.java:1154)
	at java.util.concurrent.ThreadPoolExecutor$Worker.run(ThreadPoolExecutor.java:652)
	at java.lang.Thread.run(Thread.java:1564)
Caused by: android.system.GaiException: android_getaddrinfo failed: EAI_NODATA (No address associated with hostname)
	at libcore.io.Linux.android_getaddrinfo(Native Method)
	at libcore.io.ForwardingOs.android_getaddrinfo(ForwardingOs.java:134)
	at libcore.io.BlockGuardOs.android_getaddrinfo(BlockGuardOs.java:222)
	at libcore.io.ForwardingOs.android_getaddrinfo(ForwardingOs.java:134)
	at java.net.Inet6AddressImpl.lookupHostByName(Inet6AddressImpl.java:135)
	... 18 more

2026-04-07T18:27:41.323374Z Warn: WebSocket disconnected, retrying in 5000ms
2026-04-07T18:27:48.730161Z Info: Delay completed, reconnecting...
2026-04-07T18:27:48.732588Z Info: Connecting to WebSocket at wss://michael.seifert.page/api/apps/v1/notify/ws
2026-04-07T18:27:48.740969Z Error: WebSocket connect failed Unable to resolve host "michael.seifert.page": No address associated with hostname
java.net.UnknownHostException: Unable to resolve host "michael.seifert.page": No address associated with hostname
	at java.net.Inet6AddressImpl.lookupHostByName(Inet6AddressImpl.java:156)
	at java.net.Inet6AddressImpl.lookupAllHostAddr(Inet6AddressImpl.java:103)
	at java.net.InetAddress.getAllByName(InetAddress.java:1152)
	at wf5.b(r8-map-id-fc73651334f76fbacb9920b2bd292de61c7927b00aa67b5cad751dd660dc3e6f:393)
	at m92.d(r8-map-id-fc73651334f76fbacb9920b2bd292de61c7927b00aa67b5cad751dd660dc3e6f:12)
	at m92.a(r8-map-id-fc73651334f76fbacb9920b2bd292de61c7927b00aa67b5cad751dd660dc3e6f:77)
	at uc0.a(r8-map-id-fc73651334f76fbacb9920b2bd292de61c7927b00aa67b5cad751dd660dc3e6f:455)
	at sf5.b(r8-map-id-fc73651334f76fbacb9920b2bd292de61c7927b00aa67b5cad751dd660dc3e6f:104)
	at uc0.a(r8-map-id-fc73651334f76fbacb9920b2bd292de61c7927b00aa67b5cad751dd660dc3e6f:151)
	at sf5.b(r8-map-id-fc73651334f76fbacb9920b2bd292de61c7927b00aa67b5cad751dd660dc3e6f:104)
	at b70.a(r8-map-id-fc73651334f76fbacb9920b2bd292de61c7927b00aa67b5cad751dd660dc3e6f:586)
	at sf5.b(r8-map-id-fc73651334f76fbacb9920b2bd292de61c7927b00aa67b5cad751dd660dc3e6f:104)
	at b70.a(r8-map-id-fc73651334f76fbacb9920b2bd292de61c7927b00aa67b5cad751dd660dc3e6f:215)
	at sf5.b(r8-map-id-fc73651334f76fbacb9920b2bd292de61c7927b00aa67b5cad751dd660dc3e6f:104)
	at jf5.g(r8-map-id-fc73651334f76fbacb9920b2bd292de61c7927b00aa67b5cad751dd660dc3e6f:92)
	at gf5.run(r8-map-id-fc73651334f76fbacb9920b2bd292de61c7927b00aa67b5cad751dd660dc3e6f:42)
	at java.util.concurrent.ThreadPoolExecutor.runWorker(ThreadPoolExecutor.java:1154)
	at java.util.concurrent.ThreadPoolExecutor$Worker.run(ThreadPoolExecutor.java:652)
	at java.lang.Thread.run(Thread.java:1564)
Caused by: android.system.GaiException: android_getaddrinfo failed: EAI_NODATA (No address associated with hostname)
	at libcore.io.Linux.android_getaddrinfo(Native Method)
	at libcore.io.ForwardingOs.android_getaddrinfo(ForwardingOs.java:134)
	at libcore.io.BlockGuardOs.android_getaddrinfo(BlockGuardOs.java:222)
	at libcore.io.ForwardingOs.android_getaddrinfo(ForwardingOs.java:134)
	at java.net.Inet6AddressImpl.lookupHostByName(Inet6AddressImpl.java:135)
	... 18 more

2026-04-07T18:27:48.742394Z Warn: WebSocket disconnected, retrying in 5000ms
2026-04-07T18:28:03.010565Z Info: Delay completed, reconnecting...
2026-04-07T18:28:03.014401Z Info: Connecting to WebSocket at wss://michael.seifert.page/api/apps/v1/notify/ws
2026-04-07T18:28:03.047776Z Error: WebSocket connect failed Unable to resolve host "michael.seifert.page": No address associated with hostname
java.net.UnknownHostException: Unable to resolve host "michael.seifert.page": No address associated with hostname
	at java.net.Inet6AddressImpl.lookupHostByName(Inet6AddressImpl.java:156)
	at java.net.Inet6AddressImpl.lookupAllHostAddr(Inet6AddressImpl.java:103)
	at java.net.InetAddress.getAllByName(InetAddress.java:1152)
	at wf5.b(r8-map-id-fc73651334f76fbacb9920b2bd292de61c7927b00aa67b5cad751dd660dc3e6f:393)
	at m92.d(r8-map-id-fc73651334f76fbacb9920b2bd292de61c7927b00aa67b5cad751dd660dc3e6f:12)
	at m92.a(r8-map-id-fc73651334f76fbacb9920b2bd292de61c7927b00aa67b5cad751dd660dc3e6f:77)
	at uc0.a(r8-map-id-fc73651334f76fbacb9920b2bd292de61c7927b00aa67b5cad751dd660dc3e6f:455)
	at sf5.b(r8-map-id-fc73651334f76fbacb9920b2bd292de61c7927b00aa67b5cad751dd660dc3e6f:104)
	at uc0.a(r8-map-id-fc73651334f76fbacb9920b2bd292de61c7927b00aa67b5cad751dd660dc3e6f:151)
	at sf5.b(r8-map-id-fc73651334f76fbacb9920b2bd292de61c7927b00aa67b5cad751dd660dc3e6f:104)
	at b70.a(r8-map-id-fc73651334f76fbacb9920b2bd292de61c7927b00aa67b5cad751dd660dc3e6f:586)
	at sf5.b(r8-map-id-fc73651334f76fbacb9920b2bd292de61c7927b00aa67b5cad751dd660dc3e6f:104)
	at b70.a(r8-map-id-fc73651334f76fbacb9920b2bd292de61c7927b00aa67b5cad751dd660dc3e6f:215)
	at sf5.b(r8-map-id-fc73651334f76fbacb9920b2bd292de61c7927b00aa67b5cad751dd660dc3e6f:104)
	at jf5.g(r8-map-id-fc73651334f76fbacb9920b2bd292de61c7927b00aa67b5cad751dd660dc3e6f:92)
	at gf5.run(r8-map-id-fc73651334f76fbacb9920b2bd292de61c7927b00aa67b5cad751dd660dc3e6f:42)
	at java.util.concurrent.ThreadPoolExecutor.runWorker(ThreadPoolExecutor.java:1154)
	at java.util.concurrent.ThreadPoolExecutor$Worker.run(ThreadPoolExecutor.java:652)
	at java.lang.Thread.run(Thread.java:1564)
Caused by: android.system.GaiException: android_getaddrinfo failed: EAI_NODATA (No address associated with hostname)
	at libcore.io.Linux.android_getaddrinfo(Native Method)
	at libcore.io.ForwardingOs.android_getaddrinfo(ForwardingOs.java:134)
	at libcore.io.BlockGuardOs.android_getaddrinfo(BlockGuardOs.java:222)
	at libcore.io.ForwardingOs.android_getaddrinfo(ForwardingOs.java:134)
	at java.net.Inet6AddressImpl.lookupHostByName(Inet6AddressImpl.java:135)
	... 18 more

2026-04-07T18:28:03.052964Z Warn: WebSocket disconnected, retrying in 5000ms
2026-04-07T18:28:07.416455Z Info: Delay completed, reconnecting...
2026-04-07T18:28:07.423017Z Info: Connecting to WebSocket at wss://michael.seifert.page/api/apps/v1/notify/ws
2026-04-07T18:28:07.447109Z Error: WebSocket connect failed Unable to resolve host "michael.seifert.page": No address associated with hostname
java.net.UnknownHostException: Unable to resolve host "michael.seifert.page": No address associated with hostname
	at java.net.Inet6AddressImpl.lookupHostByName(Inet6AddressImpl.java:156)
	at java.net.Inet6AddressImpl.lookupAllHostAddr(Inet6AddressImpl.java:103)
	at java.net.InetAddress.getAllByName(InetAddress.java:1152)
	at wf5.b(r8-map-id-fc73651334f76fbacb9920b2bd292de61c7927b00aa67b5cad751dd660dc3e6f:393)
	at m92.d(r8-map-id-fc73651334f76fbacb9920b2bd292de61c7927b00aa67b5cad751dd660dc3e6f:12)
	at m92.a(r8-map-id-fc73651334f76fbacb9920b2bd292de61c7927b00aa67b5cad751dd660dc3e6f:77)
	at uc0.a(r8-map-id-fc73651334f76fbacb9920b2bd292de61c7927b00aa67b5cad751dd660dc3e6f:455)
	at sf5.b(r8-map-id-fc73651334f76fbacb9920b2bd292de61c7927b00aa67b5cad751dd660dc3e6f:104)
	at uc0.a(r8-map-id-fc73651334f76fbacb9920b2bd292de61c7927b00aa67b5cad751dd660dc3e6f:151)
	at sf5.b(r8-map-id-fc73651334f76fbacb9920b2bd292de61c7927b00aa67b5cad751dd660dc3e6f:104)
	at b70.a(r8-map-id-fc73651334f76fbacb9920b2bd292de61c7927b00aa67b5cad751dd660dc3e6f:586)
	at sf5.b(r8-map-id-fc73651334f76fbacb9920b2bd292de61c7927b00aa67b5cad751dd660dc3e6f:104)
	at b70.a(r8-map-id-fc73651334f76fbacb9920b2bd292de61c7927b00aa67b5cad751dd660dc3e6f:215)
	at sf5.b(r8-map-id-fc73651334f76fbacb9920b2bd292de61c7927b00aa67b5cad751dd660dc3e6f:104)
	at jf5.g(r8-map-id-fc73651334f76fbacb9920b2bd292de61c7927b00aa67b5cad751dd660dc3e6f:92)
	at gf5.run(r8-map-id-fc73651334f76fbacb9920b2bd292de61c7927b00aa67b5cad751dd660dc3e6f:42)
	at java.util.concurrent.ThreadPoolExecutor.runWorker(ThreadPoolExecutor.java:1154)
	at java.util.concurrent.ThreadPoolExecutor$Worker.run(ThreadPoolExecutor.java:652)
	at java.lang.Thread.run(Thread.java:1564)
Caused by: android.system.GaiException: android_getaddrinfo failed: EAI_NODATA (No address associated with hostname)
	at libcore.io.Linux.android_getaddrinfo(Native Method)
	at libcore.io.ForwardingOs.android_getaddrinfo(ForwardingOs.java:134)
	at libcore.io.BlockGuardOs.android_getaddrinfo(BlockGuardOs.java:222)
	at libcore.io.ForwardingOs.android_getaddrinfo(ForwardingOs.java:134)
	at java.net.Inet6AddressImpl.lookupHostByName(Inet6AddressImpl.java:135)
	... 18 more

2026-04-07T18:28:07.450552Z Warn: WebSocket disconnected, retrying in 5000ms
2026-04-07T18:28:13.398364Z Info: Delay completed, reconnecting...
2026-04-07T18:28:13.399608Z Info: Connecting to WebSocket at wss://michael.seifert.page/api/apps/v1/notify/ws
2026-04-07T18:28:13.66016Z Debug: Sent WebSocket command: establishConnectionRequest
2026-04-07T18:28:13.901462Z Info: Device handshake successful
2026-04-07T18:28:13.908714Z Warn: DriveSync for drive=9ff813af-f2d6-1e2f-9b9d-b189e72d1a11 already exists, skipping
2026-04-07T18:28:13.909122Z Warn: DriveSync for drive=2612429d-1c3f-0372-82b8-d42fb2cc0499 already exists, skipping
2026-04-07T18:28:13.911852Z Warn: DriveSync for drive=4db49422-ebad-02e9-9ab9-6e9c477d1e08 already exists, skipping
2026-04-07T18:28:13.914808Z Debug: Sent WebSocket command: processInbox
2026-04-07T18:28:13.916337Z Debug: Sent WebSocket command: processInbox
2026-04-07T18:28:13.920938Z Debug: Sent WebSocket command: processInbox
2026-04-07T18:28:13.924935Z Info: Synchronizing drive 4db49422-ebad-02e9-9ab9-6e9c477d1e08
2026-04-07T18:28:13.925109Z Info: Synchronizing drive 2612429d-1c3f-0372-82b8-d42fb2cc0499
2026-04-07T18:28:13.925784Z Info: Synchronizing drive 9ff813af-f2d6-1e2f-9b9d-b189e72d1a11
2026-04-07T18:28:13.981766Z Info: Received 0 records from QueryBatch() on Drive 2612429d-1c3f-0372-82b8-d42fb2cc0499
2026-04-07T18:28:13.982161Z Debug: DriveSync: all DB writes complete for drive 2612429d-1c3f-0372-82b8-d42fb2cc0499 (0 total records)
2026-04-07T18:28:13.983197Z Debug: Drive 2612429d-1c3f-0372-82b8-d42fb2cc0499 synchronized with 0 records read.
2026-04-07T18:28:14.020234Z Info: Received 0 records from QueryBatch() on Drive 9ff813af-f2d6-1e2f-9b9d-b189e72d1a11
2026-04-07T18:28:14.020546Z Debug: DriveSync: all DB writes complete for drive 9ff813af-f2d6-1e2f-9b9d-b189e72d1a11 (0 total records)
2026-04-07T18:28:14.021529Z Debug: Drive 9ff813af-f2d6-1e2f-9b9d-b189e72d1a11 synchronized with 0 records read.
2026-04-07T18:28:14.025078Z Debug: ChatMessageStream: Stopped(totalCount=0)
2026-04-07T18:28:14.025686Z Info: Received 0 records from QueryBatch() on Drive 4db49422-ebad-02e9-9ab9-6e9c477d1e08
2026-04-07T18:28:14.025884Z Debug: DriveSync: all DB writes complete for drive 4db49422-ebad-02e9-9ab9-6e9c477d1e08 (0 total records)
2026-04-07T18:28:14.027397Z Debug: Drive 4db49422-ebad-02e9-9ab9-6e9c477d1e08 synchronized with 0 records read.
2026-04-07T18:28:15.531159Z Info: WebSocket connection ended
2026-04-07T18:28:15.534171Z Info: Connecting to WebSocket at wss://michael.seifert.page/api/apps/v1/notify/ws
2026-04-07T18:28:15.573627Z Error: WebSocket connect failed Unable to resolve host "michael.seifert.page": No address associated with hostname
java.net.UnknownHostException: Unable to resolve host "michael.seifert.page": No address associated with hostname
	at java.net.Inet6AddressImpl.lookupHostByName(Inet6AddressImpl.java:156)
	at java.net.Inet6AddressImpl.lookupAllHostAddr(Inet6AddressImpl.java:103)
	at java.net.InetAddress.getAllByName(InetAddress.java:1152)
	at wf5.b(r8-map-id-fc73651334f76fbacb9920b2bd292de61c7927b00aa67b5cad751dd660dc3e6f:393)
	at m92.d(r8-map-id-fc73651334f76fbacb9920b2bd292de61c7927b00aa67b5cad751dd660dc3e6f:12)
	at m92.a(r8-map-id-fc73651334f76fbacb9920b2bd292de61c7927b00aa67b5cad751dd660dc3e6f:77)
	at uc0.a(r8-map-id-fc73651334f76fbacb9920b2bd292de61c7927b00aa67b5cad751dd660dc3e6f:455)
	at sf5.b(r8-map-id-fc73651334f76fbacb9920b2bd292de61c7927b00aa67b5cad751dd660dc3e6f:104)
	at uc0.a(r8-map-id-fc73651334f76fbacb9920b2bd292de61c7927b00aa67b5cad751dd660dc3e6f:151)
	at sf5.b(r8-map-id-fc73651334f76fbacb9920b2bd292de61c7927b00aa67b5cad751dd660dc3e6f:104)
	at b70.a(r8-map-id-fc73651334f76fbacb9920b2bd292de61c7927b00aa67b5cad751dd660dc3e6f:586)
	at sf5.b(r8-map-id-fc73651334f76fbacb9920b2bd292de61c7927b00aa67b5cad751dd660dc3e6f:104)
	at b70.a(r8-map-id-fc73651334f76fbacb9920b2bd292de61c7927b00aa67b5cad751dd660dc3e6f:215)
	at sf5.b(r8-map-id-fc73651334f76fbacb9920b2bd292de61c7927b00aa67b5cad751dd660dc3e6f:104)
	at jf5.g(r8-map-id-fc73651334f76fbacb9920b2bd292de61c7927b00aa67b5cad751dd660dc3e6f:92)
	at gf5.run(r8-map-id-fc73651334f76fbacb9920b2bd292de61c7927b00aa67b5cad751dd660dc3e6f:42)
	at java.util.concurrent.ThreadPoolExecutor.runWorker(ThreadPoolExecutor.java:1154)
	at java.util.concurrent.ThreadPoolExecutor$Worker.run(ThreadPoolExecutor.java:652)
	at java.lang.Thread.run(Thread.java:1564)
Caused by: android.system.GaiException: android_getaddrinfo failed: EAI_NODATA (No address associated with hostname)
	at libcore.io.Linux.android_getaddrinfo(Native Method)
	at libcore.io.ForwardingOs.android_getaddrinfo(ForwardingOs.java:134)
	at libcore.io.BlockGuardOs.android_getaddrinfo(BlockGuardOs.java:222)
	at libcore.io.ForwardingOs.android_getaddrinfo(ForwardingOs.java:134)
	at java.net.Inet6AddressImpl.lookupHostByName(Inet6AddressImpl.java:135)
	... 18 more

2026-04-07T18:28:15.583804Z Warn: WebSocket disconnected, retrying in 5000ms
2026-04-07T18:28:20.682795Z Info: Delay completed, reconnecting...
2026-04-07T18:28:24.232356Z Info: Connecting to WebSocket at wss://michael.seifert.page/api/apps/v1/notify/ws
2026-04-07T18:28:24.234499Z Debug: ConversationStream: Stopped(totalCount=0)
2026-04-07T18:28:24.253191Z Error: WebSocket connect failed Unable to resolve host "michael.seifert.page": No address associated with hostname
java.net.UnknownHostException: Unable to resolve host "michael.seifert.page": No address associated with hostname
	at java.net.Inet6AddressImpl.lookupHostByName(Inet6AddressImpl.java:156)
	at java.net.Inet6AddressImpl.lookupAllHostAddr(Inet6AddressImpl.java:103)
	at java.net.InetAddress.getAllByName(InetAddress.java:1152)
	at wf5.b(r8-map-id-fc73651334f76fbacb9920b2bd292de61c7927b00aa67b5cad751dd660dc3e6f:393)
	at m92.d(r8-map-id-fc73651334f76fbacb9920b2bd292de61c7927b00aa67b5cad751dd660dc3e6f:12)
	at m92.a(r8-map-id-fc73651334f76fbacb9920b2bd292de61c7927b00aa67b5cad751dd660dc3e6f:77)
	at uc0.a(r8-map-id-fc73651334f76fbacb9920b2bd292de61c7927b00aa67b5cad751dd660dc3e6f:455)
	at sf5.b(r8-map-id-fc73651334f76fbacb9920b2bd292de61c7927b00aa67b5cad751dd660dc3e6f:104)
	at uc0.a(r8-map-id-fc73651334f76fbacb9920b2bd292de61c7927b00aa67b5cad751dd660dc3e6f:151)
	at sf5.b(r8-map-id-fc73651334f76fbacb9920b2bd292de61c7927b00aa67b5cad751dd660dc3e6f:104)
	at b70.a(r8-map-id-fc73651334f76fbacb9920b2bd292de61c7927b00aa67b5cad751dd660dc3e6f:586)
	at sf5.b(r8-map-id-fc73651334f76fbacb9920b2bd292de61c7927b00aa67b5cad751dd660dc3e6f:104)
	at b70.a(r8-map-id-fc73651334f76fbacb9920b2bd292de61c7927b00aa67b5cad751dd660dc3e6f:215)
	at sf5.b(r8-map-id-fc73651334f76fbacb9920b2bd292de61c7927b00aa67b5cad751dd660dc3e6f:104)
	at jf5.g(r8-map-id-fc73651334f76fbacb9920b2bd292de61c7927b00aa67b5cad751dd660dc3e6f:92)
	at gf5.run(r8-map-id-fc73651334f76fbacb9920b2bd292de61c7927b00aa67b5cad751dd660dc3e6f:42)
	at java.util.concurrent.ThreadPoolExecutor.runWorker(ThreadPoolExecutor.java:1154)
	at java.util.concurrent.ThreadPoolExecutor$Worker.run(ThreadPoolExecutor.java:652)
	at java.lang.Thread.run(Thread.java:1564)
Caused by: android.system.GaiException: android_getaddrinfo failed: EAI_NODATA (No address associated with hostname)
	at libcore.io.Linux.android_getaddrinfo(Native Method)
	at libcore.io.ForwardingOs.android_getaddrinfo(ForwardingOs.java:134)
	at libcore.io.BlockGuardOs.android_getaddrinfo(BlockGuardOs.java:222)
	at libcore.io.ForwardingOs.android_getaddrinfo(ForwardingOs.java:134)
	at java.net.Inet6AddressImpl.lookupHostByName(Inet6AddressImpl.java:135)
	... 18 more

2026-04-07T18:28:24.254877Z Warn: WebSocket disconnected, retrying in 5000ms
2026-04-07T18:28:24.351472Z Info: Popping Outbox
2026-04-07T18:28:24.356436Z Info: No more items in outbox
2026-04-07T18:28:29.908727Z Info: Delay completed, reconnecting...
2026-04-07T18:28:29.912434Z Info: Connecting to WebSocket at wss://michael.seifert.page/api/apps/v1/notify/ws
2026-04-07T18:28:29.929387Z Error: WebSocket connect failed Unable to resolve host "michael.seifert.page": No address associated with hostname
java.net.UnknownHostException: Unable to resolve host "michael.seifert.page": No address associated with hostname
	at java.net.Inet6AddressImpl.lookupHostByName(Inet6AddressImpl.java:156)
	at java.net.Inet6AddressImpl.lookupAllHostAddr(Inet6AddressImpl.java:103)
	at java.net.InetAddress.getAllByName(InetAddress.java:1152)
	at wf5.b(r8-map-id-fc73651334f76fbacb9920b2bd292de61c7927b00aa67b5cad751dd660dc3e6f:393)
	at m92.d(r8-map-id-fc73651334f76fbacb9920b2bd292de61c7927b00aa67b5cad751dd660dc3e6f:12)
	at m92.a(r8-map-id-fc73651334f76fbacb9920b2bd292de61c7927b00aa67b5cad751dd660dc3e6f:77)
	at uc0.a(r8-map-id-fc73651334f76fbacb9920b2bd292de61c7927b00aa67b5cad751dd660dc3e6f:455)
	at sf5.b(r8-map-id-fc73651334f76fbacb9920b2bd292de61c7927b00aa67b5cad751dd660dc3e6f:104)
	at uc0.a(r8-map-id-fc73651334f76fbacb9920b2bd292de61c7927b00aa67b5cad751dd660dc3e6f:151)
	at sf5.b(r8-map-id-fc73651334f76fbacb9920b2bd292de61c7927b00aa67b5cad751dd660dc3e6f:104)
	at b70.a(r8-map-id-fc73651334f76fbacb9920b2bd292de61c7927b00aa67b5cad751dd660dc3e6f:586)
	at sf5.b(r8-map-id-fc73651334f76fbacb9920b2bd292de61c7927b00aa67b5cad751dd660dc3e6f:104)
	at b70.a(r8-map-id-fc73651334f76fbacb9920b2bd292de61c7927b00aa67b5cad751dd660dc3e6f:215)
	at sf5.b(r8-map-id-fc73651334f76fbacb9920b2bd292de61c7927b00aa67b5cad751dd660dc3e6f:104)
	at jf5.g(r8-map-id-fc73651334f76fbacb9920b2bd292de61c7927b00aa67b5cad751dd660dc3e6f:92)
	at gf5.run(r8-map-id-fc73651334f76fbacb9920b2bd292de61c7927b00aa67b5cad751dd660dc3e6f:42)
	at java.util.concurrent.ThreadPoolExecutor.runWorker(ThreadPoolExecutor.java:1154)
	at java.util.concurrent.ThreadPoolExecutor$Worker.run(ThreadPoolExecutor.java:652)
	at java.lang.Thread.run(Thread.java:1564)
Caused by: android.system.GaiException: android_getaddrinfo failed: EAI_NODATA (No address associated with hostname)
	at libcore.io.Linux.android_getaddrinfo(Native Method)
	at libcore.io.ForwardingOs.android_getaddrinfo(ForwardingOs.java:134)
	at libcore.io.BlockGuardOs.android_getaddrinfo(BlockGuardOs.java:222)
	at libcore.io.ForwardingOs.android_getaddrinfo(ForwardingOs.java:134)
	at java.net.Inet6AddressImpl.lookupHostByName(Inet6AddressImpl.java:135)
	... 18 more

2026-04-07T18:28:29.933567Z Warn: WebSocket disconnected, retrying in 5000ms
2026-04-07T18:28:35.287852Z Info: Delay completed, reconnecting...
2026-04-07T18:28:35.290378Z Info: Connecting to WebSocket at wss://michael.seifert.page/api/apps/v1/notify/ws
2026-04-07T18:28:35.314594Z Error: WebSocket connect failed Unable to resolve host "michael.seifert.page": No address associated with hostname
java.net.UnknownHostException: Unable to resolve host "michael.seifert.page": No address associated with hostname
	at java.net.Inet6AddressImpl.lookupHostByName(Inet6AddressImpl.java:156)
	at java.net.Inet6AddressImpl.lookupAllHostAddr(Inet6AddressImpl.java:103)
	at java.net.InetAddress.getAllByName(InetAddress.java:1152)
	at wf5.b(r8-map-id-fc73651334f76fbacb9920b2bd292de61c7927b00aa67b5cad751dd660dc3e6f:393)
	at m92.d(r8-map-id-fc73651334f76fbacb9920b2bd292de61c7927b00aa67b5cad751dd660dc3e6f:12)
	at m92.a(r8-map-id-fc73651334f76fbacb9920b2bd292de61c7927b00aa67b5cad751dd660dc3e6f:77)
	at uc0.a(r8-map-id-fc73651334f76fbacb9920b2bd292de61c7927b00aa67b5cad751dd660dc3e6f:455)
	at sf5.b(r8-map-id-fc73651334f76fbacb9920b2bd292de61c7927b00aa67b5cad751dd660dc3e6f:104)
	at uc0.a(r8-map-id-fc73651334f76fbacb9920b2bd292de61c7927b00aa67b5cad751dd660dc3e6f:151)
	at sf5.b(r8-map-id-fc73651334f76fbacb9920b2bd292de61c7927b00aa67b5cad751dd660dc3e6f:104)
	at b70.a(r8-map-id-fc73651334f76fbacb9920b2bd292de61c7927b00aa67b5cad751dd660dc3e6f:586)
	at sf5.b(r8-map-id-fc73651334f76fbacb9920b2bd292de61c7927b00aa67b5cad751dd660dc3e6f:104)
	at b70.a(r8-map-id-fc73651334f76fbacb9920b2bd292de61c7927b00aa67b5cad751dd660dc3e6f:215)
	at sf5.b(r8-map-id-fc73651334f76fbacb9920b2bd292de61c7927b00aa67b5cad751dd660dc3e6f:104)
	at jf5.g(r8-map-id-fc73651334f76fbacb9920b2bd292de61c7927b00aa67b5cad751dd660dc3e6f:92)
	at gf5.run(r8-map-id-fc73651334f76fbacb9920b2bd292de61c7927b00aa67b5cad751dd660dc3e6f:42)
	at java.util.concurrent.ThreadPoolExecutor.runWorker(ThreadPoolExecutor.java:1154)
	at java.util.concurrent.ThreadPoolExecutor$Worker.run(ThreadPoolExecutor.java:652)
	at java.lang.Thread.run(Thread.java:1564)
Caused by: android.system.GaiException: android_getaddrinfo failed: EAI_NODATA (No address associated with hostname)
	at libcore.io.Linux.android_getaddrinfo(Native Method)
	at libcore.io.ForwardingOs.android_getaddrinfo(ForwardingOs.java:134)
	at libcore.io.BlockGuardOs.android_getaddrinfo(BlockGuardOs.java:222)
	at libcore.io.ForwardingOs.android_getaddrinfo(ForwardingOs.java:134)
	at java.net.Inet6AddressImpl.lookupHostByName(Inet6AddressImpl.java:135)
	... 18 more

2026-04-07T18:28:35.324391Z Warn: WebSocket disconnected, retrying in 5000ms
2026-04-07T18:28:40.4153Z Info: Delay completed, reconnecting...
2026-04-07T18:28:40.417879Z Info: Connecting to WebSocket at wss://michael.seifert.page/api/apps/v1/notify/ws
2026-04-07T18:28:40.436359Z Error: WebSocket connect failed Unable to resolve host "michael.seifert.page": No address associated with hostname
java.net.UnknownHostException: Unable to resolve host "michael.seifert.page": No address associated with hostname
	at java.net.Inet6AddressImpl.lookupHostByName(Inet6AddressImpl.java:156)
	at java.net.Inet6AddressImpl.lookupAllHostAddr(Inet6AddressImpl.java:103)
	at java.net.InetAddress.getAllByName(InetAddress.java:1152)
	at wf5.b(r8-map-id-fc73651334f76fbacb9920b2bd292de61c7927b00aa67b5cad751dd660dc3e6f:393)
	at m92.d(r8-map-id-fc73651334f76fbacb9920b2bd292de61c7927b00aa67b5cad751dd660dc3e6f:12)
	at m92.a(r8-map-id-fc73651334f76fbacb9920b2bd292de61c7927b00aa67b5cad751dd660dc3e6f:77)
	at uc0.a(r8-map-id-fc73651334f76fbacb9920b2bd292de61c7927b00aa67b5cad751dd660dc3e6f:455)
	at sf5.b(r8-map-id-fc73651334f76fbacb9920b2bd292de61c7927b00aa67b5cad751dd660dc3e6f:104)
	at uc0.a(r8-map-id-fc73651334f76fbacb9920b2bd292de61c7927b00aa67b5cad751dd660dc3e6f:151)
	at sf5.b(r8-map-id-fc73651334f76fbacb9920b2bd292de61c7927b00aa67b5cad751dd660dc3e6f:104)
	at b70.a(r8-map-id-fc73651334f76fbacb9920b2bd292de61c7927b00aa67b5cad751dd660dc3e6f:586)
	at sf5.b(r8-map-id-fc73651334f76fbacb9920b2bd292de61c7927b00aa67b5cad751dd660dc3e6f:104)
	at b70.a(r8-map-id-fc73651334f76fbacb9920b2bd292de61c7927b00aa67b5cad751dd660dc3e6f:215)
	at sf5.b(r8-map-id-fc73651334f76fbacb9920b2bd292de61c7927b00aa67b5cad751dd660dc3e6f:104)
	at jf5.g(r8-map-id-fc73651334f76fbacb9920b2bd292de61c7927b00aa67b5cad751dd660dc3e6f:92)
	at gf5.run(r8-map-id-fc73651334f76fbacb9920b2bd292de61c7927b00aa67b5cad751dd660dc3e6f:42)
	at java.util.concurrent.ThreadPoolExecutor.runWorker(ThreadPoolExecutor.java:1154)
	at java.util.concurrent.ThreadPoolExecutor$Worker.run(ThreadPoolExecutor.java:652)
	at java.lang.Thread.run(Thread.java:1564)
Caused by: android.system.GaiException: android_getaddrinfo failed: EAI_NODATA (No address associated with hostname)
	at libcore.io.Linux.android_getaddrinfo(Native Method)
	at libcore.io.ForwardingOs.android_getaddrinfo(ForwardingOs.java:134)
	at libcore.io.BlockGuardOs.android_getaddrinfo(BlockGuardOs.java:222)
	at libcore.io.ForwardingOs.android_getaddrinfo(ForwardingOs.java:134)
	at java.net.Inet6AddressImpl.lookupHostByName(Inet6AddressImpl.java:135)
	... 18 more

2026-04-07T18:28:40.439463Z Warn: WebSocket disconnected, retrying in 5000ms
2026-04-07T18:28:44.625804Z Info: Delay completed, reconnecting...
2026-04-07T18:28:44.632321Z Info: Connecting to WebSocket at wss://michael.seifert.page/api/apps/v1/notify/ws
2026-04-07T18:28:44.64835Z Error: WebSocket connect failed Unable to resolve host "michael.seifert.page": No address associated with hostname
java.net.UnknownHostException: Unable to resolve host "michael.seifert.page": No address associated with hostname
	at java.net.Inet6AddressImpl.lookupHostByName(Inet6AddressImpl.java:156)
	at java.net.Inet6AddressImpl.lookupAllHostAddr(Inet6AddressImpl.java:103)
	at java.net.InetAddress.getAllByName(InetAddress.java:1152)
	at wf5.b(r8-map-id-fc73651334f76fbacb9920b2bd292de61c7927b00aa67b5cad751dd660dc3e6f:393)
	at m92.d(r8-map-id-fc73651334f76fbacb9920b2bd292de61c7927b00aa67b5cad751dd660dc3e6f:12)
	at m92.a(r8-map-id-fc73651334f76fbacb9920b2bd292de61c7927b00aa67b5cad751dd660dc3e6f:77)
	at uc0.a(r8-map-id-fc73651334f76fbacb9920b2bd292de61c7927b00aa67b5cad751dd660dc3e6f:455)
	at sf5.b(r8-map-id-fc73651334f76fbacb9920b2bd292de61c7927b00aa67b5cad751dd660dc3e6f:104)
	at uc0.a(r8-map-id-fc73651334f76fbacb9920b2bd292de61c7927b00aa67b5cad751dd660dc3e6f:151)
	at sf5.b(r8-map-id-fc73651334f76fbacb9920b2bd292de61c7927b00aa67b5cad751dd660dc3e6f:104)
	at b70.a(r8-map-id-fc73651334f76fbacb9920b2bd292de61c7927b00aa67b5cad751dd660dc3e6f:586)
	at sf5.b(r8-map-id-fc73651334f76fbacb9920b2bd292de61c7927b00aa67b5cad751dd660dc3e6f:104)
	at b70.a(r8-map-id-fc73651334f76fbacb9920b2bd292de61c7927b00aa67b5cad751dd660dc3e6f:215)
	at sf5.b(r8-map-id-fc73651334f76fbacb9920b2bd292de61c7927b00aa67b5cad751dd660dc3e6f:104)
	at jf5.g(r8-map-id-fc73651334f76fbacb9920b2bd292de61c7927b00aa67b5cad751dd660dc3e6f:92)
	at gf5.run(r8-map-id-fc73651334f76fbacb9920b2bd292de61c7927b00aa67b5cad751dd660dc3e6f:42)
	at java.util.concurrent.ThreadPoolExecutor.runWorker(ThreadPoolExecutor.java:1154)
	at java.util.concurrent.ThreadPoolExecutor$Worker.run(ThreadPoolExecutor.java:652)
	at java.lang.Thread.run(Thread.java:1564)
Caused by: android.system.GaiException: android_getaddrinfo failed: EAI_NODATA (No address associated with hostname)
	at libcore.io.Linux.android_getaddrinfo(Native Method)
	at libcore.io.ForwardingOs.android_getaddrinfo(ForwardingOs.java:134)
	at libcore.io.BlockGuardOs.android_getaddrinfo(BlockGuardOs.java:222)
	at libcore.io.ForwardingOs.android_getaddrinfo(ForwardingOs.java:134)
	at java.net.Inet6AddressImpl.lookupHostByName(Inet6AddressImpl.java:135)
	... 18 more

2026-04-07T18:28:44.649929Z Warn: WebSocket disconnected, retrying in 5000ms
2026-04-07T18:28:49.809736Z Info: Delay completed, reconnecting...
2026-04-07T18:28:49.813065Z Info: Connecting to WebSocket at wss://michael.seifert.page/api/apps/v1/notify/ws
2026-04-07T18:28:49.832528Z Error: WebSocket connect failed Unable to resolve host "michael.seifert.page": No address associated with hostname
java.net.UnknownHostException: Unable to resolve host "michael.seifert.page": No address associated with hostname
	at java.net.Inet6AddressImpl.lookupHostByName(Inet6AddressImpl.java:156)
	at java.net.Inet6AddressImpl.lookupAllHostAddr(Inet6AddressImpl.java:103)
	at java.net.InetAddress.getAllByName(InetAddress.java:1152)
	at wf5.b(r8-map-id-fc73651334f76fbacb9920b2bd292de61c7927b00aa67b5cad751dd660dc3e6f:393)
	at m92.d(r8-map-id-fc73651334f76fbacb9920b2bd292de61c7927b00aa67b5cad751dd660dc3e6f:12)
	at m92.a(r8-map-id-fc73651334f76fbacb9920b2bd292de61c7927b00aa67b5cad751dd660dc3e6f:77)
	at uc0.a(r8-map-id-fc73651334f76fbacb9920b2bd292de61c7927b00aa67b5cad751dd660dc3e6f:455)
	at sf5.b(r8-map-id-fc73651334f76fbacb9920b2bd292de61c7927b00aa67b5cad751dd660dc3e6f:104)
	at uc0.a(r8-map-id-fc73651334f76fbacb9920b2bd292de61c7927b00aa67b5cad751dd660dc3e6f:151)
	at sf5.b(r8-map-id-fc73651334f76fbacb9920b2bd292de61c7927b00aa67b5cad751dd660dc3e6f:104)
	at b70.a(r8-map-id-fc73651334f76fbacb9920b2bd292de61c7927b00aa67b5cad751dd660dc3e6f:586)
	at sf5.b(r8-map-id-fc73651334f76fbacb9920b2bd292de61c7927b00aa67b5cad751dd660dc3e6f:104)
	at b70.a(r8-map-id-fc73651334f76fbacb9920b2bd292de61c7927b00aa67b5cad751dd660dc3e6f:215)
	at sf5.b(r8-map-id-fc73651334f76fbacb9920b2bd292de61c7927b00aa67b5cad751dd660dc3e6f:104)
	at jf5.g(r8-map-id-fc73651334f76fbacb9920b2bd292de61c7927b00aa67b5cad751dd660dc3e6f:92)
	at gf5.run(r8-map-id-fc73651334f76fbacb9920b2bd292de61c7927b00aa67b5cad751dd660dc3e6f:42)
	at java.util.concurrent.ThreadPoolExecutor.runWorker(ThreadPoolExecutor.java:1154)
	at java.util.concurrent.ThreadPoolExecutor$Worker.run(ThreadPoolExecutor.java:652)
	at java.lang.Thread.run(Thread.java:1564)
Caused by: android.system.GaiException: android_getaddrinfo failed: EAI_NODATA (No address associated with hostname)
	at libcore.io.Linux.android_getaddrinfo(Native Method)
	at libcore.io.ForwardingOs.android_getaddrinfo(ForwardingOs.java:134)
	at libcore.io.BlockGuardOs.android_getaddrinfo(BlockGuardOs.java:222)
	at libcore.io.ForwardingOs.android_getaddrinfo(ForwardingOs.java:134)
	at java.net.Inet6AddressImpl.lookupHostByName(Inet6AddressImpl.java:135)
	... 18 more

2026-04-07T18:28:49.835748Z Warn: WebSocket disconnected, retrying in 5000ms
2026-04-07T18:28:53.969853Z Info: Delay completed, reconnecting...
2026-04-07T18:28:53.981295Z Info: Connecting to WebSocket at wss://michael.seifert.page/api/apps/v1/notify/ws
2026-04-07T18:28:53.991039Z Error: WebSocket connect failed Unable to resolve host "michael.seifert.page": No address associated with hostname
java.net.UnknownHostException: Unable to resolve host "michael.seifert.page": No address associated with hostname
	at java.net.Inet6AddressImpl.lookupHostByName(Inet6AddressImpl.java:156)
	at java.net.Inet6AddressImpl.lookupAllHostAddr(Inet6AddressImpl.java:103)
	at java.net.InetAddress.getAllByName(InetAddress.java:1152)
	at wf5.b(r8-map-id-fc73651334f76fbacb9920b2bd292de61c7927b00aa67b5cad751dd660dc3e6f:393)
	at m92.d(r8-map-id-fc73651334f76fbacb9920b2bd292de61c7927b00aa67b5cad751dd660dc3e6f:12)
	at m92.a(r8-map-id-fc73651334f76fbacb9920b2bd292de61c7927b00aa67b5cad751dd660dc3e6f:77)
	at uc0.a(r8-map-id-fc73651334f76fbacb9920b2bd292de61c7927b00aa67b5cad751dd660dc3e6f:455)
	at sf5.b(r8-map-id-fc73651334f76fbacb9920b2bd292de61c7927b00aa67b5cad751dd660dc3e6f:104)
	at uc0.a(r8-map-id-fc73651334f76fbacb9920b2bd292de61c7927b00aa67b5cad751dd660dc3e6f:151)
	at sf5.b(r8-map-id-fc73651334f76fbacb9920b2bd292de61c7927b00aa67b5cad751dd660dc3e6f:104)
	at b70.a(r8-map-id-fc73651334f76fbacb9920b2bd292de61c7927b00aa67b5cad751dd660dc3e6f:586)
	at sf5.b(r8-map-id-fc73651334f76fbacb9920b2bd292de61c7927b00aa67b5cad751dd660dc3e6f:104)
	at b70.a(r8-map-id-fc73651334f76fbacb9920b2bd292de61c7927b00aa67b5cad751dd660dc3e6f:215)
	at sf5.b(r8-map-id-fc73651334f76fbacb9920b2bd292de61c7927b00aa67b5cad751dd660dc3e6f:104)
	at jf5.g(r8-map-id-fc73651334f76fbacb9920b2bd292de61c7927b00aa67b5cad751dd660dc3e6f:92)
	at gf5.run(r8-map-id-fc73651334f76fbacb9920b2bd292de61c7927b00aa67b5cad751dd660dc3e6f:42)
	at java.util.concurrent.ThreadPoolExecutor.runWorker(ThreadPoolExecutor.java:1154)
	at java.util.concurrent.ThreadPoolExecutor$Worker.run(ThreadPoolExecutor.java:652)
	at java.lang.Thread.run(Thread.java:1564)
Caused by: android.system.GaiException: android_getaddrinfo failed: EAI_NODATA (No address associated with hostname)
	at libcore.io.Linux.android_getaddrinfo(Native Method)
	at libcore.io.ForwardingOs.android_getaddrinfo(ForwardingOs.java:134)
	at libcore.io.BlockGuardOs.android_getaddrinfo(BlockGuardOs.java:222)
	at libcore.io.ForwardingOs.android_getaddrinfo(ForwardingOs.java:134)
	at java.net.Inet6AddressImpl.lookupHostByName(Inet6AddressImpl.java:135)
	... 18 more

2026-04-07T18:28:53.993703Z Warn: WebSocket disconnected, retrying in 5000ms
2026-04-07T18:28:59.20348Z Info: Delay completed, reconnecting...
2026-04-07T18:28:59.205619Z Info: Connecting to WebSocket at wss://michael.seifert.page/api/apps/v1/notify/ws
2026-04-07T18:28:59.232369Z Error: WebSocket connect failed Unable to resolve host "michael.seifert.page": No address associated with hostname
java.net.UnknownHostException: Unable to resolve host "michael.seifert.page": No address associated with hostname
	at java.net.Inet6AddressImpl.lookupHostByName(Inet6AddressImpl.java:156)
	at java.net.Inet6AddressImpl.lookupAllHostAddr(Inet6AddressImpl.java:103)
	at java.net.InetAddress.getAllByName(InetAddress.java:1152)
	at wf5.b(r8-map-id-fc73651334f76fbacb9920b2bd292de61c7927b00aa67b5cad751dd660dc3e6f:393)
	at m92.d(r8-map-id-fc73651334f76fbacb9920b2bd292de61c7927b00aa67b5cad751dd660dc3e6f:12)
	at m92.a(r8-map-id-fc73651334f76fbacb9920b2bd292de61c7927b00aa67b5cad751dd660dc3e6f:77)
	at uc0.a(r8-map-id-fc73651334f76fbacb9920b2bd292de61c7927b00aa67b5cad751dd660dc3e6f:455)
	at sf5.b(r8-map-id-fc73651334f76fbacb9920b2bd292de61c7927b00aa67b5cad751dd660dc3e6f:104)
	at uc0.a(r8-map-id-fc73651334f76fbacb9920b2bd292de61c7927b00aa67b5cad751dd660dc3e6f:151)
	at sf5.b(r8-map-id-fc73651334f76fbacb9920b2bd292de61c7927b00aa67b5cad751dd660dc3e6f:104)
	at b70.a(r8-map-id-fc73651334f76fbacb9920b2bd292de61c7927b00aa67b5cad751dd660dc3e6f:586)
	at sf5.b(r8-map-id-fc73651334f76fbacb9920b2bd292de61c7927b00aa67b5cad751dd660dc3e6f:104)
	at b70.a(r8-map-id-fc73651334f76fbacb9920b2bd292de61c7927b00aa67b5cad751dd660dc3e6f:215)
	at sf5.b(r8-map-id-fc73651334f76fbacb9920b2bd292de61c7927b00aa67b5cad751dd660dc3e6f:104)
	at jf5.g(r8-map-id-fc73651334f76fbacb9920b2bd292de61c7927b00aa67b5cad751dd660dc3e6f:92)
	at gf5.run(r8-map-id-fc73651334f76fbacb9920b2bd292de61c7927b00aa67b5cad751dd660dc3e6f:42)
	at java.util.concurrent.ThreadPoolExecutor.runWorker(ThreadPoolExecutor.java:1154)
	at java.util.concurrent.ThreadPoolExecutor$Worker.run(ThreadPoolExecutor.java:652)
	at java.lang.Thread.run(Thread.java:1564)
Caused by: android.system.GaiException: android_getaddrinfo failed: EAI_NODATA (No address associated with hostname)
	at libcore.io.Linux.android_getaddrinfo(Native Method)
	at libcore.io.ForwardingOs.android_getaddrinfo(ForwardingOs.java:134)
	at libcore.io.BlockGuardOs.android_getaddrinfo(BlockGuardOs.java:222)
	at libcore.io.ForwardingOs.android_getaddrinfo(ForwardingOs.java:134)
	at java.net.Inet6AddressImpl.lookupHostByName(Inet6AddressImpl.java:135)
	... 18 more

2026-04-07T18:28:59.234992Z Warn: WebSocket disconnected, retrying in 5000ms
2026-04-07T18:29:04.186735Z Info: Delay completed, reconnecting...
2026-04-07T18:29:04.189064Z Info: Connecting to WebSocket at wss://michael.seifert.page/api/apps/v1/notify/ws
2026-04-07T18:29:04.215814Z Error: WebSocket connect failed Unable to resolve host "michael.seifert.page": No address associated with hostname
java.net.UnknownHostException: Unable to resolve host "michael.seifert.page": No address associated with hostname
	at java.net.Inet6AddressImpl.lookupHostByName(Inet6AddressImpl.java:156)
	at java.net.Inet6AddressImpl.lookupAllHostAddr(Inet6AddressImpl.java:103)
	at java.net.InetAddress.getAllByName(InetAddress.java:1152)
	at wf5.b(r8-map-id-fc73651334f76fbacb9920b2bd292de61c7927b00aa67b5cad751dd660dc3e6f:393)
	at m92.d(r8-map-id-fc73651334f76fbacb9920b2bd292de61c7927b00aa67b5cad751dd660dc3e6f:12)
	at m92.a(r8-map-id-fc73651334f76fbacb9920b2bd292de61c7927b00aa67b5cad751dd660dc3e6f:77)
	at uc0.a(r8-map-id-fc73651334f76fbacb9920b2bd292de61c7927b00aa67b5cad751dd660dc3e6f:455)
	at sf5.b(r8-map-id-fc73651334f76fbacb9920b2bd292de61c7927b00aa67b5cad751dd660dc3e6f:104)
	at uc0.a(r8-map-id-fc73651334f76fbacb9920b2bd292de61c7927b00aa67b5cad751dd660dc3e6f:151)
	at sf5.b(r8-map-id-fc73651334f76fbacb9920b2bd292de61c7927b00aa67b5cad751dd660dc3e6f:104)
	at b70.a(r8-map-id-fc73651334f76fbacb9920b2bd292de61c7927b00aa67b5cad751dd660dc3e6f:586)
	at sf5.b(r8-map-id-fc73651334f76fbacb9920b2bd292de61c7927b00aa67b5cad751dd660dc3e6f:104)
	at b70.a(r8-map-id-fc73651334f76fbacb9920b2bd292de61c7927b00aa67b5cad751dd660dc3e6f:215)
	at sf5.b(r8-map-id-fc73651334f76fbacb9920b2bd292de61c7927b00aa67b5cad751dd660dc3e6f:104)
	at jf5.g(r8-map-id-fc73651334f76fbacb9920b2bd292de61c7927b00aa67b5cad751dd660dc3e6f:92)
	at gf5.run(r8-map-id-fc73651334f76fbacb9920b2bd292de61c7927b00aa67b5cad751dd660dc3e6f:42)
	at java.util.concurrent.ThreadPoolExecutor.runWorker(ThreadPoolExecutor.java:1154)
	at java.util.concurrent.ThreadPoolExecutor$Worker.run(ThreadPoolExecutor.java:652)
	at java.lang.Thread.run(Thread.java:1564)
Caused by: android.system.GaiException: android_getaddrinfo failed: EAI_NODATA (No address associated with hostname)
	at libcore.io.Linux.android_getaddrinfo(Native Method)
	at libcore.io.ForwardingOs.android_getaddrinfo(ForwardingOs.java:134)
	at libcore.io.BlockGuardOs.android_getaddrinfo(BlockGuardOs.java:222)
	at libcore.io.ForwardingOs.android_getaddrinfo(ForwardingOs.java:134)
	at java.net.Inet6AddressImpl.lookupHostByName(Inet6AddressImpl.java:135)
	... 18 more

2026-04-07T18:29:04.217877Z Warn: WebSocket disconnected, retrying in 5000ms
2026-04-07T18:29:08.731172Z Info: Delay completed, reconnecting...
2026-04-07T18:29:08.734861Z Info: Connecting to WebSocket at wss://michael.seifert.page/api/apps/v1/notify/ws
2026-04-07T18:29:08.759811Z Error: WebSocket connect failed Unable to resolve host "michael.seifert.page": No address associated with hostname
java.net.UnknownHostException: Unable to resolve host "michael.seifert.page": No address associated with hostname
	at java.net.Inet6AddressImpl.lookupHostByName(Inet6AddressImpl.java:156)
	at java.net.Inet6AddressImpl.lookupAllHostAddr(Inet6AddressImpl.java:103)
	at java.net.InetAddress.getAllByName(InetAddress.java:1152)
	at wf5.b(r8-map-id-fc73651334f76fbacb9920b2bd292de61c7927b00aa67b5cad751dd660dc3e6f:393)
	at m92.d(r8-map-id-fc73651334f76fbacb9920b2bd292de61c7927b00aa67b5cad751dd660dc3e6f:12)
	at m92.a(r8-map-id-fc73651334f76fbacb9920b2bd292de61c7927b00aa67b5cad751dd660dc3e6f:77)
	at uc0.a(r8-map-id-fc73651334f76fbacb9920b2bd292de61c7927b00aa67b5cad751dd660dc3e6f:455)
	at sf5.b(r8-map-id-fc73651334f76fbacb9920b2bd292de61c7927b00aa67b5cad751dd660dc3e6f:104)
	at uc0.a(r8-map-id-fc73651334f76fbacb9920b2bd292de61c7927b00aa67b5cad751dd660dc3e6f:151)
	at sf5.b(r8-map-id-fc73651334f76fbacb9920b2bd292de61c7927b00aa67b5cad751dd660dc3e6f:104)
	at b70.a(r8-map-id-fc73651334f76fbacb9920b2bd292de61c7927b00aa67b5cad751dd660dc3e6f:586)
	at sf5.b(r8-map-id-fc73651334f76fbacb9920b2bd292de61c7927b00aa67b5cad751dd660dc3e6f:104)
	at b70.a(r8-map-id-fc73651334f76fbacb9920b2bd292de61c7927b00aa67b5cad751dd660dc3e6f:215)
	at sf5.b(r8-map-id-fc73651334f76fbacb9920b2bd292de61c7927b00aa67b5cad751dd660dc3e6f:104)
	at jf5.g(r8-map-id-fc73651334f76fbacb9920b2bd292de61c7927b00aa67b5cad751dd660dc3e6f:92)
	at gf5.run(r8-map-id-fc73651334f76fbacb9920b2bd292de61c7927b00aa67b5cad751dd660dc3e6f:42)
	at java.util.concurrent.ThreadPoolExecutor.runWorker(ThreadPoolExecutor.java:1154)
	at java.util.concurrent.ThreadPoolExecutor$Worker.run(ThreadPoolExecutor.java:652)
	at java.lang.Thread.run(Thread.java:1564)
Caused by: android.system.GaiException: android_getaddrinfo failed: EAI_NODATA (No address associated with hostname)
	at libcore.io.Linux.android_getaddrinfo(Native Method)
	at libcore.io.ForwardingOs.android_getaddrinfo(ForwardingOs.java:134)
	at libcore.io.BlockGuardOs.android_getaddrinfo(BlockGuardOs.java:222)
	at libcore.io.ForwardingOs.android_getaddrinfo(ForwardingOs.java:134)
	at java.net.Inet6AddressImpl.lookupHostByName(Inet6AddressImpl.java:135)
	... 18 more

2026-04-07T18:29:08.761146Z Warn: WebSocket disconnected, retrying in 5000ms
2026-04-07T18:29:13.38257Z Info: Delay completed, reconnecting...
2026-04-07T18:29:13.386707Z Info: Connecting to WebSocket at wss://michael.seifert.page/api/apps/v1/notify/ws
2026-04-07T18:29:13.415772Z Error: WebSocket connect failed Unable to resolve host "michael.seifert.page": No address associated with hostname
java.net.UnknownHostException: Unable to resolve host "michael.seifert.page": No address associated with hostname
	at java.net.Inet6AddressImpl.lookupHostByName(Inet6AddressImpl.java:156)
	at java.net.Inet6AddressImpl.lookupAllHostAddr(Inet6AddressImpl.java:103)
	at java.net.InetAddress.getAllByName(InetAddress.java:1152)
	at wf5.b(r8-map-id-fc73651334f76fbacb9920b2bd292de61c7927b00aa67b5cad751dd660dc3e6f:393)
	at m92.d(r8-map-id-fc73651334f76fbacb9920b2bd292de61c7927b00aa67b5cad751dd660dc3e6f:12)
	at m92.a(r8-map-id-fc73651334f76fbacb9920b2bd292de61c7927b00aa67b5cad751dd660dc3e6f:77)
	at uc0.a(r8-map-id-fc73651334f76fbacb9920b2bd292de61c7927b00aa67b5cad751dd660dc3e6f:455)
	at sf5.b(r8-map-id-fc73651334f76fbacb9920b2bd292de61c7927b00aa67b5cad751dd660dc3e6f:104)
	at uc0.a(r8-map-id-fc73651334f76fbacb9920b2bd292de61c7927b00aa67b5cad751dd660dc3e6f:151)
	at sf5.b(r8-map-id-fc73651334f76fbacb9920b2bd292de61c7927b00aa67b5cad751dd660dc3e6f:104)
	at b70.a(r8-map-id-fc73651334f76fbacb9920b2bd292de61c7927b00aa67b5cad751dd660dc3e6f:586)
	at sf5.b(r8-map-id-fc73651334f76fbacb9920b2bd292de61c7927b00aa67b5cad751dd660dc3e6f:104)
	at b70.a(r8-map-id-fc73651334f76fbacb9920b2bd292de61c7927b00aa67b5cad751dd660dc3e6f:215)
	at sf5.b(r8-map-id-fc73651334f76fbacb9920b2bd292de61c7927b00aa67b5cad751dd660dc3e6f:104)
	at jf5.g(r8-map-id-fc73651334f76fbacb9920b2bd292de61c7927b00aa67b5cad751dd660dc3e6f:92)
	at gf5.run(r8-map-id-fc73651334f76fbacb9920b2bd292de61c7927b00aa67b5cad751dd660dc3e6f:42)
	at java.util.concurrent.ThreadPoolExecutor.runWorker(ThreadPoolExecutor.java:1154)
	at java.util.concurrent.ThreadPoolExecutor$Worker.run(ThreadPoolExecutor.java:652)
	at java.lang.Thread.run(Thread.java:1564)
Caused by: android.system.GaiException: android_getaddrinfo failed: EAI_NODATA (No address associated with hostname)
	at libcore.io.Linux.android_getaddrinfo(Native Method)
	at libcore.io.ForwardingOs.android_getaddrinfo(ForwardingOs.java:134)
	at libcore.io.BlockGuardOs.android_getaddrinfo(BlockGuardOs.java:222)
	at libcore.io.ForwardingOs.android_getaddrinfo(ForwardingOs.java:134)
	at java.net.Inet6AddressImpl.lookupHostByName(Inet6AddressImpl.java:135)
	... 18 more

2026-04-07T18:29:13.418767Z Warn: WebSocket disconnected, retrying in 5000ms
2026-04-07T18:29:17.855818Z Info: Delay completed, reconnecting...
2026-04-07T18:29:17.858772Z Info: Connecting to WebSocket at wss://michael.seifert.page/api/apps/v1/notify/ws
2026-04-07T18:29:17.879979Z Error: WebSocket connect failed Unable to resolve host "michael.seifert.page": No address associated with hostname
java.net.UnknownHostException: Unable to resolve host "michael.seifert.page": No address associated with hostname
	at java.net.Inet6AddressImpl.lookupHostByName(Inet6AddressImpl.java:156)
	at java.net.Inet6AddressImpl.lookupAllHostAddr(Inet6AddressImpl.java:103)
	at java.net.InetAddress.getAllByName(InetAddress.java:1152)
	at wf5.b(r8-map-id-fc73651334f76fbacb9920b2bd292de61c7927b00aa67b5cad751dd660dc3e6f:393)
	at m92.d(r8-map-id-fc73651334f76fbacb9920b2bd292de61c7927b00aa67b5cad751dd660dc3e6f:12)
	at m92.a(r8-map-id-fc73651334f76fbacb9920b2bd292de61c7927b00aa67b5cad751dd660dc3e6f:77)
	at uc0.a(r8-map-id-fc73651334f76fbacb9920b2bd292de61c7927b00aa67b5cad751dd660dc3e6f:455)
	at sf5.b(r8-map-id-fc73651334f76fbacb9920b2bd292de61c7927b00aa67b5cad751dd660dc3e6f:104)
	at uc0.a(r8-map-id-fc73651334f76fbacb9920b2bd292de61c7927b00aa67b5cad751dd660dc3e6f:151)
	at sf5.b(r8-map-id-fc73651334f76fbacb9920b2bd292de61c7927b00aa67b5cad751dd660dc3e6f:104)
	at b70.a(r8-map-id-fc73651334f76fbacb9920b2bd292de61c7927b00aa67b5cad751dd660dc3e6f:586)
	at sf5.b(r8-map-id-fc73651334f76fbacb9920b2bd292de61c7927b00aa67b5cad751dd660dc3e6f:104)
	at b70.a(r8-map-id-fc73651334f76fbacb9920b2bd292de61c7927b00aa67b5cad751dd660dc3e6f:215)
	at sf5.b(r8-map-id-fc73651334f76fbacb9920b2bd292de61c7927b00aa67b5cad751dd660dc3e6f:104)
	at jf5.g(r8-map-id-fc73651334f76fbacb9920b2bd292de61c7927b00aa67b5cad751dd660dc3e6f:92)
	at gf5.run(r8-map-id-fc73651334f76fbacb9920b2bd292de61c7927b00aa67b5cad751dd660dc3e6f:42)
	at java.util.concurrent.ThreadPoolExecutor.runWorker(ThreadPoolExecutor.java:1154)
	at java.util.concurrent.ThreadPoolExecutor$Worker.run(ThreadPoolExecutor.java:652)
	at java.lang.Thread.run(Thread.java:1564)
Caused by: android.system.GaiException: android_getaddrinfo failed: EAI_NODATA (No address associated with hostname)
	at libcore.io.Linux.android_getaddrinfo(Native Method)
	at libcore.io.ForwardingOs.android_getaddrinfo(ForwardingOs.java:134)
	at libcore.io.BlockGuardOs.android_getaddrinfo(BlockGuardOs.java:222)
	at libcore.io.ForwardingOs.android_getaddrinfo(ForwardingOs.java:134)
	at java.net.Inet6AddressImpl.lookupHostByName(Inet6AddressImpl.java:135)
	... 18 more

2026-04-07T18:29:17.881305Z Warn: WebSocket disconnected, retrying in 5000ms
2026-04-07T18:59:13.881318Z Info: Delay completed, reconnecting...
2026-04-07T18:59:13.906894Z Info: Connecting to WebSocket at wss://michael.seifert.page/api/apps/v1/notify/ws
2026-04-07T18:59:13.955343Z Info: (NotificationService) FCM message received — title=null body=null data={correlationId=7424949c-572c-408c-9b71-7c5ca8c1a99b, id=c27e3ad3-f8cd-4b3d-a554-7deddf344713, data={"senderId":"toddmitchell.me","appDisplayName":"Homebase - Chat","timestamp":1775588352368,"options":{"appId":"2d781401-3804-4b57-b4aa-d8e4e2ef39f4","typeId":"674e0d67-34c0-4267-8b94-748f0d226cfb","tagId":"f0a1ae98-a9ad-ca33-9da9-284fca48cfc1","silent":false,"peerSubscriptionId":"00000000-0000-0000-0000-000000000000","recipients":null,"unEncryptedMessage":"toddmitchell.me sent a message"}}, timestamp=2026-04-07T18:59:12.3771468+00:00, version=1}
2026-04-07T18:59:14.120922Z Info: (DriveSyncWorker) doWork: starting (attempt=0)
2026-04-07T18:59:14.121862Z Debug: (BackgroundSync) syncIfAuthenticated: checking...
2026-04-07T18:59:14.123996Z Info: (BackgroundSync) syncIfAuthenticated: WS offline — running background sync
2026-04-07T18:59:14.124575Z Warn: DriveSync for drive=9ff813af-f2d6-1e2f-9b9d-b189e72d1a11 already exists, skipping
2026-04-07T18:59:14.126506Z Warn: DriveSync for drive=2612429d-1c3f-0372-82b8-d42fb2cc0499 already exists, skipping
2026-04-07T18:59:14.127791Z Warn: DriveSync for drive=4db49422-ebad-02e9-9ab9-6e9c477d1e08 already exists, skipping
2026-04-07T18:59:14.309459Z Debug: Sent WebSocket command: establishConnectionRequest
2026-04-07T18:59:14.400094Z Info: Synchronizing drive 9ff813af-f2d6-1e2f-9b9d-b189e72d1a11
2026-04-07T18:59:14.401027Z Info: Synchronizing drive 2612429d-1c3f-0372-82b8-d42fb2cc0499
2026-04-07T18:59:14.403818Z Info: Synchronizing drive 4db49422-ebad-02e9-9ab9-6e9c477d1e08
2026-04-07T18:59:14.478615Z Info: Received 0 records from QueryBatch() on Drive 4db49422-ebad-02e9-9ab9-6e9c477d1e08
2026-04-07T18:59:14.479332Z Debug: DriveSync: all DB writes complete for drive 4db49422-ebad-02e9-9ab9-6e9c477d1e08 (0 total records)
2026-04-07T18:59:14.481519Z Debug: Drive 4db49422-ebad-02e9-9ab9-6e9c477d1e08 synchronized with 0 records read.
2026-04-07T18:59:14.512345Z Info: Received 0 records from QueryBatch() on Drive 2612429d-1c3f-0372-82b8-d42fb2cc0499
2026-04-07T18:59:14.513102Z Debug: DriveSync: all DB writes complete for drive 2612429d-1c3f-0372-82b8-d42fb2cc0499 (0 total records)
2026-04-07T18:59:14.518274Z Debug: Drive 2612429d-1c3f-0372-82b8-d42fb2cc0499 synchronized with 0 records read.
2026-04-07T18:59:14.552269Z Info: Device handshake successful
2026-04-07T18:59:14.554872Z Warn: DriveSync for drive=9ff813af-f2d6-1e2f-9b9d-b189e72d1a11 already exists, skipping
2026-04-07T18:59:14.56105Z Warn: DriveSync for drive=2612429d-1c3f-0372-82b8-d42fb2cc0499 already exists, skipping
2026-04-07T18:59:14.56427Z Warn: DriveSync for drive=4db49422-ebad-02e9-9ab9-6e9c477d1e08 already exists, skipping
2026-04-07T18:59:14.568124Z Debug: Sent WebSocket command: processInbox
2026-04-07T18:59:14.569358Z Debug: Sent WebSocket command: processInbox
2026-04-07T18:59:14.572466Z Debug: Sent WebSocket command: processInbox
2026-04-07T18:59:14.574358Z Info: Synchronizing drive 4db49422-ebad-02e9-9ab9-6e9c477d1e08
2026-04-07T18:59:14.575236Z Info: Synchronizing drive 2612429d-1c3f-0372-82b8-d42fb2cc0499
2026-04-07T18:59:14.630314Z Info: Received 1 records from QueryBatch() on Drive 9ff813af-f2d6-1e2f-9b9d-b189e72d1a11
2026-04-07T18:59:14.631179Z Debug: DriveSync: batch contains 1 chat conversation(s): [674e0d67-34c0-4267-8b94-748f0d226cfb]
2026-04-07T18:59:14.637562Z Info: Received 0 records from QueryBatch() on Drive 2612429d-1c3f-0372-82b8-d42fb2cc0499
2026-04-07T18:59:14.63791Z Debug: DriveSync: all DB writes complete for drive 2612429d-1c3f-0372-82b8-d42fb2cc0499 (0 total records)
2026-04-07T18:59:14.639131Z Debug: Drive 2612429d-1c3f-0372-82b8-d42fb2cc0499 synchronized with 0 records read.
2026-04-07T18:59:14.692177Z Info: Received 0 records from QueryBatch() on Drive 4db49422-ebad-02e9-9ab9-6e9c477d1e08
2026-04-07T18:59:14.695165Z Debug: DriveSync: all DB writes complete for drive 4db49422-ebad-02e9-9ab9-6e9c477d1e08 (0 total records)
2026-04-07T18:59:14.697212Z Debug: Drive 4db49422-ebad-02e9-9ab9-6e9c477d1e08 synchronized with 0 records read.
2026-04-07T18:59:23.928541Z Debug: ChatMessageStream: processIncrementalBatch 1 messages across 1 conversation(s)
2026-04-07T18:59:23.926026Z Debug: ConversationStream: BatchReceived 1 files (conversations=0, messages=1, adminFiles=0)
2026-04-07T18:59:23.929202Z Debug: DriveSync: all DB writes complete for drive 9ff813af-f2d6-1e2f-9b9d-b189e72d1a11 (1 total records)
2026-04-07T18:59:23.930905Z Debug: ConversationStream: unread++ convo=674e0d67-34c0-4267-8b94-748f0d226cfb count=1
2026-04-07T18:59:23.933961Z Debug: ConversationStream: Stopped(totalCount=1)
2026-04-07T18:59:23.93884Z Debug: Drive 9ff813af-f2d6-1e2f-9b9d-b189e72d1a11 synchronized with 1 records read.
2026-04-07T18:59:23.939177Z Debug: ChatMessageStream: Stopped(totalCount=1)
2026-04-07T18:59:23.942343Z Info: (BackgroundSync) syncIfAuthenticated: completed
2026-04-07T18:59:23.942725Z Info: (DriveSyncWorker) doWork: success
2026-04-07T18:59:23.943724Z Info: Synchronizing drive 9ff813af-f2d6-1e2f-9b9d-b189e72d1a11
2026-04-07T18:59:23.993311Z Info: Popping Outbox
2026-04-07T18:59:23.995401Z Info: No more items in outbox
2026-04-07T18:59:24.153845Z Info: Received 0 records from QueryBatch() on Drive 9ff813af-f2d6-1e2f-9b9d-b189e72d1a11
2026-04-07T18:59:24.154336Z Debug: DriveSync: all DB writes complete for drive 9ff813af-f2d6-1e2f-9b9d-b189e72d1a11 (0 total records)
2026-04-07T18:59:24.156123Z Debug: ConversationStream: Stopped(totalCount=0)
2026-04-07T18:59:24.156163Z Debug: Drive 9ff813af-f2d6-1e2f-9b9d-b189e72d1a11 synchronized with 0 records read.
2026-04-07T18:59:24.156475Z Debug: ChatMessageStream: Stopped(totalCount=0)
2026-04-07T18:59:26.37282Z Error: (HomebaseImageLoader) Non-retriable exception: Not found
2026-04-07T18:59:26.421885Z Info: (NotificationService) FCM message received — title=null body=null data={correlationId=7a3ce15b-fae2-40ad-bcd0-c7169befd265, id=6e0b7d64-9f46-41b8-a9ed-0b367839cdb0, data={"senderId":"toddmitchell.me","appDisplayName":"Homebase - Chat","timestamp":1775588364915,"options":{"appId":"2d781401-3804-4b57-b4aa-d8e4e2ef39f4","typeId":"674e0d67-34c0-4267-8b94-748f0d226cfb","tagId":"e6830686-7ac7-5ea0-0422-0a03594e19b2","silent":false,"peerSubscriptionId":"00000000-0000-0000-0000-000000000000","recipients":null,"unEncryptedMessage":"toddmitchell.me sent a message"}}, timestamp=2026-04-07T18:59:24.9194814+00:00, version=1}
2026-04-07T18:59:26.494891Z Info: (DriveSyncWorker) doWork: starting (attempt=0)
2026-04-07T18:59:26.49528Z Debug: (BackgroundSync) syncIfAuthenticated: checking...
2026-04-07T18:59:26.495893Z Debug: (BackgroundSync) syncIfAuthenticated: WS online — skipping (WS handles sync)
2026-04-07T18:59:26.496195Z Info: (DriveSyncWorker) doWork: success
2026-04-07T18:59:26.563564Z Debug: Sent WebSocket command: processInbox
2026-04-07T18:59:26.564704Z Debug: Sent WebSocket command: processInbox
2026-04-07T18:59:26.567135Z Info: Synchronizing drive 9ff813af-f2d6-1e2f-9b9d-b189e72d1a11
2026-04-07T18:59:26.709579Z Info: Received 1 records from QueryBatch() on Drive 9ff813af-f2d6-1e2f-9b9d-b189e72d1a11
2026-04-07T18:59:26.713405Z Debug: DriveSync: batch contains 1 chat conversation(s): [674e0d67-34c0-4267-8b94-748f0d226cfb]
2026-04-07T18:59:26.804921Z Debug: DriveSync: all DB writes complete for drive 9ff813af-f2d6-1e2f-9b9d-b189e72d1a11 (1 total records)
2026-04-07T18:59:26.805321Z Debug: Drive 9ff813af-f2d6-1e2f-9b9d-b189e72d1a11 synchronized with 1 records read.
2026-04-07T18:59:26.805733Z Debug: ConversationStream: BatchReceived 1 files (conversations=0, messages=1, adminFiles=0)
2026-04-07T18:59:26.812013Z Debug: ConversationStream: unread++ convo=674e0d67-34c0-4267-8b94-748f0d226cfb count=1
2026-04-07T18:59:26.812616Z Debug: ChatMessageStream: processIncrementalBatch 1 messages across 1 conversation(s)
2026-04-07T18:59:26.812737Z Debug: ConversationStream: Stopped(totalCount=1)
2026-04-07T18:59:26.817746Z Debug: ChatMessageStream: Stopped(totalCount=1)
2026-04-07T18:59:27.335035Z Error: (HomebaseImageLoader) Non-retriable exception: Not found
2026-04-07T18:59:29.527255Z Info: (ShareShortcutPublisher) Published 8 share shortcuts
2026-04-07T18:59:31.851454Z Info: (ShareShortcutPublisher) Published 8 share shortcuts
2026-04-07T19:01:39.699019Z Info: Connecting to WebSocket at wss://michael.seifert.page/api/apps/v1/notify/ws
2026-04-07T19:01:39.702773Z Info: WebSocket connection ended
2026-04-07T19:01:39.703657Z Info: Connecting to WebSocket at wss://michael.seifert.page/api/apps/v1/notify/ws
2026-04-07T19:01:40.027322Z Debug: Sent WebSocket command: establishConnectionRequest
2026-04-07T19:01:40.281264Z Info: Device handshake successful
2026-04-07T19:01:40.286075Z Warn: DriveSync for drive=9ff813af-f2d6-1e2f-9b9d-b189e72d1a11 already exists, skipping
2026-04-07T19:01:40.286305Z Warn: DriveSync for drive=2612429d-1c3f-0372-82b8-d42fb2cc0499 already exists, skipping
2026-04-07T19:01:40.312404Z Warn: DriveSync for drive=4db49422-ebad-02e9-9ab9-6e9c477d1e08 already exists, skipping
2026-04-07T19:01:40.315039Z Debug: Sent WebSocket command: processInbox
2026-04-07T19:01:40.315724Z Debug: Sent WebSocket command: processInbox
2026-04-07T19:01:40.317285Z Debug: Sent WebSocket command: processInbox
2026-04-07T19:01:40.317973Z Info: Synchronizing drive 9ff813af-f2d6-1e2f-9b9d-b189e72d1a11
2026-04-07T19:01:40.318165Z Info: Synchronizing drive 4db49422-ebad-02e9-9ab9-6e9c477d1e08
2026-04-07T19:01:40.3182Z Info: Synchronizing drive 2612429d-1c3f-0372-82b8-d42fb2cc0499
2026-04-07T19:01:40.50114Z Info: Received 0 records from QueryBatch() on Drive 2612429d-1c3f-0372-82b8-d42fb2cc0499
2026-04-07T19:01:40.501747Z Debug: DriveSync: all DB writes complete for drive 2612429d-1c3f-0372-82b8-d42fb2cc0499 (0 total records)
2026-04-07T19:01:40.501921Z Info: Received 0 records from QueryBatch() on Drive 4db49422-ebad-02e9-9ab9-6e9c477d1e08
2026-04-07T19:01:40.50383Z Debug: DriveSync: all DB writes complete for drive 4db49422-ebad-02e9-9ab9-6e9c477d1e08 (0 total records)
2026-04-07T19:01:40.504345Z Debug: Drive 4db49422-ebad-02e9-9ab9-6e9c477d1e08 synchronized with 0 records read.
2026-04-07T19:01:40.504384Z Debug: Drive 2612429d-1c3f-0372-82b8-d42fb2cc0499 synchronized with 0 records read.
2026-04-07T19:01:40.638877Z Info: Received 0 records from QueryBatch() on Drive 9ff813af-f2d6-1e2f-9b9d-b189e72d1a11
2026-04-07T19:01:40.63984Z Debug: DriveSync: all DB writes complete for drive 9ff813af-f2d6-1e2f-9b9d-b189e72d1a11 (0 total records)
2026-04-07T19:01:40.640426Z Debug: Drive 9ff813af-f2d6-1e2f-9b9d-b189e72d1a11 synchronized with 0 records read.
2026-04-07T19:01:40.640799Z Debug: ChatMessageStream: Stopped(totalCount=0)
2026-04-07T19:01:43.128267Z Info: WebSocket connection ended
2026-04-07T19:01:43.127432Z Info: Connecting to WebSocket at wss://michael.seifert.page/api/apps/v1/notify/ws
2026-04-07T19:01:43.151364Z Error: WebSocket connect failed Unable to resolve host "michael.seifert.page": No address associated with hostname
java.net.UnknownHostException: Unable to resolve host "michael.seifert.page": No address associated with hostname
	at java.net.Inet6AddressImpl.lookupHostByName(Inet6AddressImpl.java:156)
	at java.net.Inet6AddressImpl.lookupAllHostAddr(Inet6AddressImpl.java:103)
	at java.net.InetAddress.getAllByName(InetAddress.java:1152)
	at wf5.b(r8-map-id-fc73651334f76fbacb9920b2bd292de61c7927b00aa67b5cad751dd660dc3e6f:393)
	at m92.d(r8-map-id-fc73651334f76fbacb9920b2bd292de61c7927b00aa67b5cad751dd660dc3e6f:12)
	at m92.a(r8-map-id-fc73651334f76fbacb9920b2bd292de61c7927b00aa67b5cad751dd660dc3e6f:77)
	at uc0.a(r8-map-id-fc73651334f76fbacb9920b2bd292de61c7927b00aa67b5cad751dd660dc3e6f:455)
	at sf5.b(r8-map-id-fc73651334f76fbacb9920b2bd292de61c7927b00aa67b5cad751dd660dc3e6f:104)
	at uc0.a(r8-map-id-fc73651334f76fbacb9920b2bd292de61c7927b00aa67b5cad751dd660dc3e6f:151)
	at sf5.b(r8-map-id-fc73651334f76fbacb9920b2bd292de61c7927b00aa67b5cad751dd660dc3e6f:104)
	at b70.a(r8-map-id-fc73651334f76fbacb9920b2bd292de61c7927b00aa67b5cad751dd660dc3e6f:586)
	at sf5.b(r8-map-id-fc73651334f76fbacb9920b2bd292de61c7927b00aa67b5cad751dd660dc3e6f:104)
	at b70.a(r8-map-id-fc73651334f76fbacb9920b2bd292de61c7927b00aa67b5cad751dd660dc3e6f:215)
	at sf5.b(r8-map-id-fc73651334f76fbacb9920b2bd292de61c7927b00aa67b5cad751dd660dc3e6f:104)
	at jf5.g(r8-map-id-fc73651334f76fbacb9920b2bd292de61c7927b00aa67b5cad751dd660dc3e6f:92)
	at gf5.run(r8-map-id-fc73651334f76fbacb9920b2bd292de61c7927b00aa67b5cad751dd660dc3e6f:42)
	at java.util.concurrent.ThreadPoolExecutor.runWorker(ThreadPoolExecutor.java:1154)
	at java.util.concurrent.ThreadPoolExecutor$Worker.run(ThreadPoolExecutor.java:652)
	at java.lang.Thread.run(Thread.java:1564)
Caused by: android.system.GaiException: android_getaddrinfo failed: EAI_NODATA (No address associated with hostname)
	at libcore.io.Linux.android_getaddrinfo(Native Method)
	at libcore.io.ForwardingOs.android_getaddrinfo(ForwardingOs.java:134)
	at libcore.io.BlockGuardOs.android_getaddrinfo(BlockGuardOs.java:222)
	at libcore.io.ForwardingOs.android_getaddrinfo(ForwardingOs.java:134)
	at java.net.Inet6AddressImpl.lookupHostByName(Inet6AddressImpl.java:135)
	... 18 more

2026-04-07T19:01:43.154348Z Warn: WebSocket disconnected, retrying in 5000ms
2026-04-07T19:01:50.075689Z Debug: ConversationStream: unreadSync convo=674e0d67-34c0-4267-8b94-748f0d226cfb 0->2
2026-04-07T19:01:50.077034Z Debug: ConversationStream: Stopped(totalCount=0)
2026-04-07T19:01:50.13198Z Info: Popping Outbox
2026-04-07T19:01:50.134051Z Info: No more items in outbox
2026-04-07T19:02:00.807231Z Error: (HomebaseImageLoader) Non-retriable exception: Not found
2026-04-07T19:02:23.520178Z Info: Delay completed, reconnecting...
2026-04-07T19:02:23.522853Z Info: Connecting to WebSocket at wss://michael.seifert.page/api/apps/v1/notify/ws
2026-04-07T19:02:23.546581Z Error: WebSocket connect failed Unable to resolve host "michael.seifert.page": No address associated with hostname
java.net.UnknownHostException: Unable to resolve host "michael.seifert.page": No address associated with hostname
	at java.net.Inet6AddressImpl.lookupHostByName(Inet6AddressImpl.java:156)
	at java.net.Inet6AddressImpl.lookupAllHostAddr(Inet6AddressImpl.java:103)
	at java.net.InetAddress.getAllByName(InetAddress.java:1152)
	at wf5.b(r8-map-id-fc73651334f76fbacb9920b2bd292de61c7927b00aa67b5cad751dd660dc3e6f:393)
	at m92.d(r8-map-id-fc73651334f76fbacb9920b2bd292de61c7927b00aa67b5cad751dd660dc3e6f:12)
	at m92.a(r8-map-id-fc73651334f76fbacb9920b2bd292de61c7927b00aa67b5cad751dd660dc3e6f:77)
	at uc0.a(r8-map-id-fc73651334f76fbacb9920b2bd292de61c7927b00aa67b5cad751dd660dc3e6f:455)
	at sf5.b(r8-map-id-fc73651334f76fbacb9920b2bd292de61c7927b00aa67b5cad751dd660dc3e6f:104)
	at uc0.a(r8-map-id-fc73651334f76fbacb9920b2bd292de61c7927b00aa67b5cad751dd660dc3e6f:151)
	at sf5.b(r8-map-id-fc73651334f76fbacb9920b2bd292de61c7927b00aa67b5cad751dd660dc3e6f:104)
	at b70.a(r8-map-id-fc73651334f76fbacb9920b2bd292de61c7927b00aa67b5cad751dd660dc3e6f:586)
	at sf5.b(r8-map-id-fc73651334f76fbacb9920b2bd292de61c7927b00aa67b5cad751dd660dc3e6f:104)
	at b70.a(r8-map-id-fc73651334f76fbacb9920b2bd292de61c7927b00aa67b5cad751dd660dc3e6f:215)
	at sf5.b(r8-map-id-fc73651334f76fbacb9920b2bd292de61c7927b00aa67b5cad751dd660dc3e6f:104)
	at jf5.g(r8-map-id-fc73651334f76fbacb9920b2bd292de61c7927b00aa67b5cad751dd660dc3e6f:92)
	at gf5.run(r8-map-id-fc73651334f76fbacb9920b2bd292de61c7927b00aa67b5cad751dd660dc3e6f:42)
	at java.util.concurrent.ThreadPoolExecutor.runWorker(ThreadPoolExecutor.java:1154)
	at java.util.concurrent.ThreadPoolExecutor$Worker.run(ThreadPoolExecutor.java:652)
	at java.lang.Thread.run(Thread.java:1564)
Caused by: android.system.GaiException: android_getaddrinfo failed: EAI_NODATA (No address associated with hostname)
	at libcore.io.Linux.android_getaddrinfo(Native Method)
	at libcore.io.ForwardingOs.android_getaddrinfo(ForwardingOs.java:134)
	at libcore.io.BlockGuardOs.android_getaddrinfo(BlockGuardOs.java:222)
	at libcore.io.ForwardingOs.android_getaddrinfo(ForwardingOs.java:134)
	at java.net.Inet6AddressImpl.lookupHostByName(Inet6AddressImpl.java:135)
	... 18 more

2026-04-07T19:02:23.549147Z Warn: WebSocket disconnected, retrying in 5000ms
2026-04-07T19:02:55.975263Z Info: Delay completed, reconnecting...
2026-04-07T19:02:55.980512Z Info: Connecting to WebSocket at wss://michael.seifert.page/api/apps/v1/notify/ws
2026-04-07T19:02:56.000983Z Error: WebSocket connect failed Unable to resolve host "michael.seifert.page": No address associated with hostname
java.net.UnknownHostException: Unable to resolve host "michael.seifert.page": No address associated with hostname
	at java.net.Inet6AddressImpl.lookupHostByName(Inet6AddressImpl.java:156)
	at java.net.Inet6AddressImpl.lookupAllHostAddr(Inet6AddressImpl.java:103)
	at java.net.InetAddress.getAllByName(InetAddress.java:1152)
	at wf5.b(r8-map-id-fc73651334f76fbacb9920b2bd292de61c7927b00aa67b5cad751dd660dc3e6f:393)
	at m92.d(r8-map-id-fc73651334f76fbacb9920b2bd292de61c7927b00aa67b5cad751dd660dc3e6f:12)
	at m92.a(r8-map-id-fc73651334f76fbacb9920b2bd292de61c7927b00aa67b5cad751dd660dc3e6f:77)
	at uc0.a(r8-map-id-fc73651334f76fbacb9920b2bd292de61c7927b00aa67b5cad751dd660dc3e6f:455)
	at sf5.b(r8-map-id-fc73651334f76fbacb9920b2bd292de61c7927b00aa67b5cad751dd660dc3e6f:104)
	at uc0.a(r8-map-id-fc73651334f76fbacb9920b2bd292de61c7927b00aa67b5cad751dd660dc3e6f:151)
	at sf5.b(r8-map-id-fc73651334f76fbacb9920b2bd292de61c7927b00aa67b5cad751dd660dc3e6f:104)
	at b70.a(r8-map-id-fc73651334f76fbacb9920b2bd292de61c7927b00aa67b5cad751dd660dc3e6f:586)
	at sf5.b(r8-map-id-fc73651334f76fbacb9920b2bd292de61c7927b00aa67b5cad751dd660dc3e6f:104)
	at b70.a(r8-map-id-fc73651334f76fbacb9920b2bd292de61c7927b00aa67b5cad751dd660dc3e6f:215)
	at sf5.b(r8-map-id-fc73651334f76fbacb9920b2bd292de61c7927b00aa67b5cad751dd660dc3e6f:104)
	at jf5.g(r8-map-id-fc73651334f76fbacb9920b2bd292de61c7927b00aa67b5cad751dd660dc3e6f:92)
	at gf5.run(r8-map-id-fc73651334f76fbacb9920b2bd292de61c7927b00aa67b5cad751dd660dc3e6f:42)
	at java.util.concurrent.ThreadPoolExecutor.runWorker(ThreadPoolExecutor.java:1154)
	at java.util.concurrent.ThreadPoolExecutor$Worker.run(ThreadPoolExecutor.java:652)
	at java.lang.Thread.run(Thread.java:1564)
Caused by: android.system.GaiException: android_getaddrinfo failed: EAI_NODATA (No address associated with hostname)
	at libcore.io.Linux.android_getaddrinfo(Native Method)
	at libcore.io.ForwardingOs.android_getaddrinfo(ForwardingOs.java:134)
	at libcore.io.BlockGuardOs.android_getaddrinfo(BlockGuardOs.java:222)
	at libcore.io.ForwardingOs.android_getaddrinfo(ForwardingOs.java:134)
	at java.net.Inet6AddressImpl.lookupHostByName(Inet6AddressImpl.java:135)
	... 18 more

2026-04-07T19:02:56.002939Z Warn: WebSocket disconnected, retrying in 5000ms
2026-04-07T19:04:42.485779Z Info: Delay completed, reconnecting...
2026-04-07T19:04:42.486989Z Info: Connecting to WebSocket at wss://michael.seifert.page/api/apps/v1/notify/ws
2026-04-07T19:04:42.499534Z Error: WebSocket connect failed Unable to resolve host "michael.seifert.page": No address associated with hostname
java.net.UnknownHostException: Unable to resolve host "michael.seifert.page": No address associated with hostname
	at java.net.Inet6AddressImpl.lookupHostByName(Inet6AddressImpl.java:156)
	at java.net.Inet6AddressImpl.lookupAllHostAddr(Inet6AddressImpl.java:103)
	at java.net.InetAddress.getAllByName(InetAddress.java:1152)
	at wf5.b(r8-map-id-fc73651334f76fbacb9920b2bd292de61c7927b00aa67b5cad751dd660dc3e6f:393)
	at m92.d(r8-map-id-fc73651334f76fbacb9920b2bd292de61c7927b00aa67b5cad751dd660dc3e6f:12)
	at m92.a(r8-map-id-fc73651334f76fbacb9920b2bd292de61c7927b00aa67b5cad751dd660dc3e6f:77)
	at uc0.a(r8-map-id-fc73651334f76fbacb9920b2bd292de61c7927b00aa67b5cad751dd660dc3e6f:455)
	at sf5.b(r8-map-id-fc73651334f76fbacb9920b2bd292de61c7927b00aa67b5cad751dd660dc3e6f:104)
	at uc0.a(r8-map-id-fc73651334f76fbacb9920b2bd292de61c7927b00aa67b5cad751dd660dc3e6f:151)
	at sf5.b(r8-map-id-fc73651334f76fbacb9920b2bd292de61c7927b00aa67b5cad751dd660dc3e6f:104)
	at b70.a(r8-map-id-fc73651334f76fbacb9920b2bd292de61c7927b00aa67b5cad751dd660dc3e6f:586)
	at sf5.b(r8-map-id-fc73651334f76fbacb9920b2bd292de61c7927b00aa67b5cad751dd660dc3e6f:104)
	at b70.a(r8-map-id-fc73651334f76fbacb9920b2bd292de61c7927b00aa67b5cad751dd660dc3e6f:215)
	at sf5.b(r8-map-id-fc73651334f76fbacb9920b2bd292de61c7927b00aa67b5cad751dd660dc3e6f:104)
	at jf5.g(r8-map-id-fc73651334f76fbacb9920b2bd292de61c7927b00aa67b5cad751dd660dc3e6f:92)
	at gf5.run(r8-map-id-fc73651334f76fbacb9920b2bd292de61c7927b00aa67b5cad751dd660dc3e6f:42)
	at java.util.concurrent.ThreadPoolExecutor.runWorker(ThreadPoolExecutor.java:1154)
	at java.util.concurrent.ThreadPoolExecutor$Worker.run(ThreadPoolExecutor.java:652)
	at java.lang.Thread.run(Thread.java:1564)
Caused by: android.system.GaiException: android_getaddrinfo failed: EAI_NODATA (No address associated with hostname)
	at libcore.io.Linux.android_getaddrinfo(Native Method)
	at libcore.io.ForwardingOs.android_getaddrinfo(ForwardingOs.java:134)
	at libcore.io.BlockGuardOs.android_getaddrinfo(BlockGuardOs.java:222)
	at libcore.io.ForwardingOs.android_getaddrinfo(ForwardingOs.java:134)
	at java.net.Inet6AddressImpl.lookupHostByName(Inet6AddressImpl.java:135)
	... 18 more

2026-04-07T19:04:42.500902Z Warn: WebSocket disconnected, retrying in 5000ms
2026-04-07T19:05:36.679283Z Info: Delay completed, reconnecting...
2026-04-07T19:05:36.68202Z Info: Connecting to WebSocket at wss://michael.seifert.page/api/apps/v1/notify/ws
2026-04-07T19:05:36.700334Z Error: WebSocket connect failed Unable to resolve host "michael.seifert.page": No address associated with hostname
java.net.UnknownHostException: Unable to resolve host "michael.seifert.page": No address associated with hostname
	at java.net.Inet6AddressImpl.lookupHostByName(Inet6AddressImpl.java:156)
	at java.net.Inet6AddressImpl.lookupAllHostAddr(Inet6AddressImpl.java:103)
	at java.net.InetAddress.getAllByName(InetAddress.java:1152)
	at wf5.b(r8-map-id-fc73651334f76fbacb9920b2bd292de61c7927b00aa67b5cad751dd660dc3e6f:393)
	at m92.d(r8-map-id-fc73651334f76fbacb9920b2bd292de61c7927b00aa67b5cad751dd660dc3e6f:12)
	at m92.a(r8-map-id-fc73651334f76fbacb9920b2bd292de61c7927b00aa67b5cad751dd660dc3e6f:77)
	at uc0.a(r8-map-id-fc73651334f76fbacb9920b2bd292de61c7927b00aa67b5cad751dd660dc3e6f:455)
	at sf5.b(r8-map-id-fc73651334f76fbacb9920b2bd292de61c7927b00aa67b5cad751dd660dc3e6f:104)
	at uc0.a(r8-map-id-fc73651334f76fbacb9920b2bd292de61c7927b00aa67b5cad751dd660dc3e6f:151)
	at sf5.b(r8-map-id-fc73651334f76fbacb9920b2bd292de61c7927b00aa67b5cad751dd660dc3e6f:104)
	at b70.a(r8-map-id-fc73651334f76fbacb9920b2bd292de61c7927b00aa67b5cad751dd660dc3e6f:586)
	at sf5.b(r8-map-id-fc73651334f76fbacb9920b2bd292de61c7927b00aa67b5cad751dd660dc3e6f:104)
	at b70.a(r8-map-id-fc73651334f76fbacb9920b2bd292de61c7927b00aa67b5cad751dd660dc3e6f:215)
	at sf5.b(r8-map-id-fc73651334f76fbacb9920b2bd292de61c7927b00aa67b5cad751dd660dc3e6f:104)
	at jf5.g(r8-map-id-fc73651334f76fbacb9920b2bd292de61c7927b00aa67b5cad751dd660dc3e6f:92)
	at gf5.run(r8-map-id-fc73651334f76fbacb9920b2bd292de61c7927b00aa67b5cad751dd660dc3e6f:42)
	at java.util.concurrent.ThreadPoolExecutor.runWorker(ThreadPoolExecutor.java:1154)
	at java.util.concurrent.ThreadPoolExecutor$Worker.run(ThreadPoolExecutor.java:652)
	at java.lang.Thread.run(Thread.java:1564)
Caused by: android.system.GaiException: android_getaddrinfo failed: EAI_NODATA (No address associated with hostname)
	at libcore.io.Linux.android_getaddrinfo(Native Method)
	at libcore.io.ForwardingOs.android_getaddrinfo(ForwardingOs.java:134)
	at libcore.io.BlockGuardOs.android_getaddrinfo(BlockGuardOs.java:222)
	at libcore.io.ForwardingOs.android_getaddrinfo(ForwardingOs.java:134)
	at java.net.Inet6AddressImpl.lookupHostByName(Inet6AddressImpl.java:135)
	... 18 more

2026-04-07T19:05:36.702243Z Warn: WebSocket disconnected, retrying in 5000ms
2026-04-07T19:07:02.093261Z Info: Delay completed, reconnecting...
2026-04-07T19:07:02.099326Z Info: Connecting to WebSocket at wss://michael.seifert.page/api/apps/v1/notify/ws
2026-04-07T19:07:02.113504Z Error: WebSocket connect failed Unable to resolve host "michael.seifert.page": No address associated with hostname
java.net.UnknownHostException: Unable to resolve host "michael.seifert.page": No address associated with hostname
	at java.net.Inet6AddressImpl.lookupHostByName(Inet6AddressImpl.java:156)
	at java.net.Inet6AddressImpl.lookupAllHostAddr(Inet6AddressImpl.java:103)
	at java.net.InetAddress.getAllByName(InetAddress.java:1152)
	at wf5.b(r8-map-id-fc73651334f76fbacb9920b2bd292de61c7927b00aa67b5cad751dd660dc3e6f:393)
	at m92.d(r8-map-id-fc73651334f76fbacb9920b2bd292de61c7927b00aa67b5cad751dd660dc3e6f:12)
	at m92.a(r8-map-id-fc73651334f76fbacb9920b2bd292de61c7927b00aa67b5cad751dd660dc3e6f:77)
	at uc0.a(r8-map-id-fc73651334f76fbacb9920b2bd292de61c7927b00aa67b5cad751dd660dc3e6f:455)
	at sf5.b(r8-map-id-fc73651334f76fbacb9920b2bd292de61c7927b00aa67b5cad751dd660dc3e6f:104)
	at uc0.a(r8-map-id-fc73651334f76fbacb9920b2bd292de61c7927b00aa67b5cad751dd660dc3e6f:151)
	at sf5.b(r8-map-id-fc73651334f76fbacb9920b2bd292de61c7927b00aa67b5cad751dd660dc3e6f:104)
	at b70.a(r8-map-id-fc73651334f76fbacb9920b2bd292de61c7927b00aa67b5cad751dd660dc3e6f:586)
	at sf5.b(r8-map-id-fc73651334f76fbacb9920b2bd292de61c7927b00aa67b5cad751dd660dc3e6f:104)
	at b70.a(r8-map-id-fc73651334f76fbacb9920b2bd292de61c7927b00aa67b5cad751dd660dc3e6f:215)
	at sf5.b(r8-map-id-fc73651334f76fbacb9920b2bd292de61c7927b00aa67b5cad751dd660dc3e6f:104)
	at jf5.g(r8-map-id-fc73651334f76fbacb9920b2bd292de61c7927b00aa67b5cad751dd660dc3e6f:92)
	at gf5.run(r8-map-id-fc73651334f76fbacb9920b2bd292de61c7927b00aa67b5cad751dd660dc3e6f:42)
	at java.util.concurrent.ThreadPoolExecutor.runWorker(ThreadPoolExecutor.java:1154)
	at java.util.concurrent.ThreadPoolExecutor$Worker.run(ThreadPoolExecutor.java:652)
	at java.lang.Thread.run(Thread.java:1564)
Caused by: android.system.GaiException: android_getaddrinfo failed: EAI_NODATA (No address associated with hostname)
	at libcore.io.Linux.android_getaddrinfo(Native Method)
	at libcore.io.ForwardingOs.android_getaddrinfo(ForwardingOs.java:134)
	at libcore.io.BlockGuardOs.android_getaddrinfo(BlockGuardOs.java:222)
	at libcore.io.ForwardingOs.android_getaddrinfo(ForwardingOs.java:134)
	at java.net.Inet6AddressImpl.lookupHostByName(Inet6AddressImpl.java:135)
	... 18 more

2026-04-07T19:07:02.123215Z Warn: WebSocket disconnected, retrying in 5000ms
2026-04-07T19:07:19.307559Z Info: Delay completed, reconnecting...
2026-04-07T19:07:19.309948Z Info: Connecting to WebSocket at wss://michael.seifert.page/api/apps/v1/notify/ws
2026-04-07T19:07:19.326524Z Error: WebSocket connect failed Unable to resolve host "michael.seifert.page": No address associated with hostname
java.net.UnknownHostException: Unable to resolve host "michael.seifert.page": No address associated with hostname
	at java.net.Inet6AddressImpl.lookupHostByName(Inet6AddressImpl.java:156)
	at java.net.Inet6AddressImpl.lookupAllHostAddr(Inet6AddressImpl.java:103)
	at java.net.InetAddress.getAllByName(InetAddress.java:1152)
	at wf5.b(r8-map-id-fc73651334f76fbacb9920b2bd292de61c7927b00aa67b5cad751dd660dc3e6f:393)
	at m92.d(r8-map-id-fc73651334f76fbacb9920b2bd292de61c7927b00aa67b5cad751dd660dc3e6f:12)
	at m92.a(r8-map-id-fc73651334f76fbacb9920b2bd292de61c7927b00aa67b5cad751dd660dc3e6f:77)
	at uc0.a(r8-map-id-fc73651334f76fbacb9920b2bd292de61c7927b00aa67b5cad751dd660dc3e6f:455)
	at sf5.b(r8-map-id-fc73651334f76fbacb9920b2bd292de61c7927b00aa67b5cad751dd660dc3e6f:104)
	at uc0.a(r8-map-id-fc73651334f76fbacb9920b2bd292de61c7927b00aa67b5cad751dd660dc3e6f:151)
	at sf5.b(r8-map-id-fc73651334f76fbacb9920b2bd292de61c7927b00aa67b5cad751dd660dc3e6f:104)
	at b70.a(r8-map-id-fc73651334f76fbacb9920b2bd292de61c7927b00aa67b5cad751dd660dc3e6f:586)
	at sf5.b(r8-map-id-fc73651334f76fbacb9920b2bd292de61c7927b00aa67b5cad751dd660dc3e6f:104)
	at b70.a(r8-map-id-fc73651334f76fbacb9920b2bd292de61c7927b00aa67b5cad751dd660dc3e6f:215)
	at sf5.b(r8-map-id-fc73651334f76fbacb9920b2bd292de61c7927b00aa67b5cad751dd660dc3e6f:104)
	at jf5.g(r8-map-id-fc73651334f76fbacb9920b2bd292de61c7927b00aa67b5cad751dd660dc3e6f:92)
	at gf5.run(r8-map-id-fc73651334f76fbacb9920b2bd292de61c7927b00aa67b5cad751dd660dc3e6f:42)
	at java.util.concurrent.ThreadPoolExecutor.runWorker(ThreadPoolExecutor.java:1154)
	at java.util.concurrent.ThreadPoolExecutor$Worker.run(ThreadPoolExecutor.java:652)
	at java.lang.Thread.run(Thread.java:1564)
Caused by: android.system.GaiException: android_getaddrinfo failed: EAI_NODATA (No address associated with hostname)
	at libcore.io.Linux.android_getaddrinfo(Native Method)
	at libcore.io.ForwardingOs.android_getaddrinfo(ForwardingOs.java:134)
	at libcore.io.BlockGuardOs.android_getaddrinfo(BlockGuardOs.java:222)
	at libcore.io.ForwardingOs.android_getaddrinfo(ForwardingOs.java:134)
	at java.net.Inet6AddressImpl.lookupHostByName(Inet6AddressImpl.java:135)
	... 18 more

2026-04-07T19:07:19.328357Z Warn: WebSocket disconnected, retrying in 5000ms
2026-04-07T19:08:17.721574Z Info: Delay completed, reconnecting...
2026-04-07T19:08:17.723607Z Info: Connecting to WebSocket at wss://michael.seifert.page/api/apps/v1/notify/ws
2026-04-07T19:08:17.734952Z Error: WebSocket connect failed Unable to resolve host "michael.seifert.page": No address associated with hostname
java.net.UnknownHostException: Unable to resolve host "michael.seifert.page": No address associated with hostname
	at java.net.Inet6AddressImpl.lookupHostByName(Inet6AddressImpl.java:156)
	at java.net.Inet6AddressImpl.lookupAllHostAddr(Inet6AddressImpl.java:103)
	at java.net.InetAddress.getAllByName(InetAddress.java:1152)
	at wf5.b(r8-map-id-fc73651334f76fbacb9920b2bd292de61c7927b00aa67b5cad751dd660dc3e6f:393)
	at m92.d(r8-map-id-fc73651334f76fbacb9920b2bd292de61c7927b00aa67b5cad751dd660dc3e6f:12)
	at m92.a(r8-map-id-fc73651334f76fbacb9920b2bd292de61c7927b00aa67b5cad751dd660dc3e6f:77)
	at uc0.a(r8-map-id-fc73651334f76fbacb9920b2bd292de61c7927b00aa67b5cad751dd660dc3e6f:455)
	at sf5.b(r8-map-id-fc73651334f76fbacb9920b2bd292de61c7927b00aa67b5cad751dd660dc3e6f:104)
	at uc0.a(r8-map-id-fc73651334f76fbacb9920b2bd292de61c7927b00aa67b5cad751dd660dc3e6f:151)
	at sf5.b(r8-map-id-fc73651334f76fbacb9920b2bd292de61c7927b00aa67b5cad751dd660dc3e6f:104)
	at b70.a(r8-map-id-fc73651334f76fbacb9920b2bd292de61c7927b00aa67b5cad751dd660dc3e6f:586)
	at sf5.b(r8-map-id-fc73651334f76fbacb9920b2bd292de61c7927b00aa67b5cad751dd660dc3e6f:104)
	at b70.a(r8-map-id-fc73651334f76fbacb9920b2bd292de61c7927b00aa67b5cad751dd660dc3e6f:215)
	at sf5.b(r8-map-id-fc73651334f76fbacb9920b2bd292de61c7927b00aa67b5cad751dd660dc3e6f:104)
	at jf5.g(r8-map-id-fc73651334f76fbacb9920b2bd292de61c7927b00aa67b5cad751dd660dc3e6f:92)
	at gf5.run(r8-map-id-fc73651334f76fbacb9920b2bd292de61c7927b00aa67b5cad751dd660dc3e6f:42)
	at java.util.concurrent.ThreadPoolExecutor.runWorker(ThreadPoolExecutor.java:1154)
	at java.util.concurrent.ThreadPoolExecutor$Worker.run(ThreadPoolExecutor.java:652)
	at java.lang.Thread.run(Thread.java:1564)
Caused by: android.system.GaiException: android_getaddrinfo failed: EAI_NODATA (No address associated with hostname)
	at libcore.io.Linux.android_getaddrinfo(Native Method)
	at libcore.io.ForwardingOs.android_getaddrinfo(ForwardingOs.java:134)
	at libcore.io.BlockGuardOs.android_getaddrinfo(BlockGuardOs.java:222)
	at libcore.io.ForwardingOs.android_getaddrinfo(ForwardingOs.java:134)
	at java.net.Inet6AddressImpl.lookupHostByName(Inet6AddressImpl.java:135)
	... 18 more

2026-04-07T19:08:17.736419Z Warn: WebSocket disconnected, retrying in 5000ms
2026-04-07T19:09:22.546334Z Info: Delay completed, reconnecting...
2026-04-07T19:09:22.549787Z Info: Connecting to WebSocket at wss://michael.seifert.page/api/apps/v1/notify/ws
2026-04-07T19:09:22.573113Z Error: WebSocket connect failed Unable to resolve host "michael.seifert.page": No address associated with hostname
java.net.UnknownHostException: Unable to resolve host "michael.seifert.page": No address associated with hostname
	at java.net.Inet6AddressImpl.lookupHostByName(Inet6AddressImpl.java:156)
	at java.net.Inet6AddressImpl.lookupAllHostAddr(Inet6AddressImpl.java:103)
	at java.net.InetAddress.getAllByName(InetAddress.java:1152)
	at wf5.b(r8-map-id-fc73651334f76fbacb9920b2bd292de61c7927b00aa67b5cad751dd660dc3e6f:393)
	at m92.d(r8-map-id-fc73651334f76fbacb9920b2bd292de61c7927b00aa67b5cad751dd660dc3e6f:12)
	at m92.a(r8-map-id-fc73651334f76fbacb9920b2bd292de61c7927b00aa67b5cad751dd660dc3e6f:77)
	at uc0.a(r8-map-id-fc73651334f76fbacb9920b2bd292de61c7927b00aa67b5cad751dd660dc3e6f:455)
	at sf5.b(r8-map-id-fc73651334f76fbacb9920b2bd292de61c7927b00aa67b5cad751dd660dc3e6f:104)
	at uc0.a(r8-map-id-fc73651334f76fbacb9920b2bd292de61c7927b00aa67b5cad751dd660dc3e6f:151)
	at sf5.b(r8-map-id-fc73651334f76fbacb9920b2bd292de61c7927b00aa67b5cad751dd660dc3e6f:104)
	at b70.a(r8-map-id-fc73651334f76fbacb9920b2bd292de61c7927b00aa67b5cad751dd660dc3e6f:586)
	at sf5.b(r8-map-id-fc73651334f76fbacb9920b2bd292de61c7927b00aa67b5cad751dd660dc3e6f:104)
	at b70.a(r8-map-id-fc73651334f76fbacb9920b2bd292de61c7927b00aa67b5cad751dd660dc3e6f:215)
	at sf5.b(r8-map-id-fc73651334f76fbacb9920b2bd292de61c7927b00aa67b5cad751dd660dc3e6f:104)
	at jf5.g(r8-map-id-fc73651334f76fbacb9920b2bd292de61c7927b00aa67b5cad751dd660dc3e6f:92)
	at gf5.run(r8-map-id-fc73651334f76fbacb9920b2bd292de61c7927b00aa67b5cad751dd660dc3e6f:42)
	at java.util.concurrent.ThreadPoolExecutor.runWorker(ThreadPoolExecutor.java:1154)
	at java.util.concurrent.ThreadPoolExecutor$Worker.run(ThreadPoolExecutor.java:652)
	at java.lang.Thread.run(Thread.java:1564)
Caused by: android.system.GaiException: android_getaddrinfo failed: EAI_NODATA (No address associated with hostname)
	at libcore.io.Linux.android_getaddrinfo(Native Method)
	at libcore.io.ForwardingOs.android_getaddrinfo(ForwardingOs.java:134)
	at libcore.io.BlockGuardOs.android_getaddrinfo(BlockGuardOs.java:222)
	at libcore.io.ForwardingOs.android_getaddrinfo(ForwardingOs.java:134)
	at java.net.Inet6AddressImpl.lookupHostByName(Inet6AddressImpl.java:135)
	... 18 more

2026-04-07T19:09:22.575589Z Warn: WebSocket disconnected, retrying in 5000ms
2026-04-07T19:10:59.503615Z Info: Delay completed, reconnecting...
2026-04-07T19:10:59.506544Z Info: Connecting to WebSocket at wss://michael.seifert.page/api/apps/v1/notify/ws
2026-04-07T19:10:59.53592Z Error: WebSocket connect failed Unable to resolve host "michael.seifert.page": No address associated with hostname
java.net.UnknownHostException: Unable to resolve host "michael.seifert.page": No address associated with hostname
	at java.net.Inet6AddressImpl.lookupHostByName(Inet6AddressImpl.java:156)
	at java.net.Inet6AddressImpl.lookupAllHostAddr(Inet6AddressImpl.java:103)
	at java.net.InetAddress.getAllByName(InetAddress.java:1152)
	at wf5.b(r8-map-id-fc73651334f76fbacb9920b2bd292de61c7927b00aa67b5cad751dd660dc3e6f:393)
	at m92.d(r8-map-id-fc73651334f76fbacb9920b2bd292de61c7927b00aa67b5cad751dd660dc3e6f:12)
	at m92.a(r8-map-id-fc73651334f76fbacb9920b2bd292de61c7927b00aa67b5cad751dd660dc3e6f:77)
	at uc0.a(r8-map-id-fc73651334f76fbacb9920b2bd292de61c7927b00aa67b5cad751dd660dc3e6f:455)
	at sf5.b(r8-map-id-fc73651334f76fbacb9920b2bd292de61c7927b00aa67b5cad751dd660dc3e6f:104)
	at uc0.a(r8-map-id-fc73651334f76fbacb9920b2bd292de61c7927b00aa67b5cad751dd660dc3e6f:151)
	at sf5.b(r8-map-id-fc73651334f76fbacb9920b2bd292de61c7927b00aa67b5cad751dd660dc3e6f:104)
	at b70.a(r8-map-id-fc73651334f76fbacb9920b2bd292de61c7927b00aa67b5cad751dd660dc3e6f:586)
	at sf5.b(r8-map-id-fc73651334f76fbacb9920b2bd292de61c7927b00aa67b5cad751dd660dc3e6f:104)
	at b70.a(r8-map-id-fc73651334f76fbacb9920b2bd292de61c7927b00aa67b5cad751dd660dc3e6f:215)
	at sf5.b(r8-map-id-fc73651334f76fbacb9920b2bd292de61c7927b00aa67b5cad751dd660dc3e6f:104)
	at jf5.g(r8-map-id-fc73651334f76fbacb9920b2bd292de61c7927b00aa67b5cad751dd660dc3e6f:92)
	at gf5.run(r8-map-id-fc73651334f76fbacb9920b2bd292de61c7927b00aa67b5cad751dd660dc3e6f:42)
	at java.util.concurrent.ThreadPoolExecutor.runWorker(ThreadPoolExecutor.java:1154)
	at java.util.concurrent.ThreadPoolExecutor$Worker.run(ThreadPoolExecutor.java:652)
	at java.lang.Thread.run(Thread.java:1564)
Caused by: android.system.GaiException: android_getaddrinfo failed: EAI_NODATA (No address associated with hostname)
	at libcore.io.Linux.android_getaddrinfo(Native Method)
	at libcore.io.ForwardingOs.android_getaddrinfo(ForwardingOs.java:134)
	at libcore.io.BlockGuardOs.android_getaddrinfo(BlockGuardOs.java:222)
	at libcore.io.ForwardingOs.android_getaddrinfo(ForwardingOs.java:134)
	at java.net.Inet6AddressImpl.lookupHostByName(Inet6AddressImpl.java:135)
	... 18 more

2026-04-07T19:10:59.537655Z Warn: WebSocket disconnected, retrying in 5000ms
2026-04-07T19:12:57.085315Z Info: Delay completed, reconnecting...
2026-04-07T19:12:57.086145Z Info: Connecting to WebSocket at wss://michael.seifert.page/api/apps/v1/notify/ws
2026-04-07T19:12:57.100591Z Error: WebSocket connect failed Unable to resolve host "michael.seifert.page": No address associated with hostname
java.net.UnknownHostException: Unable to resolve host "michael.seifert.page": No address associated with hostname
	at java.net.Inet6AddressImpl.lookupHostByName(Inet6AddressImpl.java:156)
	at java.net.Inet6AddressImpl.lookupAllHostAddr(Inet6AddressImpl.java:103)
	at java.net.InetAddress.getAllByName(InetAddress.java:1152)
	at wf5.b(r8-map-id-fc73651334f76fbacb9920b2bd292de61c7927b00aa67b5cad751dd660dc3e6f:393)
	at m92.d(r8-map-id-fc73651334f76fbacb9920b2bd292de61c7927b00aa67b5cad751dd660dc3e6f:12)
	at m92.a(r8-map-id-fc73651334f76fbacb9920b2bd292de61c7927b00aa67b5cad751dd660dc3e6f:77)
	at uc0.a(r8-map-id-fc73651334f76fbacb9920b2bd292de61c7927b00aa67b5cad751dd660dc3e6f:455)
	at sf5.b(r8-map-id-fc73651334f76fbacb9920b2bd292de61c7927b00aa67b5cad751dd660dc3e6f:104)
	at uc0.a(r8-map-id-fc73651334f76fbacb9920b2bd292de61c7927b00aa67b5cad751dd660dc3e6f:151)
	at sf5.b(r8-map-id-fc73651334f76fbacb9920b2bd292de61c7927b00aa67b5cad751dd660dc3e6f:104)
	at b70.a(r8-map-id-fc73651334f76fbacb9920b2bd292de61c7927b00aa67b5cad751dd660dc3e6f:586)
	at sf5.b(r8-map-id-fc73651334f76fbacb9920b2bd292de61c7927b00aa67b5cad751dd660dc3e6f:104)
	at b70.a(r8-map-id-fc73651334f76fbacb9920b2bd292de61c7927b00aa67b5cad751dd660dc3e6f:215)
	at sf5.b(r8-map-id-fc73651334f76fbacb9920b2bd292de61c7927b00aa67b5cad751dd660dc3e6f:104)
	at jf5.g(r8-map-id-fc73651334f76fbacb9920b2bd292de61c7927b00aa67b5cad751dd660dc3e6f:92)
	at gf5.run(r8-map-id-fc73651334f76fbacb9920b2bd292de61c7927b00aa67b5cad751dd660dc3e6f:42)
	at java.util.concurrent.ThreadPoolExecutor.runWorker(ThreadPoolExecutor.java:1154)
	at java.util.concurrent.ThreadPoolExecutor$Worker.run(ThreadPoolExecutor.java:652)
	at java.lang.Thread.run(Thread.java:1564)
Caused by: android.system.GaiException: android_getaddrinfo failed: EAI_NODATA (No address associated with hostname)
	at libcore.io.Linux.android_getaddrinfo(Native Method)
	at libcore.io.ForwardingOs.android_getaddrinfo(ForwardingOs.java:134)
	at libcore.io.BlockGuardOs.android_getaddrinfo(BlockGuardOs.java:222)
	at libcore.io.ForwardingOs.android_getaddrinfo(ForwardingOs.java:134)
	at java.net.Inet6AddressImpl.lookupHostByName(Inet6AddressImpl.java:135)
	... 18 more

2026-04-07T19:12:57.102294Z Warn: WebSocket disconnected, retrying in 5000ms
2026-04-07T19:13:26.941169Z Info: Delay completed, reconnecting...
2026-04-07T19:13:26.954719Z Info: Connecting to WebSocket at wss://michael.seifert.page/api/apps/v1/notify/ws
2026-04-07T19:13:26.980551Z Info: (NotificationService) FCM message received — title=null body=null data={correlationId=d32c72ec-c09e-4045-99ae-52408c7eb483, id=619e2ef0-9b0a-44fa-88fe-fff5748cca23, data={"senderId":"toddmitchell.me","appDisplayName":"Homebase - Chat","timestamp":1775589205475,"options":{"appId":"2d781401-3804-4b57-b4aa-d8e4e2ef39f4","typeId":"674e0d67-34c0-4267-8b94-748f0d226cfb","tagId":"803b26bb-d76c-3ffc-9b5b-f0d957cb5fa4","silent":false,"peerSubscriptionId":"00000000-0000-0000-0000-000000000000","recipients":null,"unEncryptedMessage":"toddmitchell.me sent a message"}}, timestamp=2026-04-07T19:13:25.4823208+00:00, version=1}
2026-04-07T19:13:27.081146Z Info: (DriveSyncWorker) doWork: starting (attempt=0)
2026-04-07T19:13:27.081919Z Debug: (BackgroundSync) syncIfAuthenticated: checking...
2026-04-07T19:13:27.084326Z Info: (BackgroundSync) syncIfAuthenticated: WS offline — running background sync
2026-04-07T19:13:27.084788Z Warn: DriveSync for drive=9ff813af-f2d6-1e2f-9b9d-b189e72d1a11 already exists, skipping
2026-04-07T19:13:27.087392Z Warn: DriveSync for drive=2612429d-1c3f-0372-82b8-d42fb2cc0499 already exists, skipping
2026-04-07T19:13:27.087706Z Warn: DriveSync for drive=4db49422-ebad-02e9-9ab9-6e9c477d1e08 already exists, skipping
2026-04-07T19:13:27.285036Z Debug: Sent WebSocket command: establishConnectionRequest
2026-04-07T19:13:27.310695Z Info: Synchronizing drive 9ff813af-f2d6-1e2f-9b9d-b189e72d1a11
2026-04-07T19:13:27.314457Z Info: Synchronizing drive 2612429d-1c3f-0372-82b8-d42fb2cc0499
2026-04-07T19:13:27.315892Z Info: Synchronizing drive 4db49422-ebad-02e9-9ab9-6e9c477d1e08
2026-04-07T19:13:27.395299Z Info: Received 0 records from QueryBatch() on Drive 4db49422-ebad-02e9-9ab9-6e9c477d1e08
2026-04-07T19:13:27.396151Z Info: Received 0 records from QueryBatch() on Drive 2612429d-1c3f-0372-82b8-d42fb2cc0499
2026-04-07T19:13:27.3965Z Debug: DriveSync: all DB writes complete for drive 4db49422-ebad-02e9-9ab9-6e9c477d1e08 (0 total records)
2026-04-07T19:13:27.398559Z Debug: Drive 4db49422-ebad-02e9-9ab9-6e9c477d1e08 synchronized with 0 records read.
2026-04-07T19:13:27.399906Z Debug: DriveSync: all DB writes complete for drive 2612429d-1c3f-0372-82b8-d42fb2cc0499 (0 total records)
2026-04-07T19:13:27.400576Z Debug: Drive 2612429d-1c3f-0372-82b8-d42fb2cc0499 synchronized with 0 records read.
2026-04-07T19:13:27.538046Z Info: Device handshake successful
2026-04-07T19:13:27.540815Z Warn: DriveSync for drive=9ff813af-f2d6-1e2f-9b9d-b189e72d1a11 already exists, skipping
2026-04-07T19:13:27.547069Z Warn: DriveSync for drive=2612429d-1c3f-0372-82b8-d42fb2cc0499 already exists, skipping
2026-04-07T19:13:27.548206Z Warn: DriveSync for drive=4db49422-ebad-02e9-9ab9-6e9c477d1e08 already exists, skipping
2026-04-07T19:13:27.551565Z Debug: Sent WebSocket command: processInbox
2026-04-07T19:13:27.56213Z Debug: Sent WebSocket command: processInbox
2026-04-07T19:13:27.571431Z Debug: Sent WebSocket command: processInbox
2026-04-07T19:13:27.574078Z Info: Synchronizing drive 2612429d-1c3f-0372-82b8-d42fb2cc0499
2026-04-07T19:13:27.57445Z Info: Synchronizing drive 4db49422-ebad-02e9-9ab9-6e9c477d1e08
2026-04-07T19:13:27.587818Z Info: Received 1 records from QueryBatch() on Drive 9ff813af-f2d6-1e2f-9b9d-b189e72d1a11
2026-04-07T19:13:27.588292Z Debug: DriveSync: batch contains 1 chat conversation(s): [674e0d67-34c0-4267-8b94-748f0d226cfb]
2026-04-07T19:13:27.632034Z Info: Received 0 records from QueryBatch() on Drive 2612429d-1c3f-0372-82b8-d42fb2cc0499
2026-04-07T19:13:27.632707Z Debug: DriveSync: all DB writes complete for drive 2612429d-1c3f-0372-82b8-d42fb2cc0499 (0 total records)
2026-04-07T19:13:27.634655Z Debug: Drive 2612429d-1c3f-0372-82b8-d42fb2cc0499 synchronized with 0 records read.
2026-04-07T19:13:27.669188Z Info: Received 0 records from QueryBatch() on Drive 4db49422-ebad-02e9-9ab9-6e9c477d1e08
2026-04-07T19:13:27.669566Z Debug: DriveSync: all DB writes complete for drive 4db49422-ebad-02e9-9ab9-6e9c477d1e08 (0 total records)
2026-04-07T19:13:27.674384Z Debug: Drive 4db49422-ebad-02e9-9ab9-6e9c477d1e08 synchronized with 0 records read.
2026-04-07T19:13:30.371655Z Debug: ConversationStream: BatchReceived 1 files (conversations=0, messages=1, adminFiles=0)
2026-04-07T19:13:30.372127Z Debug: DriveSync: all DB writes complete for drive 9ff813af-f2d6-1e2f-9b9d-b189e72d1a11 (1 total records)
2026-04-07T19:13:30.373331Z Debug: ConversationStream: unread++ convo=674e0d67-34c0-4267-8b94-748f0d226cfb count=3
2026-04-07T19:13:30.376131Z Debug: ChatMessageStream: processIncrementalBatch 1 messages across 1 conversation(s)
2026-04-07T19:13:30.377264Z Debug: Drive 9ff813af-f2d6-1e2f-9b9d-b189e72d1a11 synchronized with 1 records read.
2026-04-07T19:13:30.384874Z Debug: ConversationStream: Stopped(totalCount=1)
2026-04-07T19:13:30.388035Z Info: (BackgroundSync) syncIfAuthenticated: completed
2026-04-07T19:13:30.388375Z Info: Synchronizing drive 9ff813af-f2d6-1e2f-9b9d-b189e72d1a11
2026-04-07T19:13:30.392623Z Info: (DriveSyncWorker) doWork: success
2026-04-07T19:13:30.402377Z Debug: ChatMessageStream: Stopped(totalCount=1)
2026-04-07T19:13:30.440469Z Info: Popping Outbox
2026-04-07T19:13:30.443112Z Info: No more items in outbox
2026-04-07T19:13:30.615041Z Info: Received 0 records from QueryBatch() on Drive 9ff813af-f2d6-1e2f-9b9d-b189e72d1a11
2026-04-07T19:13:30.615949Z Debug: DriveSync: all DB writes complete for drive 9ff813af-f2d6-1e2f-9b9d-b189e72d1a11 (0 total records)
2026-04-07T19:13:30.618117Z Debug: ConversationStream: Stopped(totalCount=0)
2026-04-07T19:13:30.618209Z Debug: Drive 9ff813af-f2d6-1e2f-9b9d-b189e72d1a11 synchronized with 0 records read.
2026-04-07T19:13:30.619292Z Debug: ChatMessageStream: Stopped(totalCount=0)
2026-04-07T19:13:49.575628Z Error: (HomebaseImageLoader) Non-retriable exception: Not found
2026-04-07T19:13:52.065195Z Info: (ShareShortcutPublisher) Published 8 share shortcuts
2026-04-07T19:15:33.524386Z Info: (NotificationService) FCM message received — title=null body=null data={correlationId=e4958010-fe45-44f6-b72d-f702cbe904c5, id=5f6c5ad5-e48b-4fc4-b59c-77420af55d48, data={"senderId":"toddmitchell.me","appDisplayName":"Homebase - Community","timestamp":1775589332267,"options":{"appId":"77ed6136-6b33-4654-8088-3d89c91e6065","typeId":"283a9d14-0111-a939-f5fa-830d5b1cbc22","tagId":"411de08e-e24f-88d6-c1f2-75a8897f2295","silent":false,"peerSubscriptionId":"283a9d14-0111-a939-f5fa-830d5b1cbc22","recipients":["bishwajeetparhi.dev","yagni.dk","michael.seifert.page","homebase.carlsen.dev","id.homebase.id"],"unEncryptedMessage":"New message from toddmitchell.me in Homebase"}}, timestamp=2026-04-07T19:15:32.2716335+00:00, version=1}
2026-04-07T19:15:33.675645Z Info: (DriveSyncWorker) doWork: starting (attempt=0)
2026-04-07T19:15:33.676524Z Debug: (BackgroundSync) syncIfAuthenticated: checking...
2026-04-07T19:15:33.678498Z Debug: (BackgroundSync) syncIfAuthenticated: WS online — skipping (WS handles sync)
2026-04-07T19:15:33.6788Z Info: (DriveSyncWorker) doWork: success
2026-04-07T19:17:38.776234Z Info: WebSocket connection ended
2026-04-07T19:17:38.777591Z Info: Connecting to WebSocket at wss://michael.seifert.page/api/apps/v1/notify/ws
2026-04-07T19:17:38.797692Z Error: WebSocket connect failed Unable to resolve host "michael.seifert.page": No address associated with hostname
java.net.UnknownHostException: Unable to resolve host "michael.seifert.page": No address associated with hostname
	at java.net.Inet6AddressImpl.lookupHostByName(Inet6AddressImpl.java:156)
	at java.net.Inet6AddressImpl.lookupAllHostAddr(Inet6AddressImpl.java:103)
	at java.net.InetAddress.getAllByName(InetAddress.java:1152)
	at wf5.b(r8-map-id-fc73651334f76fbacb9920b2bd292de61c7927b00aa67b5cad751dd660dc3e6f:393)
	at m92.d(r8-map-id-fc73651334f76fbacb9920b2bd292de61c7927b00aa67b5cad751dd660dc3e6f:12)
	at m92.a(r8-map-id-fc73651334f76fbacb9920b2bd292de61c7927b00aa67b5cad751dd660dc3e6f:77)
	at uc0.a(r8-map-id-fc73651334f76fbacb9920b2bd292de61c7927b00aa67b5cad751dd660dc3e6f:455)
	at sf5.b(r8-map-id-fc73651334f76fbacb9920b2bd292de61c7927b00aa67b5cad751dd660dc3e6f:104)
	at uc0.a(r8-map-id-fc73651334f76fbacb9920b2bd292de61c7927b00aa67b5cad751dd660dc3e6f:151)
	at sf5.b(r8-map-id-fc73651334f76fbacb9920b2bd292de61c7927b00aa67b5cad751dd660dc3e6f:104)
	at b70.a(r8-map-id-fc73651334f76fbacb9920b2bd292de61c7927b00aa67b5cad751dd660dc3e6f:586)
	at sf5.b(r8-map-id-fc73651334f76fbacb9920b2bd292de61c7927b00aa67b5cad751dd660dc3e6f:104)
	at b70.a(r8-map-id-fc73651334f76fbacb9920b2bd292de61c7927b00aa67b5cad751dd660dc3e6f:215)
	at sf5.b(r8-map-id-fc73651334f76fbacb9920b2bd292de61c7927b00aa67b5cad751dd660dc3e6f:104)
	at jf5.g(r8-map-id-fc73651334f76fbacb9920b2bd292de61c7927b00aa67b5cad751dd660dc3e6f:92)
	at gf5.run(r8-map-id-fc73651334f76fbacb9920b2bd292de61c7927b00aa67b5cad751dd660dc3e6f:42)
	at java.util.concurrent.ThreadPoolExecutor.runWorker(ThreadPoolExecutor.java:1154)
	at java.util.concurrent.ThreadPoolExecutor$Worker.run(ThreadPoolExecutor.java:652)
	at java.lang.Thread.run(Thread.java:1564)
Caused by: android.system.GaiException: android_getaddrinfo failed: EAI_NODATA (No address associated with hostname)
	at libcore.io.Linux.android_getaddrinfo(Native Method)
	at libcore.io.ForwardingOs.android_getaddrinfo(ForwardingOs.java:134)
	at libcore.io.BlockGuardOs.android_getaddrinfo(BlockGuardOs.java:222)
	at libcore.io.ForwardingOs.android_getaddrinfo(ForwardingOs.java:134)
	at java.net.Inet6AddressImpl.lookupHostByName(Inet6AddressImpl.java:135)
	... 18 more

2026-04-07T19:17:38.801505Z Warn: WebSocket disconnected, retrying in 5000ms
2026-04-07T19:18:41.488655Z Info: Delay completed, reconnecting...
2026-04-07T19:18:41.492151Z Info: Connecting to WebSocket at wss://michael.seifert.page/api/apps/v1/notify/ws
2026-04-07T19:18:41.500453Z Error: WebSocket connect failed Unable to resolve host "michael.seifert.page": No address associated with hostname
java.net.UnknownHostException: Unable to resolve host "michael.seifert.page": No address associated with hostname
	at java.net.Inet6AddressImpl.lookupHostByName(Inet6AddressImpl.java:156)
	at java.net.Inet6AddressImpl.lookupAllHostAddr(Inet6AddressImpl.java:103)
	at java.net.InetAddress.getAllByName(InetAddress.java:1152)
	at wf5.b(r8-map-id-fc73651334f76fbacb9920b2bd292de61c7927b00aa67b5cad751dd660dc3e6f:393)
	at m92.d(r8-map-id-fc73651334f76fbacb9920b2bd292de61c7927b00aa67b5cad751dd660dc3e6f:12)
	at m92.a(r8-map-id-fc73651334f76fbacb9920b2bd292de61c7927b00aa67b5cad751dd660dc3e6f:77)
	at uc0.a(r8-map-id-fc73651334f76fbacb9920b2bd292de61c7927b00aa67b5cad751dd660dc3e6f:455)
	at sf5.b(r8-map-id-fc73651334f76fbacb9920b2bd292de61c7927b00aa67b5cad751dd660dc3e6f:104)
	at uc0.a(r8-map-id-fc73651334f76fbacb9920b2bd292de61c7927b00aa67b5cad751dd660dc3e6f:151)
	at sf5.b(r8-map-id-fc73651334f76fbacb9920b2bd292de61c7927b00aa67b5cad751dd660dc3e6f:104)
	at b70.a(r8-map-id-fc73651334f76fbacb9920b2bd292de61c7927b00aa67b5cad751dd660dc3e6f:586)
	at sf5.b(r8-map-id-fc73651334f76fbacb9920b2bd292de61c7927b00aa67b5cad751dd660dc3e6f:104)
	at b70.a(r8-map-id-fc73651334f76fbacb9920b2bd292de61c7927b00aa67b5cad751dd660dc3e6f:215)
	at sf5.b(r8-map-id-fc73651334f76fbacb9920b2bd292de61c7927b00aa67b5cad751dd660dc3e6f:104)
	at jf5.g(r8-map-id-fc73651334f76fbacb9920b2bd292de61c7927b00aa67b5cad751dd660dc3e6f:92)
	at gf5.run(r8-map-id-fc73651334f76fbacb9920b2bd292de61c7927b00aa67b5cad751dd660dc3e6f:42)
	at java.util.concurrent.ThreadPoolExecutor.runWorker(ThreadPoolExecutor.java:1154)
	at java.util.concurrent.ThreadPoolExecutor$Worker.run(ThreadPoolExecutor.java:652)
	at java.lang.Thread.run(Thread.java:1564)
Caused by: android.system.GaiException: android_getaddrinfo failed: EAI_NODATA (No address associated with hostname)
	at libcore.io.Linux.android_getaddrinfo(Native Method)
	at libcore.io.ForwardingOs.android_getaddrinfo(ForwardingOs.java:134)
	at libcore.io.BlockGuardOs.android_getaddrinfo(BlockGuardOs.java:222)
	at libcore.io.ForwardingOs.android_getaddrinfo(ForwardingOs.java:134)
	at java.net.Inet6AddressImpl.lookupHostByName(Inet6AddressImpl.java:135)
	... 18 more

2026-04-07T19:18:41.502322Z Warn: WebSocket disconnected, retrying in 5000ms
2026-04-07T19:19:18.389587Z Info: Delay completed, reconnecting...
2026-04-07T19:19:18.398883Z Info: Connecting to WebSocket at wss://michael.seifert.page/api/apps/v1/notify/ws
2026-04-07T19:19:18.427221Z Error: WebSocket connect failed Unable to resolve host "michael.seifert.page": No address associated with hostname
java.net.UnknownHostException: Unable to resolve host "michael.seifert.page": No address associated with hostname
	at java.net.Inet6AddressImpl.lookupHostByName(Inet6AddressImpl.java:156)
	at java.net.Inet6AddressImpl.lookupAllHostAddr(Inet6AddressImpl.java:103)
	at java.net.InetAddress.getAllByName(InetAddress.java:1152)
	at wf5.b(r8-map-id-fc73651334f76fbacb9920b2bd292de61c7927b00aa67b5cad751dd660dc3e6f:393)
	at m92.d(r8-map-id-fc73651334f76fbacb9920b2bd292de61c7927b00aa67b5cad751dd660dc3e6f:12)
	at m92.a(r8-map-id-fc73651334f76fbacb9920b2bd292de61c7927b00aa67b5cad751dd660dc3e6f:77)
	at uc0.a(r8-map-id-fc73651334f76fbacb9920b2bd292de61c7927b00aa67b5cad751dd660dc3e6f:455)
	at sf5.b(r8-map-id-fc73651334f76fbacb9920b2bd292de61c7927b00aa67b5cad751dd660dc3e6f:104)
	at uc0.a(r8-map-id-fc73651334f76fbacb9920b2bd292de61c7927b00aa67b5cad751dd660dc3e6f:151)
	at sf5.b(r8-map-id-fc73651334f76fbacb9920b2bd292de61c7927b00aa67b5cad751dd660dc3e6f:104)
	at b70.a(r8-map-id-fc73651334f76fbacb9920b2bd292de61c7927b00aa67b5cad751dd660dc3e6f:586)
	at sf5.b(r8-map-id-fc73651334f76fbacb9920b2bd292de61c7927b00aa67b5cad751dd660dc3e6f:104)
	at b70.a(r8-map-id-fc73651334f76fbacb9920b2bd292de61c7927b00aa67b5cad751dd660dc3e6f:215)
	at sf5.b(r8-map-id-fc73651334f76fbacb9920b2bd292de61c7927b00aa67b5cad751dd660dc3e6f:104)
	at jf5.g(r8-map-id-fc73651334f76fbacb9920b2bd292de61c7927b00aa67b5cad751dd660dc3e6f:92)
	at gf5.run(r8-map-id-fc73651334f76fbacb9920b2bd292de61c7927b00aa67b5cad751dd660dc3e6f:42)
	at java.util.concurrent.ThreadPoolExecutor.runWorker(ThreadPoolExecutor.java:1154)
	at java.util.concurrent.ThreadPoolExecutor$Worker.run(ThreadPoolExecutor.java:652)
	at java.lang.Thread.run(Thread.java:1564)
Caused by: android.system.GaiException: android_getaddrinfo failed: EAI_NODATA (No address associated with hostname)
	at libcore.io.Linux.android_getaddrinfo(Native Method)
	at libcore.io.ForwardingOs.android_getaddrinfo(ForwardingOs.java:134)
	at libcore.io.BlockGuardOs.android_getaddrinfo(BlockGuardOs.java:222)
	at libcore.io.ForwardingOs.android_getaddrinfo(ForwardingOs.java:134)
	at java.net.Inet6AddressImpl.lookupHostByName(Inet6AddressImpl.java:135)
	... 18 more

2026-04-07T19:19:18.432156Z Warn: WebSocket disconnected, retrying in 5000ms
2026-04-07T19:20:51.789193Z Info: Delay completed, reconnecting...
2026-04-07T19:20:51.790117Z Info: Connecting to WebSocket at wss://michael.seifert.page/api/apps/v1/notify/ws
2026-04-07T19:20:51.805423Z Error: WebSocket connect failed Unable to resolve host "michael.seifert.page": No address associated with hostname
java.net.UnknownHostException: Unable to resolve host "michael.seifert.page": No address associated with hostname
	at java.net.Inet6AddressImpl.lookupHostByName(Inet6AddressImpl.java:156)
	at java.net.Inet6AddressImpl.lookupAllHostAddr(Inet6AddressImpl.java:103)
	at java.net.InetAddress.getAllByName(InetAddress.java:1152)
	at wf5.b(r8-map-id-fc73651334f76fbacb9920b2bd292de61c7927b00aa67b5cad751dd660dc3e6f:393)
	at m92.d(r8-map-id-fc73651334f76fbacb9920b2bd292de61c7927b00aa67b5cad751dd660dc3e6f:12)
	at m92.a(r8-map-id-fc73651334f76fbacb9920b2bd292de61c7927b00aa67b5cad751dd660dc3e6f:77)
	at uc0.a(r8-map-id-fc73651334f76fbacb9920b2bd292de61c7927b00aa67b5cad751dd660dc3e6f:455)
	at sf5.b(r8-map-id-fc73651334f76fbacb9920b2bd292de61c7927b00aa67b5cad751dd660dc3e6f:104)
	at uc0.a(r8-map-id-fc73651334f76fbacb9920b2bd292de61c7927b00aa67b5cad751dd660dc3e6f:151)
	at sf5.b(r8-map-id-fc73651334f76fbacb9920b2bd292de61c7927b00aa67b5cad751dd660dc3e6f:104)
	at b70.a(r8-map-id-fc73651334f76fbacb9920b2bd292de61c7927b00aa67b5cad751dd660dc3e6f:586)
	at sf5.b(r8-map-id-fc73651334f76fbacb9920b2bd292de61c7927b00aa67b5cad751dd660dc3e6f:104)
	at b70.a(r8-map-id-fc73651334f76fbacb9920b2bd292de61c7927b00aa67b5cad751dd660dc3e6f:215)
	at sf5.b(r8-map-id-fc73651334f76fbacb9920b2bd292de61c7927b00aa67b5cad751dd660dc3e6f:104)
	at jf5.g(r8-map-id-fc73651334f76fbacb9920b2bd292de61c7927b00aa67b5cad751dd660dc3e6f:92)
	at gf5.run(r8-map-id-fc73651334f76fbacb9920b2bd292de61c7927b00aa67b5cad751dd660dc3e6f:42)
	at java.util.concurrent.ThreadPoolExecutor.runWorker(ThreadPoolExecutor.java:1154)
	at java.util.concurrent.ThreadPoolExecutor$Worker.run(ThreadPoolExecutor.java:652)
	at java.lang.Thread.run(Thread.java:1564)
Caused by: android.system.GaiException: android_getaddrinfo failed: EAI_NODATA (No address associated with hostname)
	at libcore.io.Linux.android_getaddrinfo(Native Method)
	at libcore.io.ForwardingOs.android_getaddrinfo(ForwardingOs.java:134)
	at libcore.io.BlockGuardOs.android_getaddrinfo(BlockGuardOs.java:222)
	at libcore.io.ForwardingOs.android_getaddrinfo(ForwardingOs.java:134)
	at java.net.Inet6AddressImpl.lookupHostByName(Inet6AddressImpl.java:135)
	... 18 more

2026-04-07T19:20:51.80799Z Warn: WebSocket disconnected, retrying in 5000ms
2026-04-07T19:21:13.925758Z Info: Delay completed, reconnecting...
2026-04-07T19:21:13.931529Z Info: Connecting to WebSocket at wss://michael.seifert.page/api/apps/v1/notify/ws
2026-04-07T19:21:13.966707Z Error: WebSocket connect failed Unable to resolve host "michael.seifert.page": No address associated with hostname
java.net.UnknownHostException: Unable to resolve host "michael.seifert.page": No address associated with hostname
	at java.net.Inet6AddressImpl.lookupHostByName(Inet6AddressImpl.java:156)
	at java.net.Inet6AddressImpl.lookupAllHostAddr(Inet6AddressImpl.java:103)
	at java.net.InetAddress.getAllByName(InetAddress.java:1152)
	at wf5.b(r8-map-id-fc73651334f76fbacb9920b2bd292de61c7927b00aa67b5cad751dd660dc3e6f:393)
	at m92.d(r8-map-id-fc73651334f76fbacb9920b2bd292de61c7927b00aa67b5cad751dd660dc3e6f:12)
	at m92.a(r8-map-id-fc73651334f76fbacb9920b2bd292de61c7927b00aa67b5cad751dd660dc3e6f:77)
	at uc0.a(r8-map-id-fc73651334f76fbacb9920b2bd292de61c7927b00aa67b5cad751dd660dc3e6f:455)
	at sf5.b(r8-map-id-fc73651334f76fbacb9920b2bd292de61c7927b00aa67b5cad751dd660dc3e6f:104)
	at uc0.a(r8-map-id-fc73651334f76fbacb9920b2bd292de61c7927b00aa67b5cad751dd660dc3e6f:151)
	at sf5.b(r8-map-id-fc73651334f76fbacb9920b2bd292de61c7927b00aa67b5cad751dd660dc3e6f:104)
	at b70.a(r8-map-id-fc73651334f76fbacb9920b2bd292de61c7927b00aa67b5cad751dd660dc3e6f:586)
	at sf5.b(r8-map-id-fc73651334f76fbacb9920b2bd292de61c7927b00aa67b5cad751dd660dc3e6f:104)
	at b70.a(r8-map-id-fc73651334f76fbacb9920b2bd292de61c7927b00aa67b5cad751dd660dc3e6f:215)
	at sf5.b(r8-map-id-fc73651334f76fbacb9920b2bd292de61c7927b00aa67b5cad751dd660dc3e6f:104)
	at jf5.g(r8-map-id-fc73651334f76fbacb9920b2bd292de61c7927b00aa67b5cad751dd660dc3e6f:92)
	at gf5.run(r8-map-id-fc73651334f76fbacb9920b2bd292de61c7927b00aa67b5cad751dd660dc3e6f:42)
	at java.util.concurrent.ThreadPoolExecutor.runWorker(ThreadPoolExecutor.java:1154)
	at java.util.concurrent.ThreadPoolExecutor$Worker.run(ThreadPoolExecutor.java:652)
	at java.lang.Thread.run(Thread.java:1564)
Caused by: android.system.GaiException: android_getaddrinfo failed: EAI_NODATA (No address associated with hostname)
	at libcore.io.Linux.android_getaddrinfo(Native Method)
	at libcore.io.ForwardingOs.android_getaddrinfo(ForwardingOs.java:134)
	at libcore.io.BlockGuardOs.android_getaddrinfo(BlockGuardOs.java:222)
	at libcore.io.ForwardingOs.android_getaddrinfo(ForwardingOs.java:134)
	at java.net.Inet6AddressImpl.lookupHostByName(Inet6AddressImpl.java:135)
	... 18 more

2026-04-07T19:21:13.969226Z Warn: WebSocket disconnected, retrying in 5000ms
2026-04-07T19:21:18.126938Z Info: Delay completed, reconnecting...
2026-04-07T19:21:18.128558Z Info: Connecting to WebSocket at wss://michael.seifert.page/api/apps/v1/notify/ws
2026-04-07T19:21:18.164183Z Error: WebSocket connect failed Unable to resolve host "michael.seifert.page": No address associated with hostname
java.net.UnknownHostException: Unable to resolve host "michael.seifert.page": No address associated with hostname
	at java.net.Inet6AddressImpl.lookupHostByName(Inet6AddressImpl.java:156)
	at java.net.Inet6AddressImpl.lookupAllHostAddr(Inet6AddressImpl.java:103)
	at java.net.InetAddress.getAllByName(InetAddress.java:1152)
	at wf5.b(r8-map-id-fc73651334f76fbacb9920b2bd292de61c7927b00aa67b5cad751dd660dc3e6f:393)
	at m92.d(r8-map-id-fc73651334f76fbacb9920b2bd292de61c7927b00aa67b5cad751dd660dc3e6f:12)
	at m92.a(r8-map-id-fc73651334f76fbacb9920b2bd292de61c7927b00aa67b5cad751dd660dc3e6f:77)
	at uc0.a(r8-map-id-fc73651334f76fbacb9920b2bd292de61c7927b00aa67b5cad751dd660dc3e6f:455)
	at sf5.b(r8-map-id-fc73651334f76fbacb9920b2bd292de61c7927b00aa67b5cad751dd660dc3e6f:104)
	at uc0.a(r8-map-id-fc73651334f76fbacb9920b2bd292de61c7927b00aa67b5cad751dd660dc3e6f:151)
	at sf5.b(r8-map-id-fc73651334f76fbacb9920b2bd292de61c7927b00aa67b5cad751dd660dc3e6f:104)
	at b70.a(r8-map-id-fc73651334f76fbacb9920b2bd292de61c7927b00aa67b5cad751dd660dc3e6f:586)
	at sf5.b(r8-map-id-fc73651334f76fbacb9920b2bd292de61c7927b00aa67b5cad751dd660dc3e6f:104)
	at b70.a(r8-map-id-fc73651334f76fbacb9920b2bd292de61c7927b00aa67b5cad751dd660dc3e6f:215)
	at sf5.b(r8-map-id-fc73651334f76fbacb9920b2bd292de61c7927b00aa67b5cad751dd660dc3e6f:104)
	at jf5.g(r8-map-id-fc73651334f76fbacb9920b2bd292de61c7927b00aa67b5cad751dd660dc3e6f:92)
	at gf5.run(r8-map-id-fc73651334f76fbacb9920b2bd292de61c7927b00aa67b5cad751dd660dc3e6f:42)
	at java.util.concurrent.ThreadPoolExecutor.runWorker(ThreadPoolExecutor.java:1154)
	at java.util.concurrent.ThreadPoolExecutor$Worker.run(ThreadPoolExecutor.java:652)
	at java.lang.Thread.run(Thread.java:1564)
Caused by: android.system.GaiException: android_getaddrinfo failed: EAI_NODATA (No address associated with hostname)
	at libcore.io.Linux.android_getaddrinfo(Native Method)
	at libcore.io.ForwardingOs.android_getaddrinfo(ForwardingOs.java:134)
	at libcore.io.BlockGuardOs.android_getaddrinfo(BlockGuardOs.java:222)
	at libcore.io.ForwardingOs.android_getaddrinfo(ForwardingOs.java:134)
	at java.net.Inet6AddressImpl.lookupHostByName(Inet6AddressImpl.java:135)
	... 18 more

2026-04-07T19:21:18.182111Z Warn: WebSocket disconnected, retrying in 5000ms
2026-04-07T19:21:23.643394Z Info: Delay completed, reconnecting...
2026-04-07T19:21:23.647744Z Info: Connecting to WebSocket at wss://michael.seifert.page/api/apps/v1/notify/ws
2026-04-07T19:21:23.676004Z Error: WebSocket connect failed Unable to resolve host "michael.seifert.page": No address associated with hostname
java.net.UnknownHostException: Unable to resolve host "michael.seifert.page": No address associated with hostname
	at java.net.Inet6AddressImpl.lookupHostByName(Inet6AddressImpl.java:156)
	at java.net.Inet6AddressImpl.lookupAllHostAddr(Inet6AddressImpl.java:103)
	at java.net.InetAddress.getAllByName(InetAddress.java:1152)
	at wf5.b(r8-map-id-fc73651334f76fbacb9920b2bd292de61c7927b00aa67b5cad751dd660dc3e6f:393)
	at m92.d(r8-map-id-fc73651334f76fbacb9920b2bd292de61c7927b00aa67b5cad751dd660dc3e6f:12)
	at m92.a(r8-map-id-fc73651334f76fbacb9920b2bd292de61c7927b00aa67b5cad751dd660dc3e6f:77)
	at uc0.a(r8-map-id-fc73651334f76fbacb9920b2bd292de61c7927b00aa67b5cad751dd660dc3e6f:455)
	at sf5.b(r8-map-id-fc73651334f76fbacb9920b2bd292de61c7927b00aa67b5cad751dd660dc3e6f:104)
	at uc0.a(r8-map-id-fc73651334f76fbacb9920b2bd292de61c7927b00aa67b5cad751dd660dc3e6f:151)
	at sf5.b(r8-map-id-fc73651334f76fbacb9920b2bd292de61c7927b00aa67b5cad751dd660dc3e6f:104)
	at b70.a(r8-map-id-fc73651334f76fbacb9920b2bd292de61c7927b00aa67b5cad751dd660dc3e6f:586)
	at sf5.b(r8-map-id-fc73651334f76fbacb9920b2bd292de61c7927b00aa67b5cad751dd660dc3e6f:104)
	at b70.a(r8-map-id-fc73651334f76fbacb9920b2bd292de61c7927b00aa67b5cad751dd660dc3e6f:215)
	at sf5.b(r8-map-id-fc73651334f76fbacb9920b2bd292de61c7927b00aa67b5cad751dd660dc3e6f:104)
	at jf5.g(r8-map-id-fc73651334f76fbacb9920b2bd292de61c7927b00aa67b5cad751dd660dc3e6f:92)
	at gf5.run(r8-map-id-fc73651334f76fbacb9920b2bd292de61c7927b00aa67b5cad751dd660dc3e6f:42)
	at java.util.concurrent.ThreadPoolExecutor.runWorker(ThreadPoolExecutor.java:1154)
	at java.util.concurrent.ThreadPoolExecutor$Worker.run(ThreadPoolExecutor.java:652)
	at java.lang.Thread.run(Thread.java:1564)
Caused by: android.system.GaiException: android_getaddrinfo failed: EAI_NODATA (No address associated with hostname)
	at libcore.io.Linux.android_getaddrinfo(Native Method)
	at libcore.io.ForwardingOs.android_getaddrinfo(ForwardingOs.java:134)
	at libcore.io.BlockGuardOs.android_getaddrinfo(BlockGuardOs.java:222)
	at libcore.io.ForwardingOs.android_getaddrinfo(ForwardingOs.java:134)
	at java.net.Inet6AddressImpl.lookupHostByName(Inet6AddressImpl.java:135)
	... 18 more

2026-04-07T19:21:23.678253Z Warn: WebSocket disconnected, retrying in 5000ms
2026-04-07T19:21:28.641236Z Info: Delay completed, reconnecting...
2026-04-07T19:21:28.645232Z Info: Connecting to WebSocket at wss://michael.seifert.page/api/apps/v1/notify/ws
2026-04-07T19:21:28.675144Z Error: WebSocket connect failed Unable to resolve host "michael.seifert.page": No address associated with hostname
java.net.UnknownHostException: Unable to resolve host "michael.seifert.page": No address associated with hostname
	at java.net.Inet6AddressImpl.lookupHostByName(Inet6AddressImpl.java:156)
	at java.net.Inet6AddressImpl.lookupAllHostAddr(Inet6AddressImpl.java:103)
	at java.net.InetAddress.getAllByName(InetAddress.java:1152)
	at wf5.b(r8-map-id-fc73651334f76fbacb9920b2bd292de61c7927b00aa67b5cad751dd660dc3e6f:393)
	at m92.d(r8-map-id-fc73651334f76fbacb9920b2bd292de61c7927b00aa67b5cad751dd660dc3e6f:12)
	at m92.a(r8-map-id-fc73651334f76fbacb9920b2bd292de61c7927b00aa67b5cad751dd660dc3e6f:77)
	at uc0.a(r8-map-id-fc73651334f76fbacb9920b2bd292de61c7927b00aa67b5cad751dd660dc3e6f:455)
	at sf5.b(r8-map-id-fc73651334f76fbacb9920b2bd292de61c7927b00aa67b5cad751dd660dc3e6f:104)
	at uc0.a(r8-map-id-fc73651334f76fbacb9920b2bd292de61c7927b00aa67b5cad751dd660dc3e6f:151)
	at sf5.b(r8-map-id-fc73651334f76fbacb9920b2bd292de61c7927b00aa67b5cad751dd660dc3e6f:104)
	at b70.a(r8-map-id-fc73651334f76fbacb9920b2bd292de61c7927b00aa67b5cad751dd660dc3e6f:586)
	at sf5.b(r8-map-id-fc73651334f76fbacb9920b2bd292de61c7927b00aa67b5cad751dd660dc3e6f:104)
	at b70.a(r8-map-id-fc73651334f76fbacb9920b2bd292de61c7927b00aa67b5cad751dd660dc3e6f:215)
	at sf5.b(r8-map-id-fc73651334f76fbacb9920b2bd292de61c7927b00aa67b5cad751dd660dc3e6f:104)
	at jf5.g(r8-map-id-fc73651334f76fbacb9920b2bd292de61c7927b00aa67b5cad751dd660dc3e6f:92)
	at gf5.run(r8-map-id-fc73651334f76fbacb9920b2bd292de61c7927b00aa67b5cad751dd660dc3e6f:42)
	at java.util.concurrent.ThreadPoolExecutor.runWorker(ThreadPoolExecutor.java:1154)
	at java.util.concurrent.ThreadPoolExecutor$Worker.run(ThreadPoolExecutor.java:652)
	at java.lang.Thread.run(Thread.java:1564)
Caused by: android.system.GaiException: android_getaddrinfo failed: EAI_NODATA (No address associated with hostname)
	at libcore.io.Linux.android_getaddrinfo(Native Method)
	at libcore.io.ForwardingOs.android_getaddrinfo(ForwardingOs.java:134)
	at libcore.io.BlockGuardOs.android_getaddrinfo(BlockGuardOs.java:222)
	at libcore.io.ForwardingOs.android_getaddrinfo(ForwardingOs.java:134)
	at java.net.Inet6AddressImpl.lookupHostByName(Inet6AddressImpl.java:135)
	... 18 more

2026-04-07T19:21:28.676591Z Warn: WebSocket disconnected, retrying in 5000ms
2026-04-07T19:21:33.971909Z Info: Delay completed, reconnecting...
2026-04-07T19:21:33.973055Z Info: Connecting to WebSocket at wss://michael.seifert.page/api/apps/v1/notify/ws
2026-04-07T19:21:33.998793Z Error: WebSocket connect failed Unable to resolve host "michael.seifert.page": No address associated with hostname
java.net.UnknownHostException: Unable to resolve host "michael.seifert.page": No address associated with hostname
	at java.net.Inet6AddressImpl.lookupHostByName(Inet6AddressImpl.java:156)
	at java.net.Inet6AddressImpl.lookupAllHostAddr(Inet6AddressImpl.java:103)
	at java.net.InetAddress.getAllByName(InetAddress.java:1152)
	at wf5.b(r8-map-id-fc73651334f76fbacb9920b2bd292de61c7927b00aa67b5cad751dd660dc3e6f:393)
	at m92.d(r8-map-id-fc73651334f76fbacb9920b2bd292de61c7927b00aa67b5cad751dd660dc3e6f:12)
	at m92.a(r8-map-id-fc73651334f76fbacb9920b2bd292de61c7927b00aa67b5cad751dd660dc3e6f:77)
	at uc0.a(r8-map-id-fc73651334f76fbacb9920b2bd292de61c7927b00aa67b5cad751dd660dc3e6f:455)
	at sf5.b(r8-map-id-fc73651334f76fbacb9920b2bd292de61c7927b00aa67b5cad751dd660dc3e6f:104)
	at uc0.a(r8-map-id-fc73651334f76fbacb9920b2bd292de61c7927b00aa67b5cad751dd660dc3e6f:151)
	at sf5.b(r8-map-id-fc73651334f76fbacb9920b2bd292de61c7927b00aa67b5cad751dd660dc3e6f:104)
	at b70.a(r8-map-id-fc73651334f76fbacb9920b2bd292de61c7927b00aa67b5cad751dd660dc3e6f:586)
	at sf5.b(r8-map-id-fc73651334f76fbacb9920b2bd292de61c7927b00aa67b5cad751dd660dc3e6f:104)
	at b70.a(r8-map-id-fc73651334f76fbacb9920b2bd292de61c7927b00aa67b5cad751dd660dc3e6f:215)
	at sf5.b(r8-map-id-fc73651334f76fbacb9920b2bd292de61c7927b00aa67b5cad751dd660dc3e6f:104)
	at jf5.g(r8-map-id-fc73651334f76fbacb9920b2bd292de61c7927b00aa67b5cad751dd660dc3e6f:92)
	at gf5.run(r8-map-id-fc73651334f76fbacb9920b2bd292de61c7927b00aa67b5cad751dd660dc3e6f:42)
	at java.util.concurrent.ThreadPoolExecutor.runWorker(ThreadPoolExecutor.java:1154)
	at java.util.concurrent.ThreadPoolExecutor$Worker.run(ThreadPoolExecutor.java:652)
	at java.lang.Thread.run(Thread.java:1564)
Caused by: android.system.GaiException: android_getaddrinfo failed: EAI_NODATA (No address associated with hostname)
	at libcore.io.Linux.android_getaddrinfo(Native Method)
	at libcore.io.ForwardingOs.android_getaddrinfo(ForwardingOs.java:134)
	at libcore.io.BlockGuardOs.android_getaddrinfo(BlockGuardOs.java:222)
	at libcore.io.ForwardingOs.android_getaddrinfo(ForwardingOs.java:134)
	at java.net.Inet6AddressImpl.lookupHostByName(Inet6AddressImpl.java:135)
	... 18 more

2026-04-07T19:21:34.001462Z Warn: WebSocket disconnected, retrying in 5000ms
2026-04-07T19:21:38.409764Z Info: Delay completed, reconnecting...
2026-04-07T19:21:38.4112Z Info: Connecting to WebSocket at wss://michael.seifert.page/api/apps/v1/notify/ws
2026-04-07T19:21:38.436831Z Error: WebSocket connect failed Unable to resolve host "michael.seifert.page": No address associated with hostname
java.net.UnknownHostException: Unable to resolve host "michael.seifert.page": No address associated with hostname
	at java.net.Inet6AddressImpl.lookupHostByName(Inet6AddressImpl.java:156)
	at java.net.Inet6AddressImpl.lookupAllHostAddr(Inet6AddressImpl.java:103)
	at java.net.InetAddress.getAllByName(InetAddress.java:1152)
	at wf5.b(r8-map-id-fc73651334f76fbacb9920b2bd292de61c7927b00aa67b5cad751dd660dc3e6f:393)
	at m92.d(r8-map-id-fc73651334f76fbacb9920b2bd292de61c7927b00aa67b5cad751dd660dc3e6f:12)
	at m92.a(r8-map-id-fc73651334f76fbacb9920b2bd292de61c7927b00aa67b5cad751dd660dc3e6f:77)
	at uc0.a(r8-map-id-fc73651334f76fbacb9920b2bd292de61c7927b00aa67b5cad751dd660dc3e6f:455)
	at sf5.b(r8-map-id-fc73651334f76fbacb9920b2bd292de61c7927b00aa67b5cad751dd660dc3e6f:104)
	at uc0.a(r8-map-id-fc73651334f76fbacb9920b2bd292de61c7927b00aa67b5cad751dd660dc3e6f:151)
	at sf5.b(r8-map-id-fc73651334f76fbacb9920b2bd292de61c7927b00aa67b5cad751dd660dc3e6f:104)
	at b70.a(r8-map-id-fc73651334f76fbacb9920b2bd292de61c7927b00aa67b5cad751dd660dc3e6f:586)
	at sf5.b(r8-map-id-fc73651334f76fbacb9920b2bd292de61c7927b00aa67b5cad751dd660dc3e6f:104)
	at b70.a(r8-map-id-fc73651334f76fbacb9920b2bd292de61c7927b00aa67b5cad751dd660dc3e6f:215)
	at sf5.b(r8-map-id-fc73651334f76fbacb9920b2bd292de61c7927b00aa67b5cad751dd660dc3e6f:104)
	at jf5.g(r8-map-id-fc73651334f76fbacb9920b2bd292de61c7927b00aa67b5cad751dd660dc3e6f:92)
	at gf5.run(r8-map-id-fc73651334f76fbacb9920b2bd292de61c7927b00aa67b5cad751dd660dc3e6f:42)
	at java.util.concurrent.ThreadPoolExecutor.runWorker(ThreadPoolExecutor.java:1154)
	at java.util.concurrent.ThreadPoolExecutor$Worker.run(ThreadPoolExecutor.java:652)
	at java.lang.Thread.run(Thread.java:1564)
Caused by: android.system.GaiException: android_getaddrinfo failed: EAI_NODATA (No address associated with hostname)
	at libcore.io.Linux.android_getaddrinfo(Native Method)
	at libcore.io.ForwardingOs.android_getaddrinfo(ForwardingOs.java:134)
	at libcore.io.BlockGuardOs.android_getaddrinfo(BlockGuardOs.java:222)
	at libcore.io.ForwardingOs.android_getaddrinfo(ForwardingOs.java:134)
	at java.net.Inet6AddressImpl.lookupHostByName(Inet6AddressImpl.java:135)
	... 18 more

2026-04-07T19:21:38.441268Z Warn: WebSocket disconnected, retrying in 5000ms
2026-04-07T19:21:43.231987Z Info: Delay completed, reconnecting...
2026-04-07T19:21:43.236732Z Info: Connecting to WebSocket at wss://michael.seifert.page/api/apps/v1/notify/ws
2026-04-07T19:21:43.251579Z Error: WebSocket connect failed Unable to resolve host "michael.seifert.page": No address associated with hostname
java.net.UnknownHostException: Unable to resolve host "michael.seifert.page": No address associated with hostname
	at java.net.Inet6AddressImpl.lookupHostByName(Inet6AddressImpl.java:156)
	at java.net.Inet6AddressImpl.lookupAllHostAddr(Inet6AddressImpl.java:103)
	at java.net.InetAddress.getAllByName(InetAddress.java:1152)
	at wf5.b(r8-map-id-fc73651334f76fbacb9920b2bd292de61c7927b00aa67b5cad751dd660dc3e6f:393)
	at m92.d(r8-map-id-fc73651334f76fbacb9920b2bd292de61c7927b00aa67b5cad751dd660dc3e6f:12)
	at m92.a(r8-map-id-fc73651334f76fbacb9920b2bd292de61c7927b00aa67b5cad751dd660dc3e6f:77)
	at uc0.a(r8-map-id-fc73651334f76fbacb9920b2bd292de61c7927b00aa67b5cad751dd660dc3e6f:455)
	at sf5.b(r8-map-id-fc73651334f76fbacb9920b2bd292de61c7927b00aa67b5cad751dd660dc3e6f:104)
	at uc0.a(r8-map-id-fc73651334f76fbacb9920b2bd292de61c7927b00aa67b5cad751dd660dc3e6f:151)
	at sf5.b(r8-map-id-fc73651334f76fbacb9920b2bd292de61c7927b00aa67b5cad751dd660dc3e6f:104)
	at b70.a(r8-map-id-fc73651334f76fbacb9920b2bd292de61c7927b00aa67b5cad751dd660dc3e6f:586)
	at sf5.b(r8-map-id-fc73651334f76fbacb9920b2bd292de61c7927b00aa67b5cad751dd660dc3e6f:104)
	at b70.a(r8-map-id-fc73651334f76fbacb9920b2bd292de61c7927b00aa67b5cad751dd660dc3e6f:215)
	at sf5.b(r8-map-id-fc73651334f76fbacb9920b2bd292de61c7927b00aa67b5cad751dd660dc3e6f:104)
	at jf5.g(r8-map-id-fc73651334f76fbacb9920b2bd292de61c7927b00aa67b5cad751dd660dc3e6f:92)
	at gf5.run(r8-map-id-fc73651334f76fbacb9920b2bd292de61c7927b00aa67b5cad751dd660dc3e6f:42)
	at java.util.concurrent.ThreadPoolExecutor.runWorker(ThreadPoolExecutor.java:1154)
	at java.util.concurrent.ThreadPoolExecutor$Worker.run(ThreadPoolExecutor.java:652)
	at java.lang.Thread.run(Thread.java:1564)
Caused by: android.system.GaiException: android_getaddrinfo failed: EAI_NODATA (No address associated with hostname)
	at libcore.io.Linux.android_getaddrinfo(Native Method)
	at libcore.io.ForwardingOs.android_getaddrinfo(ForwardingOs.java:134)
	at libcore.io.BlockGuardOs.android_getaddrinfo(BlockGuardOs.java:222)
	at libcore.io.ForwardingOs.android_getaddrinfo(ForwardingOs.java:134)
	at java.net.Inet6AddressImpl.lookupHostByName(Inet6AddressImpl.java:135)
	... 18 more

2026-04-07T19:21:43.259807Z Warn: WebSocket disconnected, retrying in 5000ms
2026-04-07T19:46:35.61862Z Info: Delay completed, reconnecting...
2026-04-07T19:46:35.630082Z Info: Connecting to WebSocket at wss://michael.seifert.page/api/apps/v1/notify/ws
2026-04-07T19:46:35.651185Z Info: (MainActivity) Notification intent detected (conversation: 674e0d67-34c0-4267-8b94-748f0d226cfb)
2026-04-07T19:46:35.74102Z Debug: ChatMessageStream: loadConversation(674e0d67-34c0-4267-8b94-748f0d226cfb)
2026-04-07T19:46:35.890592Z Debug: ChatMessageStream: loadConversation(674e0d67-34c0-4267-8b94-748f0d226cfb) → 1000 messages
2026-04-07T19:46:35.910755Z Info: No saved scroll position
2026-04-07T19:46:35.923903Z Info: (ConversationListUi) Restore detail pane for 674e0d67-34c0-4267-8b94-748f0d226cfb
2026-04-07T19:46:35.938963Z Info: Pre-initializing scroll position at bottom: id=674e0d67-34c0-4267-8b94-748f0d226cfb
2026-04-07T19:46:35.952139Z Debug: Sent WebSocket command: establishConnectionRequest
2026-04-07T19:46:36.191059Z Info: Device handshake successful
2026-04-07T19:46:36.191739Z Warn: DriveSync for drive=9ff813af-f2d6-1e2f-9b9d-b189e72d1a11 already exists, skipping
2026-04-07T19:46:36.192331Z Warn: DriveSync for drive=2612429d-1c3f-0372-82b8-d42fb2cc0499 already exists, skipping
2026-04-07T19:46:36.192713Z Warn: DriveSync for drive=4db49422-ebad-02e9-9ab9-6e9c477d1e08 already exists, skipping
2026-04-07T19:46:36.193037Z Debug: Sent WebSocket command: processInbox
2026-04-07T19:46:36.193198Z Debug: Sent WebSocket command: processInbox
2026-04-07T19:46:36.195744Z Debug: Sent WebSocket command: processInbox
2026-04-07T19:46:36.196154Z Info: Synchronizing drive 9ff813af-f2d6-1e2f-9b9d-b189e72d1a11
2026-04-07T19:46:36.196203Z Info: Synchronizing drive 2612429d-1c3f-0372-82b8-d42fb2cc0499
2026-04-07T19:46:36.208068Z Info: Synchronizing drive 4db49422-ebad-02e9-9ab9-6e9c477d1e08
2026-04-07T19:46:36.28572Z Info: Scroll changed: id=674e0d67-34c0-4267-8b94-748f0d226cfb -> 1016:333
2026-04-07T19:46:36.323842Z Info: Received 0 records from QueryBatch() on Drive 2612429d-1c3f-0372-82b8-d42fb2cc0499
2026-04-07T19:46:36.324325Z Debug: DriveSync: all DB writes complete for drive 2612429d-1c3f-0372-82b8-d42fb2cc0499 (0 total records)
2026-04-07T19:46:36.325464Z Debug: Drive 2612429d-1c3f-0372-82b8-d42fb2cc0499 synchronized with 0 records read.
2026-04-07T19:46:36.331167Z Info: Received 0 records from QueryBatch() on Drive 4db49422-ebad-02e9-9ab9-6e9c477d1e08
2026-04-07T19:46:36.331385Z Debug: DriveSync: all DB writes complete for drive 4db49422-ebad-02e9-9ab9-6e9c477d1e08 (0 total records)
2026-04-07T19:46:36.33206Z Debug: Drive 4db49422-ebad-02e9-9ab9-6e9c477d1e08 synchronized with 0 records read.
2026-04-07T19:46:36.371511Z Info: Received 0 records from QueryBatch() on Drive 9ff813af-f2d6-1e2f-9b9d-b189e72d1a11
2026-04-07T19:46:36.371629Z Debug: DriveSync: all DB writes complete for drive 9ff813af-f2d6-1e2f-9b9d-b189e72d1a11 (0 total records)
2026-04-07T19:46:36.372288Z Debug: Drive 9ff813af-f2d6-1e2f-9b9d-b189e72d1a11 synchronized with 0 records read.
2026-04-07T19:46:36.372353Z Debug: ChatMessageStream: Stopped(totalCount=0)
2026-04-07T19:46:37.408568Z Debug: ConversationStream: unreadSync convo=674e0d67-34c0-4267-8b94-748f0d226cfb 2->3
2026-04-07T19:46:37.408934Z Debug: ConversationStream: Stopped(totalCount=0)
2026-04-07T19:46:37.424485Z Info: Popping Outbox
2026-04-07T19:46:37.626994Z Info: No more items in outbox
2026-04-07T19:46:37.62705Z Debug: markAsRead: convo=674e0d67-34c0-4267-8b94-748f0d226cfb unread=3/5 newReadTime=1775591197627
2026-04-07T19:46:37.627681Z Debug: markAsRead: convo=674e0d67-34c0-4267-8b94-748f0d226cfb endTime=1775589205561
2026-04-07T19:46:37.85413Z Debug: ConversationStream: unreadSync convo=674e0d67-34c0-4267-8b94-748f0d226cfb 3->0
2026-04-07T19:46:37.867978Z Info: Popping Outbox
2026-04-07T19:46:37.878583Z Info: Popping Outbox
2026-04-07T19:46:37.878618Z Info: Log the data from the outboxRecord here...
2026-04-07T19:46:37.87925Z Info: No more items in outbox
2026-04-07T19:46:38.201716Z Info: Popping Outbox
2026-04-07T19:46:38.203279Z Info: No more items in outbox
2026-04-07T19:46:38.372282Z Error: (HomebaseImageLoader) Non-retriable exception: Not found
2026-04-07T19:46:41.426186Z Debug: ConversationStream: BatchReceived 1 files (conversations=0, messages=1, adminFiles=0)
2026-04-07T19:46:41.426533Z Debug: ChatMessageStream: processIncrementalBatch 1 messages across 1 conversation(s)
2026-04-07T19:46:41.430596Z Info: No saved scroll position
2026-04-07T19:46:41.451959Z Info: Popping Outbox
2026-04-07T19:46:41.463123Z Info: Popping Outbox
2026-04-07T19:46:41.464128Z Info: Log the data from the outboxRecord here...
2026-04-07T19:46:41.464651Z Info: No more items in outbox
2026-04-07T19:46:41.617227Z Info: Popping Outbox
2026-04-07T19:46:41.623268Z Info: No more items in outbox
2026-04-07T19:46:41.778327Z Info: Synchronizing drive 9ff813af-f2d6-1e2f-9b9d-b189e72d1a11
2026-04-07T19:46:41.918322Z Info: Received 1 records from QueryBatch() on Drive 9ff813af-f2d6-1e2f-9b9d-b189e72d1a11
2026-04-07T19:46:41.918908Z Debug: DriveSync: batch contains 1 chat conversation(s): [674e0d67-34c0-4267-8b94-748f0d226cfb]
2026-04-07T19:46:41.935194Z Debug: ConversationStream: BatchReceived 1 files (conversations=0, messages=1, adminFiles=0)
2026-04-07T19:46:41.935598Z Debug: DriveSync: all DB writes complete for drive 9ff813af-f2d6-1e2f-9b9d-b189e72d1a11 (1 total records)
2026-04-07T19:46:41.936027Z Debug: ChatMessageStream: processIncrementalBatch 1 messages across 1 conversation(s)
2026-04-07T19:46:41.93665Z Debug: ConversationStream: Stopped(totalCount=1)
2026-04-07T19:46:41.937032Z Debug: Drive 9ff813af-f2d6-1e2f-9b9d-b189e72d1a11 synchronized with 1 records read.
2026-04-07T19:46:41.937612Z Info: Synchronizing drive 9ff813af-f2d6-1e2f-9b9d-b189e72d1a11
2026-04-07T19:46:41.939023Z Debug: ChatMessageStream: Stopped(totalCount=1)
2026-04-07T19:46:41.942679Z Info: No saved scroll position
2026-04-07T19:46:42.08928Z Info: Received 0 records from QueryBatch() on Drive 9ff813af-f2d6-1e2f-9b9d-b189e72d1a11
2026-04-07T19:46:42.09023Z Debug: DriveSync: all DB writes complete for drive 9ff813af-f2d6-1e2f-9b9d-b189e72d1a11 (0 total records)
2026-04-07T19:46:42.092911Z Debug: ConversationStream: Stopped(totalCount=0)
2026-04-07T19:46:42.093329Z Debug: Drive 9ff813af-f2d6-1e2f-9b9d-b189e72d1a11 synchronized with 0 records read.
2026-04-07T19:46:42.094635Z Debug: ChatMessageStream: Stopped(totalCount=0)
2026-04-07T19:46:51.236841Z Info: Scroll changed: id=674e0d67-34c0-4267-8b94-748f0d226cfb -> 1016:401
2026-04-07T19:46:55.255196Z Debug: ConversationStream: BatchReceived 1 files (conversations=0, messages=1, adminFiles=0)
2026-04-07T19:46:55.255403Z Debug: ChatMessageStream: processIncrementalBatch 1 messages across 1 conversation(s)
2026-04-07T19:46:55.255666Z Debug: ConversationStream: unread++ convo=674e0d67-34c0-4267-8b94-748f0d226cfb count=1
2026-04-07T19:46:55.25896Z Info: No saved scroll position
2026-04-07T19:46:55.267646Z Info: Popping Outbox
2026-04-07T19:46:55.274495Z Info: Popping Outbox
2026-04-07T19:46:55.275096Z Info: Log the data from the outboxRecord here...
2026-04-07T19:46:55.27599Z Info: No more items in outbox
2026-04-07T19:46:55.398946Z Info: Popping Outbox
2026-04-07T19:46:55.399958Z Info: No more items in outbox
2026-04-07T19:46:55.589427Z Info: Synchronizing drive 9ff813af-f2d6-1e2f-9b9d-b189e72d1a11
2026-04-07T19:46:55.756434Z Info: Received 1 records from QueryBatch() on Drive 9ff813af-f2d6-1e2f-9b9d-b189e72d1a11
2026-04-07T19:46:55.756921Z Debug: DriveSync: batch contains 1 chat conversation(s): [674e0d67-34c0-4267-8b94-748f0d226cfb]
2026-04-07T19:46:55.779534Z Debug: ConversationStream: BatchReceived 1 files (conversations=0, messages=1, adminFiles=0)
2026-04-07T19:46:55.779663Z Debug: ChatMessageStream: processIncrementalBatch 1 messages across 1 conversation(s)
2026-04-07T19:46:55.780406Z Debug: ConversationStream: unread++ convo=674e0d67-34c0-4267-8b94-748f0d226cfb count=1
2026-04-07T19:46:55.78053Z Debug: DriveSync: all DB writes complete for drive 9ff813af-f2d6-1e2f-9b9d-b189e72d1a11 (1 total records)
2026-04-07T19:46:55.781924Z Debug: ConversationStream: Stopped(totalCount=1)
2026-04-07T19:46:55.782016Z Debug: ChatMessageStream: Stopped(totalCount=1)
2026-04-07T19:46:55.782214Z Debug: Drive 9ff813af-f2d6-1e2f-9b9d-b189e72d1a11 synchronized with 1 records read.
2026-04-07T19:46:55.783869Z Info: Synchronizing drive 9ff813af-f2d6-1e2f-9b9d-b189e72d1a11
2026-04-07T19:46:55.796043Z Info: No saved scroll position
2026-04-07T19:46:55.930561Z Info: Received 0 records from QueryBatch() on Drive 9ff813af-f2d6-1e2f-9b9d-b189e72d1a11
2026-04-07T19:46:55.930741Z Debug: DriveSync: all DB writes complete for drive 9ff813af-f2d6-1e2f-9b9d-b189e72d1a11 (0 total records)
2026-04-07T19:46:55.931263Z Debug: ConversationStream: Stopped(totalCount=0)
2026-04-07T19:46:55.931402Z Debug: Drive 9ff813af-f2d6-1e2f-9b9d-b189e72d1a11 synchronized with 0 records read.
2026-04-07T19:46:55.9316Z Debug: ChatMessageStream: Stopped(totalCount=0)
2026-04-07T19:46:59.479675Z Debug: ConversationStream: BatchReceived 1 files (conversations=0, messages=1, adminFiles=0)
2026-04-07T19:46:59.480223Z Debug: ChatMessageStream: processIncrementalBatch 1 messages across 1 conversation(s)
2026-04-07T19:46:59.485132Z Info: Resetting scroll position, new message seen, index: 1021
2026-04-07T19:46:59.485245Z Info: Setting scroll position: 1021
2026-04-07T19:46:59.487273Z Debug: ConversationStream: BatchReceived 1 files (conversations=0, messages=1, adminFiles=0)
2026-04-07T19:46:59.487342Z Debug: ChatMessageStream: processIncrementalBatch 1 messages across 1 conversation(s)
2026-04-07T19:46:59.48983Z Info: No saved scroll position
2026-04-07T19:46:59.513267Z Info: Popping Outbox
2026-04-07T19:46:59.528974Z Info: Popping Outbox
2026-04-07T19:46:59.530264Z Info: Log the data from the outboxRecord here...
2026-04-07T19:46:59.533281Z Info: No more items in outbox
2026-04-07T19:46:59.536484Z Info: (DriveUploadProvider) drive upload url: [https://michael.seifert.page/api/v2/drives/9ff813af-f2d6-1e2f-9b9d-b189e72d1a11/files]
2026-04-07T19:46:59.624755Z Info: Popping Outbox
2026-04-07T19:46:59.626441Z Info: No more items in outbox
2026-04-07T19:46:59.81358Z Info: Scroll changed: id=674e0d67-34c0-4267-8b94-748f0d226cfb -> 1019:36
2026-04-07T19:46:59.844982Z Info: Synchronizing drive 9ff813af-f2d6-1e2f-9b9d-b189e72d1a11
2026-04-07T19:46:59.977033Z Info: Received 1 records from QueryBatch() on Drive 9ff813af-f2d6-1e2f-9b9d-b189e72d1a11
2026-04-07T19:46:59.977911Z Debug: DriveSync: batch contains 1 chat conversation(s): [674e0d67-34c0-4267-8b94-748f0d226cfb]
2026-04-07T19:46:59.997845Z Error: (HomebaseImageLoader) Non-retriable exception: Not found
2026-04-07T19:47:00.015115Z Debug: ConversationStream: BatchReceived 1 files (conversations=0, messages=1, adminFiles=0)
2026-04-07T19:47:00.015228Z Debug: DriveSync: all DB writes complete for drive 9ff813af-f2d6-1e2f-9b9d-b189e72d1a11 (1 total records)
2026-04-07T19:47:00.015344Z Debug: ChatMessageStream: processIncrementalBatch 1 messages across 1 conversation(s)
2026-04-07T19:47:00.015987Z Debug: ConversationStream: Stopped(totalCount=1)
2026-04-07T19:47:00.016157Z Debug: Drive 9ff813af-f2d6-1e2f-9b9d-b189e72d1a11 synchronized with 1 records read.
2026-04-07T19:47:00.017267Z Debug: ChatMessageStream: Stopped(totalCount=1)
2026-04-07T19:47:00.018459Z Info: Synchronizing drive 9ff813af-f2d6-1e2f-9b9d-b189e72d1a11
2026-04-07T19:47:00.022607Z Info: No saved scroll position
2026-04-07T19:47:00.147354Z Info: Received 0 records from QueryBatch() on Drive 9ff813af-f2d6-1e2f-9b9d-b189e72d1a11
2026-04-07T19:47:00.147817Z Debug: DriveSync: all DB writes complete for drive 9ff813af-f2d6-1e2f-9b9d-b189e72d1a11 (0 total records)
2026-04-07T19:47:00.14956Z Debug: ConversationStream: Stopped(totalCount=0)
2026-04-07T19:47:00.14982Z Debug: ChatMessageStream: Stopped(totalCount=0)
2026-04-07T19:47:00.150297Z Debug: Drive 9ff813af-f2d6-1e2f-9b9d-b189e72d1a11 synchronized with 0 records read.
2026-04-07T19:47:00.960654Z Debug: markAsRead: convo=674e0d67-34c0-4267-8b94-748f0d226cfb unread=0/1 newReadTime=1775591220961
2026-04-07T19:47:01.886934Z Info: (ShareShortcutPublisher) Published 8 share shortcuts
2026-04-07T19:47:03.024025Z Info: Scroll changed: id=674e0d67-34c0-4267-8b94-748f0d226cfb -> 1016:747
2026-04-07T19:47:11.626804Z Info: WebSocket connection ended
2026-04-07T19:47:11.624648Z Info: Connecting to WebSocket at wss://michael.seifert.page/api/apps/v1/notify/ws
2026-04-07T19:47:11.689642Z Error: WebSocket connect failed Unable to resolve host "michael.seifert.page": No address associated with hostname
java.net.UnknownHostException: Unable to resolve host "michael.seifert.page": No address associated with hostname
	at java.net.Inet6AddressImpl.lookupHostByName(Inet6AddressImpl.java:156)
	at java.net.Inet6AddressImpl.lookupAllHostAddr(Inet6AddressImpl.java:103)
	at java.net.InetAddress.getAllByName(InetAddress.java:1152)
	at wf5.b(r8-map-id-fc73651334f76fbacb9920b2bd292de61c7927b00aa67b5cad751dd660dc3e6f:393)
	at m92.d(r8-map-id-fc73651334f76fbacb9920b2bd292de61c7927b00aa67b5cad751dd660dc3e6f:12)
	at m92.a(r8-map-id-fc73651334f76fbacb9920b2bd292de61c7927b00aa67b5cad751dd660dc3e6f:77)
	at uc0.a(r8-map-id-fc73651334f76fbacb9920b2bd292de61c7927b00aa67b5cad751dd660dc3e6f:455)
	at sf5.b(r8-map-id-fc73651334f76fbacb9920b2bd292de61c7927b00aa67b5cad751dd660dc3e6f:104)
	at uc0.a(r8-map-id-fc73651334f76fbacb9920b2bd292de61c7927b00aa67b5cad751dd660dc3e6f:151)
	at sf5.b(r8-map-id-fc73651334f76fbacb9920b2bd292de61c7927b00aa67b5cad751dd660dc3e6f:104)
	at b70.a(r8-map-id-fc73651334f76fbacb9920b2bd292de61c7927b00aa67b5cad751dd660dc3e6f:586)
	at sf5.b(r8-map-id-fc73651334f76fbacb9920b2bd292de61c7927b00aa67b5cad751dd660dc3e6f:104)
	at b70.a(r8-map-id-fc73651334f76fbacb9920b2bd292de61c7927b00aa67b5cad751dd660dc3e6f:215)
	at sf5.b(r8-map-id-fc73651334f76fbacb9920b2bd292de61c7927b00aa67b5cad751dd660dc3e6f:104)
	at jf5.g(r8-map-id-fc73651334f76fbacb9920b2bd292de61c7927b00aa67b5cad751dd660dc3e6f:92)
	at gf5.run(r8-map-id-fc73651334f76fbacb9920b2bd292de61c7927b00aa67b5cad751dd660dc3e6f:42)
	at java.util.concurrent.ThreadPoolExecutor.runWorker(ThreadPoolExecutor.java:1154)
	at java.util.concurrent.ThreadPoolExecutor$Worker.run(ThreadPoolExecutor.java:652)
	at java.lang.Thread.run(Thread.java:1564)
Caused by: android.system.GaiException: android_getaddrinfo failed: EAI_NODATA (No address associated with hostname)
	at libcore.io.Linux.android_getaddrinfo(Native Method)
	at libcore.io.ForwardingOs.android_getaddrinfo(ForwardingOs.java:134)
	at libcore.io.BlockGuardOs.android_getaddrinfo(BlockGuardOs.java:222)
	at libcore.io.ForwardingOs.android_getaddrinfo(ForwardingOs.java:134)
	at java.net.Inet6AddressImpl.lookupHostByName(Inet6AddressImpl.java:135)
	... 18 more

2026-04-07T19:47:11.699786Z Warn: WebSocket disconnected, retrying in 5000ms
2026-04-07T19:47:17.665752Z Info: Delay completed, reconnecting...
2026-04-07T19:47:17.689945Z Info: Connecting to WebSocket at wss://michael.seifert.page/api/apps/v1/notify/ws
2026-04-07T19:47:17.732809Z Error: WebSocket connect failed Unable to resolve host "michael.seifert.page": No address associated with hostname
java.net.UnknownHostException: Unable to resolve host "michael.seifert.page": No address associated with hostname
	at java.net.Inet6AddressImpl.lookupHostByName(Inet6AddressImpl.java:156)
	at java.net.Inet6AddressImpl.lookupAllHostAddr(Inet6AddressImpl.java:103)
	at java.net.InetAddress.getAllByName(InetAddress.java:1152)
	at wf5.b(r8-map-id-fc73651334f76fbacb9920b2bd292de61c7927b00aa67b5cad751dd660dc3e6f:393)
	at m92.d(r8-map-id-fc73651334f76fbacb9920b2bd292de61c7927b00aa67b5cad751dd660dc3e6f:12)
	at m92.a(r8-map-id-fc73651334f76fbacb9920b2bd292de61c7927b00aa67b5cad751dd660dc3e6f:77)
	at uc0.a(r8-map-id-fc73651334f76fbacb9920b2bd292de61c7927b00aa67b5cad751dd660dc3e6f:455)
	at sf5.b(r8-map-id-fc73651334f76fbacb9920b2bd292de61c7927b00aa67b5cad751dd660dc3e6f:104)
	at uc0.a(r8-map-id-fc73651334f76fbacb9920b2bd292de61c7927b00aa67b5cad751dd660dc3e6f:151)
	at sf5.b(r8-map-id-fc73651334f76fbacb9920b2bd292de61c7927b00aa67b5cad751dd660dc3e6f:104)
	at b70.a(r8-map-id-fc73651334f76fbacb9920b2bd292de61c7927b00aa67b5cad751dd660dc3e6f:586)
	at sf5.b(r8-map-id-fc73651334f76fbacb9920b2bd292de61c7927b00aa67b5cad751dd660dc3e6f:104)
	at b70.a(r8-map-id-fc73651334f76fbacb9920b2bd292de61c7927b00aa67b5cad751dd660dc3e6f:215)
	at sf5.b(r8-map-id-fc73651334f76fbacb9920b2bd292de61c7927b00aa67b5cad751dd660dc3e6f:104)
	at jf5.g(r8-map-id-fc73651334f76fbacb9920b2bd292de61c7927b00aa67b5cad751dd660dc3e6f:92)
	at gf5.run(r8-map-id-fc73651334f76fbacb9920b2bd292de61c7927b00aa67b5cad751dd660dc3e6f:42)
	at java.util.concurrent.ThreadPoolExecutor.runWorker(ThreadPoolExecutor.java:1154)
	at java.util.concurrent.ThreadPoolExecutor$Worker.run(ThreadPoolExecutor.java:652)
	at java.lang.Thread.run(Thread.java:1564)
Caused by: android.system.GaiException: android_getaddrinfo failed: EAI_NODATA (No address associated with hostname)
	at libcore.io.Linux.android_getaddrinfo(Native Method)
	at libcore.io.ForwardingOs.android_getaddrinfo(ForwardingOs.java:134)
	at libcore.io.BlockGuardOs.android_getaddrinfo(BlockGuardOs.java:222)
	at libcore.io.ForwardingOs.android_getaddrinfo(ForwardingOs.java:134)
	at java.net.Inet6AddressImpl.lookupHostByName(Inet6AddressImpl.java:135)
	... 18 more

2026-04-07T19:47:17.738895Z Warn: WebSocket disconnected, retrying in 5000ms
2026-04-07T19:47:22.352322Z Info: Delay completed, reconnecting...
2026-04-07T19:47:22.361593Z Info: Connecting to WebSocket at wss://michael.seifert.page/api/apps/v1/notify/ws
2026-04-07T19:47:22.381352Z Error: WebSocket connect failed Unable to resolve host "michael.seifert.page": No address associated with hostname
java.net.UnknownHostException: Unable to resolve host "michael.seifert.page": No address associated with hostname
	at java.net.Inet6AddressImpl.lookupHostByName(Inet6AddressImpl.java:156)
	at java.net.Inet6AddressImpl.lookupAllHostAddr(Inet6AddressImpl.java:103)
	at java.net.InetAddress.getAllByName(InetAddress.java:1152)
	at wf5.b(r8-map-id-fc73651334f76fbacb9920b2bd292de61c7927b00aa67b5cad751dd660dc3e6f:393)
	at m92.d(r8-map-id-fc73651334f76fbacb9920b2bd292de61c7927b00aa67b5cad751dd660dc3e6f:12)
	at m92.a(r8-map-id-fc73651334f76fbacb9920b2bd292de61c7927b00aa67b5cad751dd660dc3e6f:77)
	at uc0.a(r8-map-id-fc73651334f76fbacb9920b2bd292de61c7927b00aa67b5cad751dd660dc3e6f:455)
	at sf5.b(r8-map-id-fc73651334f76fbacb9920b2bd292de61c7927b00aa67b5cad751dd660dc3e6f:104)
	at uc0.a(r8-map-id-fc73651334f76fbacb9920b2bd292de61c7927b00aa67b5cad751dd660dc3e6f:151)
	at sf5.b(r8-map-id-fc73651334f76fbacb9920b2bd292de61c7927b00aa67b5cad751dd660dc3e6f:104)
	at b70.a(r8-map-id-fc73651334f76fbacb9920b2bd292de61c7927b00aa67b5cad751dd660dc3e6f:586)
	at sf5.b(r8-map-id-fc73651334f76fbacb9920b2bd292de61c7927b00aa67b5cad751dd660dc3e6f:104)
	at b70.a(r8-map-id-fc73651334f76fbacb9920b2bd292de61c7927b00aa67b5cad751dd660dc3e6f:215)
	at sf5.b(r8-map-id-fc73651334f76fbacb9920b2bd292de61c7927b00aa67b5cad751dd660dc3e6f:104)
	at jf5.g(r8-map-id-fc73651334f76fbacb9920b2bd292de61c7927b00aa67b5cad751dd660dc3e6f:92)
	at gf5.run(r8-map-id-fc73651334f76fbacb9920b2bd292de61c7927b00aa67b5cad751dd660dc3e6f:42)
	at java.util.concurrent.ThreadPoolExecutor.runWorker(ThreadPoolExecutor.java:1154)
	at java.util.concurrent.ThreadPoolExecutor$Worker.run(ThreadPoolExecutor.java:652)
	at java.lang.Thread.run(Thread.java:1564)
Caused by: android.system.GaiException: android_getaddrinfo failed: EAI_NODATA (No address associated with hostname)
	at libcore.io.Linux.android_getaddrinfo(Native Method)
	at libcore.io.ForwardingOs.android_getaddrinfo(ForwardingOs.java:134)
	at libcore.io.BlockGuardOs.android_getaddrinfo(BlockGuardOs.java:222)
	at libcore.io.ForwardingOs.android_getaddrinfo(ForwardingOs.java:134)
	at java.net.Inet6AddressImpl.lookupHostByName(Inet6AddressImpl.java:135)
	... 18 more

2026-04-07T19:47:22.383164Z Warn: WebSocket disconnected, retrying in 5000ms
2026-04-07T19:47:27.492126Z Info: Delay completed, reconnecting...
2026-04-07T19:47:27.498257Z Info: Connecting to WebSocket at wss://michael.seifert.page/api/apps/v1/notify/ws
2026-04-07T19:47:27.522004Z Error: WebSocket connect failed Unable to resolve host "michael.seifert.page": No address associated with hostname
java.net.UnknownHostException: Unable to resolve host "michael.seifert.page": No address associated with hostname
	at java.net.Inet6AddressImpl.lookupHostByName(Inet6AddressImpl.java:156)
	at java.net.Inet6AddressImpl.lookupAllHostAddr(Inet6AddressImpl.java:103)
	at java.net.InetAddress.getAllByName(InetAddress.java:1152)
	at wf5.b(r8-map-id-fc73651334f76fbacb9920b2bd292de61c7927b00aa67b5cad751dd660dc3e6f:393)
	at m92.d(r8-map-id-fc73651334f76fbacb9920b2bd292de61c7927b00aa67b5cad751dd660dc3e6f:12)
	at m92.a(r8-map-id-fc73651334f76fbacb9920b2bd292de61c7927b00aa67b5cad751dd660dc3e6f:77)
	at uc0.a(r8-map-id-fc73651334f76fbacb9920b2bd292de61c7927b00aa67b5cad751dd660dc3e6f:455)
	at sf5.b(r8-map-id-fc73651334f76fbacb9920b2bd292de61c7927b00aa67b5cad751dd660dc3e6f:104)
	at uc0.a(r8-map-id-fc73651334f76fbacb9920b2bd292de61c7927b00aa67b5cad751dd660dc3e6f:151)
	at sf5.b(r8-map-id-fc73651334f76fbacb9920b2bd292de61c7927b00aa67b5cad751dd660dc3e6f:104)
	at b70.a(r8-map-id-fc73651334f76fbacb9920b2bd292de61c7927b00aa67b5cad751dd660dc3e6f:586)
	at sf5.b(r8-map-id-fc73651334f76fbacb9920b2bd292de61c7927b00aa67b5cad751dd660dc3e6f:104)
	at b70.a(r8-map-id-fc73651334f76fbacb9920b2bd292de61c7927b00aa67b5cad751dd660dc3e6f:215)
	at sf5.b(r8-map-id-fc73651334f76fbacb9920b2bd292de61c7927b00aa67b5cad751dd660dc3e6f:104)
	at jf5.g(r8-map-id-fc73651334f76fbacb9920b2bd292de61c7927b00aa67b5cad751dd660dc3e6f:92)
	at gf5.run(r8-map-id-fc73651334f76fbacb9920b2bd292de61c7927b00aa67b5cad751dd660dc3e6f:42)
	at java.util.concurrent.ThreadPoolExecutor.runWorker(ThreadPoolExecutor.java:1154)
	at java.util.concurrent.ThreadPoolExecutor$Worker.run(ThreadPoolExecutor.java:652)
	at java.lang.Thread.run(Thread.java:1564)
Caused by: android.system.GaiException: android_getaddrinfo failed: EAI_NODATA (No address associated with hostname)
	at libcore.io.Linux.android_getaddrinfo(Native Method)
	at libcore.io.ForwardingOs.android_getaddrinfo(ForwardingOs.java:134)
	at libcore.io.BlockGuardOs.android_getaddrinfo(BlockGuardOs.java:222)
	at libcore.io.ForwardingOs.android_getaddrinfo(ForwardingOs.java:134)
	at java.net.Inet6AddressImpl.lookupHostByName(Inet6AddressImpl.java:135)
	... 18 more

2026-04-07T19:47:27.528316Z Warn: WebSocket disconnected, retrying in 5000ms
2026-04-07T19:47:32.461988Z Info: (AppLoadingViewModel) AuthState: Loading
2026-04-07T19:47:32.476136Z Info: (YouAuthFlowManager) Session restored for michael.seifert.page
2026-04-07T19:47:32.62619Z Info: (AppLoadingViewModel) AuthState: Authenticated
2026-04-07T19:47:32.677135Z Debug: ConversationStream: start() — loading full conversation list from DB
2026-04-07T19:47:32.680192Z Debug: Fetching connected and blocked connections in parallel...
2026-04-07T19:47:32.680516Z Info: Connecting to WebSocket at wss://michael.seifert.page/api/apps/v1/notify/ws
2026-04-07T19:47:32.769041Z Debug: (ConversationQueries) Fetched rows=81 in 91ms
2026-04-07T19:47:32.769339Z Debug: (ConversationQueries) Mapping row[0] | convSize=1385 hasMsg=true
2026-04-07T19:47:32.781266Z Debug: (ConversationQueries) Mapping row[1] | convSize=1385 hasMsg=true
2026-04-07T19:47:32.782039Z Debug: (ConversationQueries) Mapping row[2] | convSize=1313 hasMsg=true
2026-04-07T19:47:32.782663Z Debug: (ConversationQueries) Mapping row[3] | convSize=1846 hasMsg=true
2026-04-07T19:47:32.783706Z Debug: (ConversationQueries) Mapping row[4] | convSize=1399 hasMsg=true
2026-04-07T19:47:32.784273Z Debug: (ConversationQueries) Mapping row[5] | convSize=1195 hasMsg=true
2026-04-07T19:47:32.784761Z Debug: (ConversationQueries) Mapping row[6] | convSize=1444 hasMsg=true
2026-04-07T19:47:32.785474Z Debug: (ConversationQueries) Mapping row[7] | convSize=1387 hasMsg=true
2026-04-07T19:47:32.786075Z Debug: (ConversationQueries) Mapping row[8] | convSize=1369 hasMsg=true
2026-04-07T19:47:32.786696Z Debug: (ConversationQueries) Mapping row[9] | convSize=1407 hasMsg=true
2026-04-07T19:47:32.787231Z Debug: (ConversationQueries) Mapping row[10] | convSize=1394 hasMsg=true
2026-04-07T19:47:32.788026Z Debug: (ConversationQueries) Mapping row[11] | convSize=1186 hasMsg=true
2026-04-07T19:47:32.788827Z Debug: (ConversationQueries) Mapping row[12] | convSize=1396 hasMsg=true
2026-04-07T19:47:32.7896Z Debug: (ConversationQueries) Mapping row[13] | convSize=3763 hasMsg=true
2026-04-07T19:47:32.790586Z Debug: (ConversationQueries) Mapping row[14] | convSize=1734 hasMsg=true
2026-04-07T19:47:32.791249Z Debug: (ConversationQueries) Mapping row[15] | convSize=1446 hasMsg=true
2026-04-07T19:47:32.791862Z Debug: (ConversationQueries) Mapping row[16] | convSize=1903 hasMsg=true
2026-04-07T19:47:32.792589Z Debug: (ConversationQueries) Mapping row[17] | convSize=1401 hasMsg=true
2026-04-07T19:47:32.793165Z Debug: (ConversationQueries) Mapping row[18] | convSize=1395 hasMsg=true
2026-04-07T19:47:32.79375Z Debug: (ConversationQueries) Mapping row[19] | convSize=1288 hasMsg=true
2026-04-07T19:47:32.794325Z Debug: (ConversationQueries) Mapping row[20] | convSize=1302 hasMsg=true
2026-04-07T19:47:32.794906Z Debug: (ConversationQueries) Mapping row[21] | convSize=1230 hasMsg=true
2026-04-07T19:47:32.795543Z Debug: (ConversationQueries) Mapping row[22] | convSize=1510 hasMsg=true
2026-04-07T19:47:32.796164Z Debug: (ConversationQueries) Mapping row[23] | convSize=1389 hasMsg=true
2026-04-07T19:47:32.796765Z Debug: (ConversationQueries) Mapping row[24] | convSize=1449 hasMsg=true
2026-04-07T19:47:32.797354Z Debug: (ConversationQueries) Mapping row[25] | convSize=1442 hasMsg=true
2026-04-07T19:47:32.79802Z Debug: (ConversationQueries) Mapping row[26] | convSize=1325 hasMsg=true
2026-04-07T19:47:32.798595Z Debug: (ConversationQueries) Mapping row[27] | convSize=1401 hasMsg=true
2026-04-07T19:47:32.79919Z Debug: (ConversationQueries) Mapping row[28] | convSize=1393 hasMsg=true
2026-04-07T19:47:32.799926Z Debug: (ConversationQueries) Mapping row[29] | convSize=1401 hasMsg=true
2026-04-07T19:47:32.800527Z Debug: (ConversationQueries) Mapping row[30] | convSize=1406 hasMsg=true
2026-04-07T19:47:32.801094Z Debug: (ConversationQueries) Mapping row[31] | convSize=1402 hasMsg=true
2026-04-07T19:47:32.801623Z Debug: (ConversationQueries) Mapping row[32] | convSize=1278 hasMsg=true
2026-04-07T19:47:32.802141Z Debug: (ConversationQueries) Mapping row[33] | convSize=1215 hasMsg=true
2026-04-07T19:47:32.802676Z Debug: (ConversationQueries) Mapping row[34] | convSize=1410 hasMsg=true
2026-04-07T19:47:32.803718Z Debug: (ConversationQueries) Mapping row[35] | convSize=1426 hasMsg=true
2026-04-07T19:47:32.804509Z Debug: (ConversationQueries) Mapping row[36] | convSize=1308 hasMsg=true
2026-04-07T19:47:32.80513Z Debug: (ConversationQueries) Mapping row[37] | convSize=1417 hasMsg=true
2026-04-07T19:47:32.805751Z Debug: (ConversationQueries) Mapping row[38] | convSize=1428 hasMsg=true
2026-04-07T19:47:32.806916Z Debug: (ConversationQueries) Mapping row[39] | convSize=1279 hasMsg=true
2026-04-07T19:47:32.807716Z Debug: (ConversationQueries) Mapping row[40] | convSize=1142 hasMsg=true
2026-04-07T19:47:32.808221Z Debug: (ConversationQueries) Mapping row[41] | convSize=1339 hasMsg=true
2026-04-07T19:47:32.808817Z Debug: (ConversationQueries) Mapping row[42] | convSize=1451 hasMsg=true
2026-04-07T19:47:32.809349Z Debug: (ConversationQueries) Mapping row[43] | convSize=1187 hasMsg=true
2026-04-07T19:47:32.809792Z Debug: (ConversationQueries) Mapping row[44] | convSize=1293 hasMsg=true
2026-04-07T19:47:32.810306Z Debug: (ConversationQueries) Mapping row[45] | convSize=1456 hasMsg=true
2026-04-07T19:47:32.810819Z Debug: (ConversationQueries) Mapping row[46] | convSize=1405 hasMsg=true
2026-04-07T19:47:32.811392Z Debug: (ConversationQueries) Mapping row[47] | convSize=1325 hasMsg=true
2026-04-07T19:47:32.81192Z Debug: (ConversationQueries) Mapping row[48] | convSize=1375 hasMsg=true
2026-04-07T19:47:32.812649Z Debug: (ConversationQueries) Mapping row[49] | convSize=1387 hasMsg=true
2026-04-07T19:47:32.813193Z Debug: (ConversationQueries) Mapping row[50] | convSize=1199 hasMsg=true
2026-04-07T19:47:32.813781Z Debug: (ConversationQueries) Mapping row[51] | convSize=1082 hasMsg=true
2026-04-07T19:47:32.814173Z Debug: (ConversationQueries) Mapping row[52] | convSize=1341 hasMsg=true
2026-04-07T19:47:32.814753Z Debug: (ConversationQueries) Mapping row[53] | convSize=1185 hasMsg=true
2026-04-07T19:47:32.815385Z Debug: (ConversationQueries) Mapping row[54] | convSize=1157 hasMsg=true
2026-04-07T19:47:32.815729Z Debug: (ConversationQueries) Mapping row[55] | convSize=1208 hasMsg=true
2026-04-07T19:47:32.816195Z Debug: (ConversationQueries) Mapping row[56] | convSize=1343 hasMsg=true
2026-04-07T19:47:32.816618Z Debug: (ConversationQueries) Mapping row[57] | convSize=1012 hasMsg=true
2026-04-07T19:47:32.816996Z Debug: (ConversationQueries) Mapping row[58] | convSize=1322 hasMsg=true
2026-04-07T19:47:32.817425Z Debug: (ConversationQueries) Mapping row[59] | convSize=941 hasMsg=true
2026-04-07T19:47:32.819211Z Debug: (ConversationQueries) Mapping row[60] | convSize=1215 hasMsg=true
2026-04-07T19:47:32.820377Z Debug: (ConversationQueries) Mapping row[61] | convSize=1362 hasMsg=true
2026-04-07T19:47:32.821086Z Debug: (ConversationQueries) Mapping row[62] | convSize=1220 hasMsg=true
2026-04-07T19:47:32.821991Z Debug: (ConversationQueries) Mapping row[63] | convSize=1312 hasMsg=true
2026-04-07T19:47:32.822576Z Debug: (ConversationQueries) Mapping row[64] | convSize=1273 hasMsg=true
2026-04-07T19:47:32.823103Z Debug: (ConversationQueries) Mapping row[65] | convSize=1433 hasMsg=true
2026-04-07T19:47:32.824033Z Debug: (ConversationQueries) Mapping row[66] | convSize=1060 hasMsg=true
2026-04-07T19:47:32.824493Z Debug: (ConversationQueries) Mapping row[67] | convSize=1041 hasMsg=true
2026-04-07T19:47:32.824858Z Debug: (ConversationQueries) Mapping row[68] | convSize=1045 hasMsg=true
2026-04-07T19:47:32.825197Z Debug: (ConversationQueries) Mapping row[69] | convSize=1036 hasMsg=true
2026-04-07T19:47:32.825962Z Debug: (ConversationQueries) Mapping row[70] | convSize=1065 hasMsg=true
2026-04-07T19:47:32.826189Z Debug: (ConversationQueries) Mapping row[71] | convSize=1054 hasMsg=true
2026-04-07T19:47:32.826379Z Debug: (ConversationQueries) Mapping row[72] | convSize=1147 hasMsg=true
2026-04-07T19:47:32.829245Z Debug: (ConversationQueries) Mapping row[73] | convSize=1086 hasMsg=true
2026-04-07T19:47:32.829645Z Debug: (ConversationQueries) Mapping row[74] | convSize=980 hasMsg=false
2026-04-07T19:47:32.829839Z Debug: (ConversationQueries) Mapping row[75] | convSize=1088 hasMsg=false
2026-04-07T19:47:32.830005Z Debug: (ConversationQueries) Mapping row[76] | convSize=1230 hasMsg=false
2026-04-07T19:47:32.830299Z Debug: (ConversationQueries) Mapping row[77] | convSize=1256 hasMsg=false
2026-04-07T19:47:32.830606Z Debug: (ConversationQueries) Mapping row[78] | convSize=1331 hasMsg=false
2026-04-07T19:47:32.830966Z Debug: (ConversationQueries) Mapping row[79] | convSize=1478 hasMsg=false
2026-04-07T19:47:32.831294Z Debug: (ConversationQueries) Mapping row[80] | convSize=1121 hasMsg=false
2026-04-07T19:47:32.831622Z Debug: (ConversationQueries) Completed mapping 81 rows in 154ms
2026-04-07T19:47:32.863807Z Debug: Sent WebSocket command: establishConnectionRequest
2026-04-07T19:47:32.872098Z Warn: Message (uid: de356785-29aa-a5a0-d2ea-18dcb6c7ec5b) with no version and not edited has null userDate. using authorSpecificDate
2026-04-07T19:47:32.872281Z Warn: See File here: https://michael.seifert.page/owner/drives/9ff813aff2d61e2f9b9db189e72d1a11_66ea8355ae4155c39b5a719166b510e3/de356785-29aa-a5a0-d2ea-18dcb6c7ec5b
2026-04-07T19:47:32.873145Z Warn: Message (uid: f45e5933-379b-75d8-39e5-2db7b829c1af) with no version and not edited has null userDate. using authorSpecificDate
2026-04-07T19:47:32.873473Z Warn: See File here: https://michael.seifert.page/owner/drives/9ff813aff2d61e2f9b9db189e72d1a11_66ea8355ae4155c39b5a719166b510e3/f45e5933-379b-75d8-39e5-2db7b829c1af
2026-04-07T19:47:32.873746Z Warn: Message (uid: 8a45b621-2b80-047c-8aba-74f0bfdef69a) with no version and not edited has null userDate. using authorSpecificDate
2026-04-07T19:47:32.873838Z Warn: See File here: https://michael.seifert.page/owner/drives/9ff813aff2d61e2f9b9db189e72d1a11_66ea8355ae4155c39b5a719166b510e3/8a45b621-2b80-047c-8aba-74f0bfdef69a
2026-04-07T19:47:32.874344Z Warn: Message (uid: ecb79a22-54cc-dda1-170e-35f412aae67d) with no version and not edited has null userDate. using authorSpecificDate
2026-04-07T19:47:32.874762Z Warn: See File here: https://michael.seifert.page/owner/drives/9ff813aff2d61e2f9b9db189e72d1a11_66ea8355ae4155c39b5a719166b510e3/ecb79a22-54cc-dda1-170e-35f412aae67d
2026-04-07T19:47:32.875484Z Warn: Message (uid: 48c75f9c-c91e-b0de-c713-931550fb0b00) with no version and not edited has null userDate. using authorSpecificDate
2026-04-07T19:47:32.875729Z Warn: See File here: https://michael.seifert.page/owner/drives/9ff813aff2d61e2f9b9db189e72d1a11_66ea8355ae4155c39b5a719166b510e3/48c75f9c-c91e-b0de-c713-931550fb0b00
2026-04-07T19:47:32.876491Z Warn: Message (uid: 57c41e8f-ea64-2ccf-3beb-959f777f6797) with no version and not edited has null userDate. using authorSpecificDate
2026-04-07T19:47:32.876659Z Warn: See File here: https://michael.seifert.page/owner/drives/9ff813aff2d61e2f9b9db189e72d1a11_66ea8355ae4155c39b5a719166b510e3/57c41e8f-ea64-2ccf-3beb-959f777f6797
2026-04-07T19:47:32.877Z Debug: (ExtendPermissionViewModel) All permissions are granted
2026-04-07T19:47:33.024425Z Debug: Loaded connections 65 connected, 0 blocked
2026-04-07T19:47:33.103835Z Info: Device handshake successful
2026-04-07T19:47:33.601697Z Error: (HomebaseImageLoader) Non-retriable exception: Not found
2026-04-07T19:47:34.994388Z Info: (ShareShortcutPublisher) Published 8 share shortcuts
2026-04-07T19:47:35.309836Z Debug: ConversationStream: unreadSync convo=7efd01ba-b36d-7d7d-879c-b1e64d0ba0e1 0->8
2026-04-07T19:47:35.310507Z Debug: ConversationStream: unreadSync convo=64faac9c-b3ba-4d01-95d0-32bbf63e9381 0->438
2026-04-07T19:47:35.312319Z Debug: ConversationStream: unreadSync convo=cd07bf14-80eb-404d-875b-c9baeec738dd 0->38
2026-04-07T19:47:35.312526Z Debug: ConversationStream: unreadSync convo=defc4a16-5ac3-442a-9ed1-79e8ed9752cd 0->1
2026-04-07T19:47:35.314142Z Debug: ConversationStream: unreadSync convo=4457cee7-35a0-420f-8a94-da869a5b4544 0->2
2026-04-07T19:47:35.314343Z Debug: ConversationStream: unreadSync convo=e77a3249-add3-4f4a-9c1a-e5737ad322bf 0->74
2026-04-07T19:47:35.315725Z Debug: ConversationStream: unreadSync convo=8ae3c31a-fb4e-476a-92c7-d50d93f77255 0->7
2026-04-07T19:47:35.316156Z Debug: ConversationStream: unreadSync convo=256769a8-d816-d468-aef4-7e258eece4ff 0->4
2026-04-07T19:47:35.316617Z Debug: ConversationStream: unreadSync convo=901d4566-9493-42be-b77a-7964de6ce295 0->1
2026-04-07T19:47:35.317045Z Debug: ConversationStream: unreadSync convo=50abcb2d-0f8c-4257-826c-a33da11654b3 0->319
2026-04-07T19:47:35.317431Z Debug: ConversationStream: unreadSync convo=7c2e8b7d-6053-47ee-baee-7e355f72207c 0->1
2026-04-07T19:47:35.31788Z Debug: ConversationStream: unreadSync convo=537c8c57-c213-4c7e-87d9-d38719232c6a 0->2
2026-04-07T19:47:35.318381Z Debug: ConversationStream: unreadSync convo=540302b7-1887-4aae-ae93-2ae7a33e7285 0->42
2026-04-07T19:47:35.318776Z Debug: ConversationStream: unreadSync convo=c9f4b0ec-db00-98ed-ff4f-fcdd14ed54c6 0->1
2026-04-07T19:47:35.319228Z Debug: ConversationStream: unreadSync convo=b71b603d-532f-4d50-835f-8aff22ca6fc1 0->121
2026-04-07T19:47:35.319703Z Debug: ConversationStream: unreadSync convo=6cfb2586-7aa9-4a29-9043-a1d5b6ba8255 0->108
2026-04-07T19:47:35.320447Z Debug: ConversationStream: unreadSync convo=7d8d0e6e-0720-6d89-db95-3f090df5892d 0->8
2026-04-07T19:47:35.320784Z Debug: ConversationStream: unreadSync convo=ef9bf7d7-5e71-4c95-9e28-dcb4a625f55e 0->391
2026-04-07T19:47:35.321119Z Debug: ConversationStream: unreadSync convo=24fe7a52-d7dd-f64d-a9fa-87885f333253 0->45
2026-04-07T19:47:35.321538Z Debug: ConversationStream: unreadSync convo=27e0c227-f8cb-4c01-a896-5c8c4b222764 0->1
2026-04-07T19:47:35.321891Z Debug: ConversationStream: unreadSync convo=fcb0d12e-f85b-467c-9af4-c944bc9f4bad 0->51
2026-04-07T19:47:35.322238Z Debug: ConversationStream: unreadSync convo=9ac83b4c-d762-5695-289e-d4ce407cfe3a 0->15
2026-04-07T19:47:35.322698Z Debug: ConversationStream: unreadSync convo=e028c85f-f04d-4600-8946-3d3a8be543f4 0->156
2026-04-07T19:47:35.323103Z Debug: ConversationStream: unreadSync convo=e60fd221-ef31-4323-aa52-52691c4946a3 0->59
2026-04-07T19:47:35.323485Z Debug: ConversationStream: unreadSync convo=b3c628f2-1eed-41da-87d6-030909099afd 0->31
2026-04-07T19:47:35.323808Z Debug: ConversationStream: unreadSync convo=7e9ef437-9e71-48b7-b32d-6df219712c9f 0->9
2026-04-07T19:47:35.324195Z Debug: ConversationStream: unreadSync convo=928bed18-cd75-4125-9b17-9c16f4c84f58 0->35
2026-04-07T19:47:35.324519Z Debug: ConversationStream: unreadSync convo=d2065d2b-8563-405f-b5cb-1392405572d0 0->85
2026-04-07T19:47:35.324811Z Debug: ConversationStream: unreadSync convo=4b477621-9635-0ae8-c70e-83f3391d9ea2 0->26
2026-04-07T19:47:35.32546Z Debug: ConversationStream: unreadSync convo=b9950f88-30ce-d1de-8f5a-b9896186aa9c 0->136
2026-04-07T19:47:35.325628Z Debug: ConversationStream: unreadSync convo=83fa0e00-51d6-44f8-9f17-0f6eb7f2608c 0->14
2026-04-07T19:47:35.326254Z Debug: ConversationStream: unreadSync convo=6dc335e4-fe66-4280-abf4-24b77616b95f 0->10
2026-04-07T19:47:35.326622Z Debug: ConversationStream: unreadSync convo=20454198-aafa-132f-e06c-54bb71b8c3d2 0->263
2026-04-07T19:47:35.327044Z Debug: ConversationStream: unreadSync convo=09111249-7397-ca96-1fea-e608f66ecb71 0->23
2026-04-07T19:47:35.32732Z Debug: ConversationStream: unreadSync convo=0cdbc6ac-ed6b-43e2-b83e-ce2f9b38ddf9 0->2
2026-04-07T19:47:35.327554Z Debug: ConversationStream: unreadSync convo=e7c825b8-a432-40a8-a54a-daa66d65d7c3 0->2
2026-04-07T19:47:35.327946Z Debug: ConversationStream: unreadSync convo=885de453-b30f-457b-b352-b6c08d84c126 0->155
2026-04-07T19:47:35.328466Z Debug: ConversationStream: unreadSync convo=0b81acf2-8d3f-463e-b940-44b50607035e 0->8
2026-04-07T19:47:35.328581Z Debug: ConversationStream: unreadSync convo=979b2fbf-3be1-446e-8675-9a1ca1ceb5c3 0->1
2026-04-07T19:47:35.328709Z Debug: ConversationStream: unreadSync convo=add729a6-6dc6-b47a-a668-454cf7acd0fd 0->151
2026-04-07T19:47:35.328781Z Debug: ConversationStream: unreadSync convo=e42ef4fd-db45-604c-6e52-a542de983f2c 0->19
2026-04-07T19:47:35.328888Z Debug: ConversationStream: unreadSync convo=c09df4f4-0a75-4d49-8b5c-964111f6b99b 0->37
2026-04-07T19:47:35.328957Z Debug: ConversationStream: unreadSync convo=f2accf21-7fed-464f-935c-985731548f1c 0->20
2026-04-07T19:47:35.329073Z Debug: ConversationStream: unreadSync convo=c77ffde9-e02e-4c33-ad53-1091298bff32 0->20
2026-04-07T19:47:35.329143Z Debug: ConversationStream: unreadSync convo=f5956962-980e-4935-b444-db7a731f1991 0->1
2026-04-07T19:47:35.32921Z Debug: ConversationStream: unreadSync convo=b3960378-a16e-4cb4-a6cc-faaa56b30e9c 0->2
2026-04-07T19:47:35.329288Z Debug: ConversationStream: unreadSync convo=82bdd5a1-852a-4f34-bb9f-eeed6055a916 0->2
2026-04-07T19:47:35.32935Z Debug: ConversationStream: unreadSync convo=7dcfe659-9d61-4401-ae7c-364ac8a1b9df 0->6
2026-04-07T19:47:35.329424Z Debug: ConversationStream: unreadSync convo=37522d23-6764-4757-a192-fc47ab3937a1 0->8
2026-04-07T19:47:35.329483Z Debug: ConversationStream: unreadSync convo=d31b0ee6-a1fb-44bc-93cf-446444666323 0->4
2026-04-07T19:47:35.329551Z Debug: ConversationStream: unreadSync convo=d32372c1-c1c8-41d8-be89-85865d89100a 0->5
2026-04-07T19:47:35.555242Z Debug: Sent WebSocket command: processInbox
2026-04-07T19:47:35.555897Z Debug: Sent WebSocket command: processInbox
2026-04-07T19:47:35.556093Z Debug: Sent WebSocket command: processInbox
2026-04-07T19:47:35.556505Z Info: Synchronizing drive 9ff813af-f2d6-1e2f-9b9d-b189e72d1a11
2026-04-07T19:47:35.556465Z Info: Synchronizing drive 2612429d-1c3f-0372-82b8-d42fb2cc0499
2026-04-07T19:47:35.556501Z Info: Synchronizing drive 4db49422-ebad-02e9-9ab9-6e9c477d1e08
2026-04-07T19:47:35.60951Z Info: Received 0 records from QueryBatch() on Drive 9ff813af-f2d6-1e2f-9b9d-b189e72d1a11
2026-04-07T19:47:35.609907Z Debug: DriveSync: all DB writes complete for drive 9ff813af-f2d6-1e2f-9b9d-b189e72d1a11 (0 total records)
2026-04-07T19:47:35.610785Z Debug: ConversationStream: Stopped(totalCount=0)
2026-04-07T19:47:35.610959Z Debug: ChatMessageStream: Stopped(totalCount=0)
2026-04-07T19:47:35.611413Z Debug: Drive 9ff813af-f2d6-1e2f-9b9d-b189e72d1a11 synchronized with 0 records read.
2026-04-07T19:47:35.648782Z Info: Received 0 records from QueryBatch() on Drive 2612429d-1c3f-0372-82b8-d42fb2cc0499
2026-04-07T19:47:35.649261Z Debug: DriveSync: all DB writes complete for drive 2612429d-1c3f-0372-82b8-d42fb2cc0499 (0 total records)
2026-04-07T19:47:35.649604Z Info: Received 0 records from QueryBatch() on Drive 4db49422-ebad-02e9-9ab9-6e9c477d1e08
2026-04-07T19:47:35.650278Z Debug: Drive 2612429d-1c3f-0372-82b8-d42fb2cc0499 synchronized with 0 records read.
2026-04-07T19:47:35.650195Z Debug: DriveSync: all DB writes complete for drive 4db49422-ebad-02e9-9ab9-6e9c477d1e08 (0 total records)
2026-04-07T19:47:35.654969Z Debug: Drive 4db49422-ebad-02e9-9ab9-6e9c477d1e08 synchronized with 0 records read.
2026-04-07T19:47:35.68621Z Info: Popping Outbox
2026-04-07T19:47:35.687761Z Info: No more items in outbox
2026-04-07T19:47:35.846083Z Error: (HomebaseImageLoader) Non-retriable exception: Not found
2026-04-07T19:47:45.845361Z Debug: ChatMessageStream: loadConversation(defc4a16-5ac3-442a-9ed1-79e8ed9752cd)
2026-04-07T19:47:45.846856Z Info: (ConversationListUi) Navigating to detail for defc4a16-5ac3-442a-9ed1-79e8ed9752cd
2026-04-07T19:47:45.855444Z Info: Pre-initializing empty scroll position: id=defc4a16-5ac3-442a-9ed1-79e8ed9752cd
2026-04-07T19:47:46.079612Z Debug: ChatMessageStream: loadConversation(defc4a16-5ac3-442a-9ed1-79e8ed9752cd) → 2 messages
2026-04-07T19:47:46.081588Z Info: Getting saved scroll position
2026-04-07T19:47:46.095756Z Info: Pre-initializing scroll position: id=defc4a16-5ac3-442a-9ed1-79e8ed9752cd -> 0:0
2026-04-07T19:47:46.121153Z Info: (ConversationListUi) Restore detail pane for defc4a16-5ac3-442a-9ed1-79e8ed9752cd
2026-04-07T19:47:46.423833Z Info: Scroll changed: id=defc4a16-5ac3-442a-9ed1-79e8ed9752cd -> 0:0
2026-04-07T19:47:46.877377Z Debug: markAsRead: convo=defc4a16-5ac3-442a-9ed1-79e8ed9752cd unread=1/2 newReadTime=1775591266878
2026-04-07T19:47:46.878097Z Debug: markAsRead: convo=defc4a16-5ac3-442a-9ed1-79e8ed9752cd endTime=1773391104537
2026-04-07T19:47:47.179204Z Debug: ConversationStream: unreadSync convo=defc4a16-5ac3-442a-9ed1-79e8ed9752cd 1->0
2026-04-07T19:47:47.195432Z Info: Popping Outbox
2026-04-07T19:47:47.209978Z Info: Popping Outbox
2026-04-07T19:47:47.211423Z Info: Log the data from the outboxRecord here...
2026-04-07T19:47:47.216927Z Info: No more items in outbox
2026-04-07T19:47:47.585635Z Info: Popping Outbox
2026-04-07T19:47:47.589244Z Info: No more items in outbox
2026-04-07T19:47:47.701613Z Error: (HomebaseImageLoader) Non-retriable exception: Not found
2026-04-07T19:47:47.77101Z Info: Synchronizing drive 9ff813af-f2d6-1e2f-9b9d-b189e72d1a11
2026-04-07T19:47:47.906935Z Info: Received 1 records from QueryBatch() on Drive 9ff813af-f2d6-1e2f-9b9d-b189e72d1a11
2026-04-07T19:47:47.907465Z Debug: DriveSync: batch contains 1 chat conversation(s): [defc4a16-5ac3-442a-9ed1-79e8ed9752cd]
2026-04-07T19:47:47.927195Z Debug: ChatMessageStream: processIncrementalBatch 1 messages across 1 conversation(s)
2026-04-07T19:47:47.927126Z Debug: DriveSync: all DB writes complete for drive 9ff813af-f2d6-1e2f-9b9d-b189e72d1a11 (1 total records)
2026-04-07T19:47:47.928093Z Debug: ChatMessageStream: Stopped(totalCount=1)
2026-04-07T19:47:47.928131Z Debug: Drive 9ff813af-f2d6-1e2f-9b9d-b189e72d1a11 synchronized with 1 records read.
2026-04-07T19:47:47.928018Z Debug: ConversationStream: BatchReceived 1 files (conversations=0, messages=1, adminFiles=0)
2026-04-07T19:47:47.929262Z Debug: ConversationStream: Stopped(totalCount=1)
2026-04-07T19:47:48.450385Z Error: (HomebaseImageLoader) Non-retriable exception: Not found
2026-04-07T19:47:50.115715Z Info: (ShareShortcutPublisher) Published 8 share shortcuts
2026-04-07T19:47:54.039438Z Debug: ConversationStream: start() — loading full conversation list from DB
2026-04-07T19:47:54.10555Z Error: (HomebaseImageLoader) Non-retriable exception: Not found
2026-04-07T19:47:54.287429Z Debug: (ConversationQueries) Fetched rows=81 in 248ms
2026-04-07T19:47:54.287668Z Debug: (ConversationQueries) Mapping row[0] | convSize=1385 hasMsg=true
2026-04-07T19:47:54.29024Z Debug: (ConversationQueries) Mapping row[1] | convSize=1385 hasMsg=true
2026-04-07T19:47:54.292322Z Debug: (ConversationQueries) Mapping row[2] | convSize=1313 hasMsg=true
2026-04-07T19:47:54.294193Z Debug: (ConversationQueries) Mapping row[3] | convSize=1846 hasMsg=true
2026-04-07T19:47:54.296535Z Debug: (ConversationQueries) Mapping row[4] | convSize=1399 hasMsg=true
2026-04-07T19:47:54.297192Z Debug: (ConversationQueries) Mapping row[5] | convSize=1195 hasMsg=true
2026-04-07T19:47:54.297791Z Debug: (ConversationQueries) Mapping row[6] | convSize=1444 hasMsg=true
2026-04-07T19:47:54.29857Z Debug: (ConversationQueries) Mapping row[7] | convSize=1387 hasMsg=true
2026-04-07T19:47:54.299153Z Debug: (ConversationQueries) Mapping row[8] | convSize=1369 hasMsg=true
2026-04-07T19:47:54.29976Z Debug: (ConversationQueries) Mapping row[9] | convSize=1407 hasMsg=true
2026-04-07T19:47:54.300645Z Debug: (ConversationQueries) Mapping row[10] | convSize=1394 hasMsg=true
2026-04-07T19:47:54.301424Z Debug: (ConversationQueries) Mapping row[11] | convSize=1186 hasMsg=true
2026-04-07T19:47:54.302305Z Debug: (ConversationQueries) Mapping row[12] | convSize=1396 hasMsg=true
2026-04-07T19:47:54.303242Z Debug: (ConversationQueries) Mapping row[13] | convSize=3763 hasMsg=true
2026-04-07T19:47:54.304454Z Debug: (ConversationQueries) Mapping row[14] | convSize=1734 hasMsg=true
2026-04-07T19:47:54.305323Z Debug: (ConversationQueries) Mapping row[15] | convSize=1446 hasMsg=true
2026-04-07T19:47:54.306552Z Debug: (ConversationQueries) Mapping row[16] | convSize=1903 hasMsg=true
2026-04-07T19:47:54.307752Z Debug: (ConversationQueries) Mapping row[17] | convSize=1401 hasMsg=true
2026-04-07T19:47:54.308802Z Debug: (ConversationQueries) Mapping row[18] | convSize=1395 hasMsg=true
2026-04-07T19:47:54.309522Z Debug: (ConversationQueries) Mapping row[19] | convSize=1288 hasMsg=true
2026-04-07T19:47:54.310269Z Debug: (ConversationQueries) Mapping row[20] | convSize=1302 hasMsg=true
2026-04-07T19:47:54.310917Z Debug: (ConversationQueries) Mapping row[21] | convSize=1230 hasMsg=true
2026-04-07T19:47:54.31157Z Debug: (ConversationQueries) Mapping row[22] | convSize=1510 hasMsg=true
2026-04-07T19:47:54.312436Z Debug: (ConversationQueries) Mapping row[23] | convSize=1389 hasMsg=true
2026-04-07T19:47:54.312984Z Debug: (ConversationQueries) Mapping row[24] | convSize=1449 hasMsg=true
2026-04-07T19:47:54.313539Z Debug: (ConversationQueries) Mapping row[25] | convSize=1442 hasMsg=true
2026-04-07T19:47:54.314119Z Debug: (ConversationQueries) Mapping row[26] | convSize=1325 hasMsg=true
2026-04-07T19:47:54.314643Z Debug: (ConversationQueries) Mapping row[27] | convSize=1401 hasMsg=true
2026-04-07T19:47:54.315244Z Debug: (ConversationQueries) Mapping row[28] | convSize=1393 hasMsg=true
2026-04-07T19:47:54.31596Z Debug: (ConversationQueries) Mapping row[29] | convSize=1401 hasMsg=true
2026-04-07T19:47:54.316602Z Debug: (ConversationQueries) Mapping row[30] | convSize=1406 hasMsg=true
2026-04-07T19:47:54.31721Z Debug: (ConversationQueries) Mapping row[31] | convSize=1402 hasMsg=true
2026-04-07T19:47:54.317792Z Debug: (ConversationQueries) Mapping row[32] | convSize=1278 hasMsg=true
2026-04-07T19:47:54.318279Z Debug: (ConversationQueries) Mapping row[33] | convSize=1215 hasMsg=true
2026-04-07T19:47:54.318857Z Debug: (ConversationQueries) Mapping row[34] | convSize=1410 hasMsg=true
2026-04-07T19:47:54.319415Z Debug: (ConversationQueries) Mapping row[35] | convSize=1426 hasMsg=true
2026-04-07T19:47:54.319916Z Debug: (ConversationQueries) Mapping row[36] | convSize=1308 hasMsg=true
2026-04-07T19:47:54.320499Z Debug: (ConversationQueries) Mapping row[37] | convSize=1417 hasMsg=true
2026-04-07T19:47:54.321072Z Debug: (ConversationQueries) Mapping row[38] | convSize=1428 hasMsg=true
2026-04-07T19:47:54.321597Z Debug: (ConversationQueries) Mapping row[39] | convSize=1279 hasMsg=true
2026-04-07T19:47:54.322029Z Debug: (ConversationQueries) Mapping row[40] | convSize=1142 hasMsg=true
2026-04-07T19:47:54.323745Z Debug: (ConversationQueries) Mapping row[41] | convSize=1339 hasMsg=true
2026-04-07T19:47:54.324525Z Debug: (ConversationQueries) Mapping row[42] | convSize=1451 hasMsg=true
2026-04-07T19:47:54.325897Z Debug: (ConversationQueries) Mapping row[43] | convSize=1187 hasMsg=true
2026-04-07T19:47:54.326413Z Debug: (ConversationQueries) Mapping row[44] | convSize=1293 hasMsg=true
2026-04-07T19:47:54.327033Z Debug: (ConversationQueries) Mapping row[45] | convSize=1456 hasMsg=true
2026-04-07T19:47:54.327593Z Debug: (ConversationQueries) Mapping row[46] | convSize=1405 hasMsg=true
2026-04-07T19:47:54.328179Z Debug: (ConversationQueries) Mapping row[47] | convSize=1325 hasMsg=true
2026-04-07T19:47:54.328759Z Debug: (ConversationQueries) Mapping row[48] | convSize=1375 hasMsg=true
2026-04-07T19:47:54.329402Z Debug: (ConversationQueries) Mapping row[49] | convSize=1387 hasMsg=true
2026-04-07T19:47:54.330013Z Debug: (ConversationQueries) Mapping row[50] | convSize=1199 hasMsg=true
2026-04-07T19:47:54.330586Z Debug: (ConversationQueries) Mapping row[51] | convSize=1082 hasMsg=true
2026-04-07T19:47:54.331115Z Debug: (ConversationQueries) Mapping row[52] | convSize=1341 hasMsg=true
2026-04-07T19:47:54.331676Z Debug: (ConversationQueries) Mapping row[53] | convSize=1185 hasMsg=true
2026-04-07T19:47:54.332751Z Debug: (ConversationQueries) Mapping row[54] | convSize=1157 hasMsg=true
2026-04-07T19:47:54.333536Z Debug: (ConversationQueries) Mapping row[55] | convSize=1208 hasMsg=true
2026-04-07T19:47:54.334216Z Debug: (ConversationQueries) Mapping row[56] | convSize=1343 hasMsg=true
2026-04-07T19:47:54.334826Z Debug: (ConversationQueries) Mapping row[57] | convSize=1012 hasMsg=true
2026-04-07T19:47:54.335308Z Debug: (ConversationQueries) Mapping row[58] | convSize=1322 hasMsg=true
2026-04-07T19:47:54.335851Z Debug: (ConversationQueries) Mapping row[59] | convSize=941 hasMsg=true
2026-04-07T19:47:54.336286Z Debug: (ConversationQueries) Mapping row[60] | convSize=1215 hasMsg=true
2026-04-07T19:47:54.336511Z Debug: (ConversationQueries) Mapping row[61] | convSize=1362 hasMsg=true
2026-04-07T19:47:54.336795Z Debug: (ConversationQueries) Mapping row[62] | convSize=1220 hasMsg=true
2026-04-07T19:47:54.336973Z Debug: (ConversationQueries) Mapping row[63] | convSize=1312 hasMsg=true
2026-04-07T19:47:54.33716Z Debug: (ConversationQueries) Mapping row[64] | convSize=1273 hasMsg=true
2026-04-07T19:47:54.337333Z Debug: (ConversationQueries) Mapping row[65] | convSize=1433 hasMsg=true
2026-04-07T19:47:54.337566Z Debug: (ConversationQueries) Mapping row[66] | convSize=1060 hasMsg=true
2026-04-07T19:47:54.337771Z Debug: (ConversationQueries) Mapping row[67] | convSize=1041 hasMsg=true
2026-04-07T19:47:54.337948Z Debug: (ConversationQueries) Mapping row[68] | convSize=1045 hasMsg=true
2026-04-07T19:47:54.338113Z Debug: (ConversationQueries) Mapping row[69] | convSize=1036 hasMsg=true
2026-04-07T19:47:54.33829Z Debug: (ConversationQueries) Mapping row[70] | convSize=1065 hasMsg=true
2026-04-07T19:47:54.338442Z Debug: (ConversationQueries) Mapping row[71] | convSize=1054 hasMsg=true
2026-04-07T19:47:54.33861Z Debug: (ConversationQueries) Mapping row[72] | convSize=1147 hasMsg=true
2026-04-07T19:47:54.338753Z Debug: (ConversationQueries) Mapping row[73] | convSize=1086 hasMsg=true
2026-04-07T19:47:54.338897Z Debug: (ConversationQueries) Mapping row[74] | convSize=980 hasMsg=false
2026-04-07T19:47:54.339017Z Debug: (ConversationQueries) Mapping row[75] | convSize=1088 hasMsg=false
2026-04-07T19:47:54.340862Z Debug: (ConversationQueries) Mapping row[76] | convSize=1230 hasMsg=false
2026-04-07T19:47:54.341509Z Debug: (ConversationQueries) Mapping row[77] | convSize=1256 hasMsg=false
2026-04-07T19:47:54.341736Z Debug: (ConversationQueries) Mapping row[78] | convSize=1331 hasMsg=false
2026-04-07T19:47:54.342265Z Debug: (ConversationQueries) Mapping row[79] | convSize=1478 hasMsg=false
2026-04-07T19:47:54.342666Z Debug: (ConversationQueries) Mapping row[80] | convSize=1121 hasMsg=false
2026-04-07T19:47:54.342971Z Debug: (ConversationQueries) Completed mapping 81 rows in 303ms
2026-04-07T19:47:54.37748Z Warn: Message (uid: de356785-29aa-a5a0-d2ea-18dcb6c7ec5b) with no version and not edited has null userDate. using authorSpecificDate
2026-04-07T19:47:54.378002Z Warn: See File here: https://michael.seifert.page/owner/drives/9ff813aff2d61e2f9b9db189e72d1a11_66ea8355ae4155c39b5a719166b510e3/de356785-29aa-a5a0-d2ea-18dcb6c7ec5b
2026-04-07T19:47:54.379671Z Warn: Message (uid: f45e5933-379b-75d8-39e5-2db7b829c1af) with no version and not edited has null userDate. using authorSpecificDate
2026-04-07T19:47:54.380104Z Warn: See File here: https://michael.seifert.page/owner/drives/9ff813aff2d61e2f9b9db189e72d1a11_66ea8355ae4155c39b5a719166b510e3/f45e5933-379b-75d8-39e5-2db7b829c1af
2026-04-07T19:47:54.38109Z Warn: Message (uid: 8a45b621-2b80-047c-8aba-74f0bfdef69a) with no version and not edited has null userDate. using authorSpecificDate
2026-04-07T19:47:54.38135Z Warn: See File here: https://michael.seifert.page/owner/drives/9ff813aff2d61e2f9b9db189e72d1a11_66ea8355ae4155c39b5a719166b510e3/8a45b621-2b80-047c-8aba-74f0bfdef69a
2026-04-07T19:47:54.382029Z Warn: Message (uid: ecb79a22-54cc-dda1-170e-35f412aae67d) with no version and not edited has null userDate. using authorSpecificDate
2026-04-07T19:47:54.382128Z Warn: See File here: https://michael.seifert.page/owner/drives/9ff813aff2d61e2f9b9db189e72d1a11_66ea8355ae4155c39b5a719166b510e3/ecb79a22-54cc-dda1-170e-35f412aae67d
2026-04-07T19:47:54.382941Z Warn: Message (uid: 48c75f9c-c91e-b0de-c713-931550fb0b00) with no version and not edited has null userDate. using authorSpecificDate
2026-04-07T19:47:54.383141Z Warn: See File here: https://michael.seifert.page/owner/drives/9ff813aff2d61e2f9b9db189e72d1a11_66ea8355ae4155c39b5a719166b510e3/48c75f9c-c91e-b0de-c713-931550fb0b00
2026-04-07T19:47:54.384154Z Warn: Message (uid: 57c41e8f-ea64-2ccf-3beb-959f777f6797) with no version and not edited has null userDate. using authorSpecificDate
2026-04-07T19:47:54.384684Z Warn: See File here: https://michael.seifert.page/owner/drives/9ff813aff2d61e2f9b9db189e72d1a11_66ea8355ae4155c39b5a719166b510e3/57c41e8f-ea64-2ccf-3beb-959f777f6797
2026-04-07T19:47:54.904516Z Error: (HomebaseImageLoader) Non-retriable exception: Not found
2026-04-07T19:47:55.905817Z Debug: ChatMessageStream: loadConversation(d9f9dbfa-606a-43a0-80f7-b5df9e9a2999)
2026-04-07T19:47:56.11545Z Debug: ChatMessageStream: loadConversation(d9f9dbfa-606a-43a0-80f7-b5df9e9a2999) → 13 messages
2026-04-07T19:47:56.116597Z Info: Getting saved scroll position
2026-04-07T19:47:56.119587Z Info: (ConversationListUi) Restore detail pane for d9f9dbfa-606a-43a0-80f7-b5df9e9a2999
2026-04-07T19:47:56.136369Z Info: Pre-initializing scroll position: id=d9f9dbfa-606a-43a0-80f7-b5df9e9a2999 -> 11:537
2026-04-07T19:47:56.466526Z Info: Scroll changed: id=d9f9dbfa-606a-43a0-80f7-b5df9e9a2999 -> 11:537
2026-04-07T19:47:56.490131Z Info: (ShareShortcutPublisher) Published 8 share shortcuts
2026-04-07T19:47:56.884484Z Debug: markAsRead: convo=d9f9dbfa-606a-43a0-80f7-b5df9e9a2999 unread=0/4 newReadTime=1775591276885
2026-04-07T19:47:57.110072Z Debug: ConversationStream: unreadSync convo=7efd01ba-b36d-7d7d-879c-b1e64d0ba0e1 0->8
2026-04-07T19:47:57.110249Z Debug: ConversationStream: unreadSync convo=64faac9c-b3ba-4d01-95d0-32bbf63e9381 0->438
2026-04-07T19:47:57.11237Z Debug: ConversationStream: unreadSync convo=cd07bf14-80eb-404d-875b-c9baeec738dd 0->38
2026-04-07T19:47:57.112455Z Debug: ConversationStream: unreadSync convo=4457cee7-35a0-420f-8a94-da869a5b4544 0->2
2026-04-07T19:47:57.112969Z Debug: ConversationStream: unreadSync convo=e77a3249-add3-4f4a-9c1a-e5737ad322bf 0->74
2026-04-07T19:47:57.113066Z Debug: ConversationStream: unreadSync convo=8ae3c31a-fb4e-476a-92c7-d50d93f77255 0->7
2026-04-07T19:47:57.113416Z Debug: ConversationStream: unreadSync convo=256769a8-d816-d468-aef4-7e258eece4ff 0->4
2026-04-07T19:47:57.113732Z Debug: ConversationStream: unreadSync convo=901d4566-9493-42be-b77a-7964de6ce295 0->1
2026-04-07T19:47:57.114045Z Debug: ConversationStream: unreadSync convo=50abcb2d-0f8c-4257-826c-a33da11654b3 0->319
2026-04-07T19:47:57.114289Z Debug: ConversationStream: unreadSync convo=7c2e8b7d-6053-47ee-baee-7e355f72207c 0->1
2026-04-07T19:47:57.114532Z Debug: ConversationStream: unreadSync convo=537c8c57-c213-4c7e-87d9-d38719232c6a 0->2
2026-04-07T19:47:57.114794Z Debug: ConversationStream: unreadSync convo=540302b7-1887-4aae-ae93-2ae7a33e7285 0->42
2026-04-07T19:47:57.115041Z Debug: ConversationStream: unreadSync convo=c9f4b0ec-db00-98ed-ff4f-fcdd14ed54c6 0->1
2026-04-07T19:47:57.115298Z Debug: ConversationStream: unreadSync convo=b71b603d-532f-4d50-835f-8aff22ca6fc1 0->121
2026-04-07T19:47:57.115557Z Debug: ConversationStream: unreadSync convo=6cfb2586-7aa9-4a29-9043-a1d5b6ba8255 0->108
2026-04-07T19:47:57.115843Z Debug: ConversationStream: unreadSync convo=7d8d0e6e-0720-6d89-db95-3f090df5892d 0->8
2026-04-07T19:47:57.116201Z Debug: ConversationStream: unreadSync convo=ef9bf7d7-5e71-4c95-9e28-dcb4a625f55e 0->391
2026-04-07T19:47:57.11648Z Debug: ConversationStream: unreadSync convo=24fe7a52-d7dd-f64d-a9fa-87885f333253 0->45
2026-04-07T19:47:57.116795Z Debug: ConversationStream: unreadSync convo=27e0c227-f8cb-4c01-a896-5c8c4b222764 0->1
2026-04-07T19:47:57.117375Z Debug: ConversationStream: unreadSync convo=fcb0d12e-f85b-467c-9af4-c944bc9f4bad 0->51
2026-04-07T19:47:57.11765Z Debug: ConversationStream: unreadSync convo=9ac83b4c-d762-5695-289e-d4ce407cfe3a 0->15
2026-04-07T19:47:57.117918Z Debug: ConversationStream: unreadSync convo=e028c85f-f04d-4600-8946-3d3a8be543f4 0->156
2026-04-07T19:47:57.118176Z Debug: ConversationStream: unreadSync convo=e60fd221-ef31-4323-aa52-52691c4946a3 0->59
2026-04-07T19:47:57.11849Z Debug: ConversationStream: unreadSync convo=b3c628f2-1eed-41da-87d6-030909099afd 0->31
2026-04-07T19:47:57.118746Z Debug: ConversationStream: unreadSync convo=7e9ef437-9e71-48b7-b32d-6df219712c9f 0->9
2026-04-07T19:47:57.119021Z Debug: ConversationStream: unreadSync convo=928bed18-cd75-4125-9b17-9c16f4c84f58 0->35
2026-04-07T19:47:57.119277Z Debug: ConversationStream: unreadSync convo=d2065d2b-8563-405f-b5cb-1392405572d0 0->85
2026-04-07T19:47:57.119529Z Debug: ConversationStream: unreadSync convo=4b477621-9635-0ae8-c70e-83f3391d9ea2 0->26
2026-04-07T19:47:57.119795Z Debug: ConversationStream: unreadSync convo=b9950f88-30ce-d1de-8f5a-b9896186aa9c 0->136
2026-04-07T19:47:57.120097Z Debug: ConversationStream: unreadSync convo=83fa0e00-51d6-44f8-9f17-0f6eb7f2608c 0->14
2026-04-07T19:47:57.120375Z Debug: ConversationStream: unreadSync convo=6dc335e4-fe66-4280-abf4-24b77616b95f 0->10
2026-04-07T19:47:57.120615Z Debug: ConversationStream: unreadSync convo=20454198-aafa-132f-e06c-54bb71b8c3d2 0->263
2026-04-07T19:47:57.120883Z Debug: ConversationStream: unreadSync convo=09111249-7397-ca96-1fea-e608f66ecb71 0->23
2026-04-07T19:47:57.121487Z Debug: ConversationStream: unreadSync convo=0cdbc6ac-ed6b-43e2-b83e-ce2f9b38ddf9 0->2
2026-04-07T19:47:57.121764Z Debug: ConversationStream: unreadSync convo=e7c825b8-a432-40a8-a54a-daa66d65d7c3 0->2
2026-04-07T19:47:57.122081Z Debug: ConversationStream: unreadSync convo=885de453-b30f-457b-b352-b6c08d84c126 0->155
2026-04-07T19:47:57.122149Z Debug: ConversationStream: unreadSync convo=0b81acf2-8d3f-463e-b940-44b50607035e 0->8
2026-04-07T19:47:57.12242Z Debug: ConversationStream: unreadSync convo=979b2fbf-3be1-446e-8675-9a1ca1ceb5c3 0->1
2026-04-07T19:47:57.122689Z Debug: ConversationStream: unreadSync convo=add729a6-6dc6-b47a-a668-454cf7acd0fd 0->151
2026-04-07T19:47:57.122876Z Debug: ConversationStream: unreadSync convo=e42ef4fd-db45-604c-6e52-a542de983f2c 0->19
2026-04-07T19:47:57.123027Z Debug: ConversationStream: unreadSync convo=c09df4f4-0a75-4d49-8b5c-964111f6b99b 0->37
2026-04-07T19:47:57.123222Z Debug: ConversationStream: unreadSync convo=f2accf21-7fed-464f-935c-985731548f1c 0->20
2026-04-07T19:47:57.123359Z Debug: ConversationStream: unreadSync convo=c77ffde9-e02e-4c33-ad53-1091298bff32 0->20
2026-04-07T19:47:57.123539Z Debug: ConversationStream: unreadSync convo=f5956962-980e-4935-b444-db7a731f1991 0->1
2026-04-07T19:47:57.123669Z Debug: ConversationStream: unreadSync convo=b3960378-a16e-4cb4-a6cc-faaa56b30e9c 0->2
2026-04-07T19:47:57.123806Z Debug: ConversationStream: unreadSync convo=82bdd5a1-852a-4f34-bb9f-eeed6055a916 0->2
2026-04-07T19:47:57.124095Z Debug: ConversationStream: unreadSync convo=7dcfe659-9d61-4401-ae7c-364ac8a1b9df 0->6
2026-04-07T19:47:57.124282Z Debug: ConversationStream: unreadSync convo=37522d23-6764-4757-a192-fc47ab3937a1 0->8
2026-04-07T19:47:57.124431Z Debug: ConversationStream: unreadSync convo=d31b0ee6-a1fb-44bc-93cf-446444666323 0->4
2026-04-07T19:47:57.124564Z Debug: ConversationStream: unreadSync convo=d32372c1-c1c8-41d8-be89-85865d89100a 0->5
2026-04-07T19:47:57.51898Z Info: Scroll changed: id=d9f9dbfa-606a-43a0-80f7-b5df9e9a2999 -> 11:678
2026-04-07T19:47:57.631614Z Error: (HomebaseImageLoader) Non-retriable exception: Not found
2026-04-07T19:48:00.324088Z Debug: ConversationStream: start() — loading full conversation list from DB
2026-04-07T19:48:00.330646Z Error: (HomebaseImageLoader) Non-retriable exception: Not found
2026-04-07T19:48:00.558866Z Debug: (ConversationQueries) Fetched rows=81 in 234ms
2026-04-07T19:48:00.559247Z Debug: (ConversationQueries) Mapping row[0] | convSize=1385 hasMsg=true
2026-04-07T19:48:00.562284Z Debug: (ConversationQueries) Mapping row[1] | convSize=1385 hasMsg=true
2026-04-07T19:48:00.562852Z Debug: (ConversationQueries) Mapping row[2] | convSize=1313 hasMsg=true
2026-04-07T19:48:00.563735Z Debug: (ConversationQueries) Mapping row[3] | convSize=1846 hasMsg=true
2026-04-07T19:48:00.564409Z Debug: (ConversationQueries) Mapping row[4] | convSize=1399 hasMsg=true
2026-04-07T19:48:00.564924Z Debug: (ConversationQueries) Mapping row[5] | convSize=1195 hasMsg=true
2026-04-07T19:48:00.565489Z Debug: (ConversationQueries) Mapping row[6] | convSize=1444 hasMsg=true
2026-04-07T19:48:00.566291Z Debug: (ConversationQueries) Mapping row[7] | convSize=1387 hasMsg=true
2026-04-07T19:48:00.566966Z Debug: (ConversationQueries) Mapping row[8] | convSize=1369 hasMsg=true
2026-04-07T19:48:00.567724Z Debug: (ConversationQueries) Mapping row[9] | convSize=1407 hasMsg=true
2026-04-07T19:48:00.568613Z Debug: (ConversationQueries) Mapping row[10] | convSize=1394 hasMsg=true
2026-04-07T19:48:00.5694Z Debug: (ConversationQueries) Mapping row[11] | convSize=1186 hasMsg=true
2026-04-07T19:48:00.570106Z Debug: (ConversationQueries) Mapping row[12] | convSize=1396 hasMsg=true
2026-04-07T19:48:00.570954Z Debug: (ConversationQueries) Mapping row[13] | convSize=3763 hasMsg=true
2026-04-07T19:48:00.572043Z Debug: (ConversationQueries) Mapping row[14] | convSize=1734 hasMsg=true
2026-04-07T19:48:00.572969Z Debug: (ConversationQueries) Mapping row[15] | convSize=1446 hasMsg=true
2026-04-07T19:48:00.573764Z Debug: (ConversationQueries) Mapping row[16] | convSize=1903 hasMsg=true
2026-04-07T19:48:00.574521Z Debug: (ConversationQueries) Mapping row[17] | convSize=1401 hasMsg=true
2026-04-07T19:48:00.575206Z Debug: (ConversationQueries) Mapping row[18] | convSize=1395 hasMsg=true
2026-04-07T19:48:00.575927Z Debug: (ConversationQueries) Mapping row[19] | convSize=1288 hasMsg=true
2026-04-07T19:48:00.576433Z Debug: (ConversationQueries) Mapping row[20] | convSize=1302 hasMsg=true
2026-04-07T19:48:00.576897Z Debug: (ConversationQueries) Mapping row[21] | convSize=1230 hasMsg=true
2026-04-07T19:48:00.577335Z Debug: (ConversationQueries) Mapping row[22] | convSize=1510 hasMsg=true
2026-04-07T19:48:00.577788Z Debug: (ConversationQueries) Mapping row[23] | convSize=1389 hasMsg=true
2026-04-07T19:48:00.57821Z Debug: (ConversationQueries) Mapping row[24] | convSize=1449 hasMsg=true
2026-04-07T19:48:00.578629Z Debug: (ConversationQueries) Mapping row[25] | convSize=1442 hasMsg=true
2026-04-07T19:48:00.579118Z Debug: (ConversationQueries) Mapping row[26] | convSize=1325 hasMsg=true
2026-04-07T19:48:00.579507Z Debug: (ConversationQueries) Mapping row[27] | convSize=1401 hasMsg=true
2026-04-07T19:48:00.580166Z Debug: (ConversationQueries) Mapping row[28] | convSize=1393 hasMsg=true
2026-04-07T19:48:00.581003Z Debug: (ConversationQueries) Mapping row[29] | convSize=1401 hasMsg=true
2026-04-07T19:48:00.581527Z Debug: (ConversationQueries) Mapping row[30] | convSize=1406 hasMsg=true
2026-04-07T19:48:00.581928Z Debug: (ConversationQueries) Mapping row[31] | convSize=1402 hasMsg=true
2026-04-07T19:48:00.58228Z Debug: (ConversationQueries) Mapping row[32] | convSize=1278 hasMsg=true
2026-04-07T19:48:00.582683Z Debug: (ConversationQueries) Mapping row[33] | convSize=1215 hasMsg=true
2026-04-07T19:48:00.583102Z Debug: (ConversationQueries) Mapping row[34] | convSize=1410 hasMsg=true
2026-04-07T19:48:00.583549Z Debug: (ConversationQueries) Mapping row[35] | convSize=1426 hasMsg=true
2026-04-07T19:48:00.583945Z Debug: (ConversationQueries) Mapping row[36] | convSize=1308 hasMsg=true
2026-04-07T19:48:00.584395Z Debug: (ConversationQueries) Mapping row[37] | convSize=1417 hasMsg=true
2026-04-07T19:48:00.584859Z Debug: (ConversationQueries) Mapping row[38] | convSize=1428 hasMsg=true
2026-04-07T19:48:00.585276Z Debug: (ConversationQueries) Mapping row[39] | convSize=1279 hasMsg=true
2026-04-07T19:48:00.585595Z Debug: (ConversationQueries) Mapping row[40] | convSize=1142 hasMsg=true
2026-04-07T19:48:00.586032Z Debug: (ConversationQueries) Mapping row[41] | convSize=1339 hasMsg=true
2026-04-07T19:48:00.586493Z Debug: (ConversationQueries) Mapping row[42] | convSize=1451 hasMsg=true
2026-04-07T19:48:00.586916Z Debug: (ConversationQueries) Mapping row[43] | convSize=1187 hasMsg=true
2026-04-07T19:48:00.587248Z Debug: (ConversationQueries) Mapping row[44] | convSize=1293 hasMsg=true
2026-04-07T19:48:00.587618Z Debug: (ConversationQueries) Mapping row[45] | convSize=1456 hasMsg=true
2026-04-07T19:48:00.588043Z Debug: (ConversationQueries) Mapping row[46] | convSize=1405 hasMsg=true
2026-04-07T19:48:00.588447Z Debug: (ConversationQueries) Mapping row[47] | convSize=1325 hasMsg=true
2026-04-07T19:48:00.588782Z Debug: (ConversationQueries) Mapping row[48] | convSize=1375 hasMsg=true
2026-04-07T19:48:00.589209Z Debug: (ConversationQueries) Mapping row[49] | convSize=1387 hasMsg=true
2026-04-07T19:48:00.58961Z Debug: (ConversationQueries) Mapping row[50] | convSize=1199 hasMsg=true
2026-04-07T19:48:00.590033Z Debug: (ConversationQueries) Mapping row[51] | convSize=1082 hasMsg=true
2026-04-07T19:48:00.590378Z Debug: (ConversationQueries) Mapping row[52] | convSize=1341 hasMsg=true
2026-04-07T19:48:00.590769Z Debug: (ConversationQueries) Mapping row[53] | convSize=1185 hasMsg=true
2026-04-07T19:48:00.591271Z Debug: (ConversationQueries) Mapping row[54] | convSize=1157 hasMsg=true
2026-04-07T19:48:00.591614Z Debug: (ConversationQueries) Mapping row[55] | convSize=1208 hasMsg=true
2026-04-07T19:48:00.592006Z Debug: (ConversationQueries) Mapping row[56] | convSize=1343 hasMsg=true
2026-04-07T19:48:00.59241Z Debug: (ConversationQueries) Mapping row[57] | convSize=1012 hasMsg=true
2026-04-07T19:48:00.592755Z Debug: (ConversationQueries) Mapping row[58] | convSize=1322 hasMsg=true
2026-04-07T19:48:00.593157Z Debug: (ConversationQueries) Mapping row[59] | convSize=941 hasMsg=true
2026-04-07T19:48:00.593705Z Debug: (ConversationQueries) Mapping row[60] | convSize=1215 hasMsg=true
2026-04-07T19:48:00.594161Z Debug: (ConversationQueries) Mapping row[61] | convSize=1362 hasMsg=true
2026-04-07T19:48:00.594498Z Debug: (ConversationQueries) Mapping row[62] | convSize=1220 hasMsg=true
2026-04-07T19:48:00.594778Z Debug: (ConversationQueries) Mapping row[63] | convSize=1312 hasMsg=true
2026-04-07T19:48:00.595547Z Debug: (ConversationQueries) Mapping row[64] | convSize=1273 hasMsg=true
2026-04-07T19:48:00.596024Z Debug: (ConversationQueries) Mapping row[65] | convSize=1433 hasMsg=true
2026-04-07T19:48:00.596455Z Debug: (ConversationQueries) Mapping row[66] | convSize=1060 hasMsg=true
2026-04-07T19:48:00.596742Z Debug: (ConversationQueries) Mapping row[67] | convSize=1041 hasMsg=true
2026-04-07T19:48:00.597015Z Debug: (ConversationQueries) Mapping row[68] | convSize=1045 hasMsg=true
2026-04-07T19:48:00.597302Z Debug: (ConversationQueries) Mapping row[69] | convSize=1036 hasMsg=true
2026-04-07T19:48:00.59756Z Debug: (ConversationQueries) Mapping row[70] | convSize=1065 hasMsg=true
2026-04-07T19:48:00.597798Z Debug: (ConversationQueries) Mapping row[71] | convSize=1054 hasMsg=true
2026-04-07T19:48:00.598046Z Debug: (ConversationQueries) Mapping row[72] | convSize=1147 hasMsg=true
2026-04-07T19:48:00.598307Z Debug: (ConversationQueries) Mapping row[73] | convSize=1086 hasMsg=true
2026-04-07T19:48:00.598549Z Debug: (ConversationQueries) Mapping row[74] | convSize=980 hasMsg=false
2026-04-07T19:48:00.598745Z Debug: (ConversationQueries) Mapping row[75] | convSize=1088 hasMsg=false
2026-04-07T19:48:00.599004Z Debug: (ConversationQueries) Mapping row[76] | convSize=1230 hasMsg=false
2026-04-07T19:48:00.599316Z Debug: (ConversationQueries) Mapping row[77] | convSize=1256 hasMsg=false
2026-04-07T19:48:00.5995Z Debug: (ConversationQueries) Mapping row[78] | convSize=1331 hasMsg=false
2026-04-07T19:48:00.599786Z Debug: (ConversationQueries) Mapping row[79] | convSize=1478 hasMsg=false
2026-04-07T19:48:00.600341Z Debug: (ConversationQueries) Mapping row[80] | convSize=1121 hasMsg=false
2026-04-07T19:48:00.600488Z Debug: (ConversationQueries) Completed mapping 81 rows in 276ms
2026-04-07T19:48:00.613101Z Warn: Message (uid: de356785-29aa-a5a0-d2ea-18dcb6c7ec5b) with no version and not edited has null userDate. using authorSpecificDate
2026-04-07T19:48:00.613232Z Warn: See File here: https://michael.seifert.page/owner/drives/9ff813aff2d61e2f9b9db189e72d1a11_66ea8355ae4155c39b5a719166b510e3/de356785-29aa-a5a0-d2ea-18dcb6c7ec5b
2026-04-07T19:48:00.613543Z Warn: Message (uid: f45e5933-379b-75d8-39e5-2db7b829c1af) with no version and not edited has null userDate. using authorSpecificDate
2026-04-07T19:48:00.613592Z Warn: See File here: https://michael.seifert.page/owner/drives/9ff813aff2d61e2f9b9db189e72d1a11_66ea8355ae4155c39b5a719166b510e3/f45e5933-379b-75d8-39e5-2db7b829c1af
2026-04-07T19:48:00.613814Z Warn: Message (uid: 8a45b621-2b80-047c-8aba-74f0bfdef69a) with no version and not edited has null userDate. using authorSpecificDate
2026-04-07T19:48:00.613863Z Warn: See File here: https://michael.seifert.page/owner/drives/9ff813aff2d61e2f9b9db189e72d1a11_66ea8355ae4155c39b5a719166b510e3/8a45b621-2b80-047c-8aba-74f0bfdef69a
2026-04-07T19:48:00.614023Z Warn: Message (uid: ecb79a22-54cc-dda1-170e-35f412aae67d) with no version and not edited has null userDate. using authorSpecificDate
2026-04-07T19:48:00.614069Z Warn: See File here: https://michael.seifert.page/owner/drives/9ff813aff2d61e2f9b9db189e72d1a11_66ea8355ae4155c39b5a719166b510e3/ecb79a22-54cc-dda1-170e-35f412aae67d
2026-04-07T19:48:00.614287Z Warn: Message (uid: 48c75f9c-c91e-b0de-c713-931550fb0b00) with no version and not edited has null userDate. using authorSpecificDate
2026-04-07T19:48:00.614351Z Warn: See File here: https://michael.seifert.page/owner/drives/9ff813aff2d61e2f9b9db189e72d1a11_66ea8355ae4155c39b5a719166b510e3/48c75f9c-c91e-b0de-c713-931550fb0b00
2026-04-07T19:48:00.614526Z Warn: Message (uid: 57c41e8f-ea64-2ccf-3beb-959f777f6797) with no version and not edited has null userDate. using authorSpecificDate
2026-04-07T19:48:00.614564Z Warn: See File here: https://michael.seifert.page/owner/drives/9ff813aff2d61e2f9b9db189e72d1a11_66ea8355ae4155c39b5a719166b510e3/57c41e8f-ea64-2ccf-3beb-959f777f6797
2026-04-07T19:48:01.125127Z Error: (HomebaseImageLoader) Non-retriable exception: Not found
2026-04-07T19:48:02.533581Z Debug: ChatMessageStream: loadConversation(667b97d7-0c5c-4fbc-a072-ecb52bcc580b)
2026-04-07T19:48:02.737005Z Warn: Message (uid: 4cc42abb-0911-e916-dbdc-420dd199e2e8) with no version and not edited has null userDate. using authorSpecificDate
2026-04-07T19:48:02.737204Z Warn: See File here: https://michael.seifert.page/owner/drives/9ff813aff2d61e2f9b9db189e72d1a11_66ea8355ae4155c39b5a719166b510e3/4cc42abb-0911-e916-dbdc-420dd199e2e8
2026-04-07T19:48:02.737536Z Warn: Message (uid: cb0d15cd-725e-0585-0d88-6257a6fd8726) with no version and not edited has null userDate. using authorSpecificDate
2026-04-07T19:48:02.737651Z Warn: See File here: https://michael.seifert.page/owner/drives/9ff813aff2d61e2f9b9db189e72d1a11_66ea8355ae4155c39b5a719166b510e3/cb0d15cd-725e-0585-0d88-6257a6fd8726
2026-04-07T19:48:02.737886Z Warn: Message (uid: 7196b622-4b1f-0f12-3f55-e7a04db3554a) with no version and not edited has null userDate. using authorSpecificDate
2026-04-07T19:48:02.737982Z Warn: See File here: https://michael.seifert.page/owner/drives/9ff813aff2d61e2f9b9db189e72d1a11_66ea8355ae4155c39b5a719166b510e3/7196b622-4b1f-0f12-3f55-e7a04db3554a
2026-04-07T19:48:02.738755Z Warn: Message (uid: 2c27a7e5-f6c2-90b0-25bf-556ccffd1033) with no version and not edited has null userDate. using authorSpecificDate
2026-04-07T19:48:02.738944Z Warn: See File here: https://michael.seifert.page/owner/drives/9ff813aff2d61e2f9b9db189e72d1a11_66ea8355ae4155c39b5a719166b510e3/2c27a7e5-f6c2-90b0-25bf-556ccffd1033
2026-04-07T19:48:02.741161Z Warn: Message (uid: 1266d833-770c-7c2b-7c7f-4b8a14d980d6) with no version and not edited has null userDate. using authorSpecificDate
2026-04-07T19:48:02.741363Z Warn: See File here: https://michael.seifert.page/owner/drives/9ff813aff2d61e2f9b9db189e72d1a11_66ea8355ae4155c39b5a719166b510e3/1266d833-770c-7c2b-7c7f-4b8a14d980d6
2026-04-07T19:48:02.742585Z Warn: Message (uid: 3b478f91-dbe9-12bd-5684-c0ca26bdb7ae) with no version and not edited has null userDate. using authorSpecificDate
2026-04-07T19:48:02.742659Z Warn: See File here: https://michael.seifert.page/owner/drives/9ff813aff2d61e2f9b9db189e72d1a11_66ea8355ae4155c39b5a719166b510e3/3b478f91-dbe9-12bd-5684-c0ca26bdb7ae
2026-04-07T19:48:02.74337Z Warn: Message (uid: c8600f85-0320-7a7f-85a5-8a6718d1f5b2) with no version and not edited has null userDate. using authorSpecificDate
2026-04-07T19:48:02.743749Z Warn: See File here: https://michael.seifert.page/owner/drives/9ff813aff2d61e2f9b9db189e72d1a11_66ea8355ae4155c39b5a719166b510e3/c8600f85-0320-7a7f-85a5-8a6718d1f5b2
2026-04-07T19:48:02.744454Z Warn: Message (uid: 5bdc34c9-0682-884e-81c9-a4df65f24d10) with no version and not edited has null userDate. using authorSpecificDate
2026-04-07T19:48:02.744778Z Warn: See File here: https://michael.seifert.page/owner/drives/9ff813aff2d61e2f9b9db189e72d1a11_66ea8355ae4155c39b5a719166b510e3/5bdc34c9-0682-884e-81c9-a4df65f24d10
2026-04-07T19:48:02.745241Z Warn: Message (uid: 81a4cff4-5bdb-4ea3-efeb-8b61f306feda) with no version and not edited has null userDate. using authorSpecificDate
2026-04-07T19:48:02.745598Z Warn: See File here: https://michael.seifert.page/owner/drives/9ff813aff2d61e2f9b9db189e72d1a11_66ea8355ae4155c39b5a719166b510e3/81a4cff4-5bdb-4ea3-efeb-8b61f306feda
2026-04-07T19:48:02.745995Z Warn: Message (uid: 98d0c832-4f4f-4e35-8143-569f4ec62dfb) with no version and not edited has null userDate. using authorSpecificDate
2026-04-07T19:48:02.746336Z Warn: See File here: https://michael.seifert.page/owner/drives/9ff813aff2d61e2f9b9db189e72d1a11_66ea8355ae4155c39b5a719166b510e3/98d0c832-4f4f-4e35-8143-569f4ec62dfb
2026-04-07T19:48:02.746717Z Warn: Message (uid: f7409bf7-09ae-105d-140d-d4129a0f1f91) with no version and not edited has null userDate. using authorSpecificDate
2026-04-07T19:48:02.747336Z Warn: See File here: https://michael.seifert.page/owner/drives/9ff813aff2d61e2f9b9db189e72d1a11_66ea8355ae4155c39b5a719166b510e3/f7409bf7-09ae-105d-140d-d4129a0f1f91
2026-04-07T19:48:02.747718Z Warn: Message (uid: b40e41be-32e2-2cc4-bca4-6e497642be41) with no version and not edited has null userDate. using authorSpecificDate
2026-04-07T19:48:02.748657Z Warn: See File here: https://michael.seifert.page/owner/drives/9ff813aff2d61e2f9b9db189e72d1a11_66ea8355ae4155c39b5a719166b510e3/b40e41be-32e2-2cc4-bca4-6e497642be41
2026-04-07T19:48:02.749288Z Warn: Message (uid: a776d8e1-99ff-d775-5595-03ece6e4a823) with no version and not edited has null userDate. using authorSpecificDate
2026-04-07T19:48:02.749541Z Warn: See File here: https://michael.seifert.page/owner/drives/9ff813aff2d61e2f9b9db189e72d1a11_66ea8355ae4155c39b5a719166b510e3/a776d8e1-99ff-d775-5595-03ece6e4a823
2026-04-07T19:48:02.750246Z Warn: Message (uid: 28500228-e3f2-367e-b784-f20163a97a48) with no version and not edited has null userDate. using authorSpecificDate
2026-04-07T19:48:02.750432Z Warn: See File here: https://michael.seifert.page/owner/drives/9ff813aff2d61e2f9b9db189e72d1a11_66ea8355ae4155c39b5a719166b510e3/28500228-e3f2-367e-b784-f20163a97a48
2026-04-07T19:48:02.751405Z Warn: Message (uid: ecb2e2a9-af32-ec55-2b37-294fc341be5e) with no version and not edited has null userDate. using authorSpecificDate
2026-04-07T19:48:02.751783Z Warn: See File here: https://michael.seifert.page/owner/drives/9ff813aff2d61e2f9b9db189e72d1a11_66ea8355ae4155c39b5a719166b510e3/ecb2e2a9-af32-ec55-2b37-294fc341be5e
2026-04-07T19:48:02.752749Z Warn: Message (uid: e2ae7d7d-9ebd-89e3-775e-40cbcc9ac28d) with no version and not edited has null userDate. using authorSpecificDate
2026-04-07T19:48:02.7531Z Warn: See File here: https://michael.seifert.page/owner/drives/9ff813aff2d61e2f9b9db189e72d1a11_66ea8355ae4155c39b5a719166b510e3/e2ae7d7d-9ebd-89e3-775e-40cbcc9ac28d
2026-04-07T19:48:02.753531Z Warn: Message (uid: 8206b865-9feb-74e1-5a73-a78adcce01c3) with no version and not edited has null userDate. using authorSpecificDate
2026-04-07T19:48:02.753677Z Warn: See File here: https://michael.seifert.page/owner/drives/9ff813aff2d61e2f9b9db189e72d1a11_66ea8355ae4155c39b5a719166b510e3/8206b865-9feb-74e1-5a73-a78adcce01c3
2026-04-07T19:48:02.75422Z Warn: Message (uid: 292582ab-e614-8409-adb7-e2f872d7c32f) with no version and not edited has null userDate. using authorSpecificDate
2026-04-07T19:48:02.754509Z Warn: See File here: https://michael.seifert.page/owner/drives/9ff813aff2d61e2f9b9db189e72d1a11_66ea8355ae4155c39b5a719166b510e3/292582ab-e614-8409-adb7-e2f872d7c32f
2026-04-07T19:48:02.755401Z Warn: Message (uid: a308d1ba-635f-39ef-24b3-7efbb587e62f) with no version and not edited has null userDate. using authorSpecificDate
2026-04-07T19:48:02.755627Z Warn: See File here: https://michael.seifert.page/owner/drives/9ff813aff2d61e2f9b9db189e72d1a11_66ea8355ae4155c39b5a719166b510e3/a308d1ba-635f-39ef-24b3-7efbb587e62f
2026-04-07T19:48:02.756036Z Warn: Message (uid: 41d52149-ddaf-d60b-48e8-d93eb09e6ca9) with no version and not edited has null userDate. using authorSpecificDate
2026-04-07T19:48:02.756335Z Warn: See File here: https://michael.seifert.page/owner/drives/9ff813aff2d61e2f9b9db189e72d1a11_66ea8355ae4155c39b5a719166b510e3/41d52149-ddaf-d60b-48e8-d93eb09e6ca9
2026-04-07T19:48:02.756785Z Debug: ChatMessageStream: loadConversation(667b97d7-0c5c-4fbc-a072-ecb52bcc580b) → 32 messages
2026-04-07T19:48:02.759633Z Info: Getting saved scroll position
2026-04-07T19:48:02.764234Z Info: (ConversationListUi) Restore detail pane for 667b97d7-0c5c-4fbc-a072-ecb52bcc580b
2026-04-07T19:48:02.777629Z Info: Pre-initializing scroll position: id=667b97d7-0c5c-4fbc-a072-ecb52bcc580b -> 32:9
2026-04-07T19:48:02.843044Z Error: (HomebaseImageLoader) Non-retriable exception: Not found
2026-04-07T19:48:03.11219Z Info: Scroll changed: id=667b97d7-0c5c-4fbc-a072-ecb52bcc580b -> 32:9
2026-04-07T19:48:03.524002Z Warn: Message (uid: 4cc42abb-0911-e916-dbdc-420dd199e2e8) with no version and not edited has null userDate. using authorSpecificDate
2026-04-07T19:48:03.524199Z Warn: See File here: https://michael.seifert.page/owner/drives/9ff813aff2d61e2f9b9db189e72d1a11_66ea8355ae4155c39b5a719166b510e3/4cc42abb-0911-e916-dbdc-420dd199e2e8
2026-04-07T19:48:03.52456Z Warn: Message (uid: cb0d15cd-725e-0585-0d88-6257a6fd8726) with no version and not edited has null userDate. using authorSpecificDate
2026-04-07T19:48:03.524655Z Warn: See File here: https://michael.seifert.page/owner/drives/9ff813aff2d61e2f9b9db189e72d1a11_66ea8355ae4155c39b5a719166b510e3/cb0d15cd-725e-0585-0d88-6257a6fd8726
2026-04-07T19:48:03.524879Z Warn: Message (uid: 7196b622-4b1f-0f12-3f55-e7a04db3554a) with no version and not edited has null userDate. using authorSpecificDate
2026-04-07T19:48:03.524952Z Warn: See File here: https://michael.seifert.page/owner/drives/9ff813aff2d61e2f9b9db189e72d1a11_66ea8355ae4155c39b5a719166b510e3/7196b622-4b1f-0f12-3f55-e7a04db3554a
2026-04-07T19:48:03.525079Z Warn: Message (uid: 2c27a7e5-f6c2-90b0-25bf-556ccffd1033) with no version and not edited has null userDate. using authorSpecificDate
2026-04-07T19:48:03.525144Z Warn: See File here: https://michael.seifert.page/owner/drives/9ff813aff2d61e2f9b9db189e72d1a11_66ea8355ae4155c39b5a719166b510e3/2c27a7e5-f6c2-90b0-25bf-556ccffd1033
2026-04-07T19:48:03.525267Z Warn: Message (uid: 28500228-e3f2-367e-b784-f20163a97a48) with no version and not edited has null userDate. using authorSpecificDate
2026-04-07T19:48:03.525319Z Warn: See File here: https://michael.seifert.page/owner/drives/9ff813aff2d61e2f9b9db189e72d1a11_66ea8355ae4155c39b5a719166b510e3/28500228-e3f2-367e-b784-f20163a97a48
2026-04-07T19:48:03.525529Z Debug: markAsRead: convo=667b97d7-0c5c-4fbc-a072-ecb52bcc580b unread=0/7 newReadTime=1775591283526
2026-04-07T19:48:03.762101Z Debug: ConversationStream: unreadSync convo=7efd01ba-b36d-7d7d-879c-b1e64d0ba0e1 0->8
2026-04-07T19:48:03.762297Z Debug: ConversationStream: unreadSync convo=64faac9c-b3ba-4d01-95d0-32bbf63e9381 0->438
2026-04-07T19:48:03.764476Z Debug: ConversationStream: unreadSync convo=cd07bf14-80eb-404d-875b-c9baeec738dd 0->38
2026-04-07T19:48:03.764568Z Debug: ConversationStream: unreadSync convo=4457cee7-35a0-420f-8a94-da869a5b4544 0->2
2026-04-07T19:48:03.765185Z Debug: ConversationStream: unreadSync convo=e77a3249-add3-4f4a-9c1a-e5737ad322bf 0->74
2026-04-07T19:48:03.765251Z Debug: ConversationStream: unreadSync convo=8ae3c31a-fb4e-476a-92c7-d50d93f77255 0->7
2026-04-07T19:48:03.767046Z Debug: ConversationStream: unreadSync convo=256769a8-d816-d468-aef4-7e258eece4ff 0->4
2026-04-07T19:48:03.76713Z Debug: ConversationStream: unreadSync convo=901d4566-9493-42be-b77a-7964de6ce295 0->1
2026-04-07T19:48:03.767472Z Debug: ConversationStream: unreadSync convo=50abcb2d-0f8c-4257-826c-a33da11654b3 0->319
2026-04-07T19:48:03.767737Z Debug: ConversationStream: unreadSync convo=7c2e8b7d-6053-47ee-baee-7e355f72207c 0->1
2026-04-07T19:48:03.768096Z Debug: ConversationStream: unreadSync convo=537c8c57-c213-4c7e-87d9-d38719232c6a 0->2
2026-04-07T19:48:03.768364Z Debug: ConversationStream: unreadSync convo=540302b7-1887-4aae-ae93-2ae7a33e7285 0->42
2026-04-07T19:48:03.768643Z Debug: ConversationStream: unreadSync convo=c9f4b0ec-db00-98ed-ff4f-fcdd14ed54c6 0->1
2026-04-07T19:48:03.76892Z Debug: ConversationStream: unreadSync convo=b71b603d-532f-4d50-835f-8aff22ca6fc1 0->121
2026-04-07T19:48:03.769195Z Debug: ConversationStream: unreadSync convo=6cfb2586-7aa9-4a29-9043-a1d5b6ba8255 0->108
2026-04-07T19:48:03.769458Z Debug: ConversationStream: unreadSync convo=7d8d0e6e-0720-6d89-db95-3f090df5892d 0->8
2026-04-07T19:48:03.769762Z Debug: ConversationStream: unreadSync convo=ef9bf7d7-5e71-4c95-9e28-dcb4a625f55e 0->391
2026-04-07T19:48:03.770047Z Debug: ConversationStream: unreadSync convo=24fe7a52-d7dd-f64d-a9fa-87885f333253 0->45
2026-04-07T19:48:03.77037Z Debug: ConversationStream: unreadSync convo=27e0c227-f8cb-4c01-a896-5c8c4b222764 0->1
2026-04-07T19:48:03.770675Z Debug: ConversationStream: unreadSync convo=fcb0d12e-f85b-467c-9af4-c944bc9f4bad 0->51
2026-04-07T19:48:03.770978Z Debug: ConversationStream: unreadSync convo=9ac83b4c-d762-5695-289e-d4ce407cfe3a 0->15
2026-04-07T19:48:03.771282Z Debug: ConversationStream: unreadSync convo=e028c85f-f04d-4600-8946-3d3a8be543f4 0->156
2026-04-07T19:48:03.771608Z Debug: ConversationStream: unreadSync convo=e60fd221-ef31-4323-aa52-52691c4946a3 0->59
2026-04-07T19:48:03.772017Z Debug: ConversationStream: unreadSync convo=b3c628f2-1eed-41da-87d6-030909099afd 0->31
2026-04-07T19:48:03.772351Z Debug: ConversationStream: unreadSync convo=7e9ef437-9e71-48b7-b32d-6df219712c9f 0->9
2026-04-07T19:48:03.772644Z Debug: ConversationStream: unreadSync convo=928bed18-cd75-4125-9b17-9c16f4c84f58 0->35
2026-04-07T19:48:03.772994Z Debug: ConversationStream: unreadSync convo=d2065d2b-8563-405f-b5cb-1392405572d0 0->85
2026-04-07T19:48:03.773375Z Debug: ConversationStream: unreadSync convo=4b477621-9635-0ae8-c70e-83f3391d9ea2 0->26
2026-04-07T19:48:03.773753Z Debug: ConversationStream: unreadSync convo=b9950f88-30ce-d1de-8f5a-b9896186aa9c 0->136
2026-04-07T19:48:03.774042Z Debug: ConversationStream: unreadSync convo=83fa0e00-51d6-44f8-9f17-0f6eb7f2608c 0->14
2026-04-07T19:48:03.774344Z Debug: ConversationStream: unreadSync convo=6dc335e4-fe66-4280-abf4-24b77616b95f 0->10
2026-04-07T19:48:03.774641Z Debug: ConversationStream: unreadSync convo=20454198-aafa-132f-e06c-54bb71b8c3d2 0->263
2026-04-07T19:48:03.774951Z Debug: ConversationStream: unreadSync convo=09111249-7397-ca96-1fea-e608f66ecb71 0->23
2026-04-07T19:48:03.775301Z Debug: ConversationStream: unreadSync convo=0cdbc6ac-ed6b-43e2-b83e-ce2f9b38ddf9 0->2
2026-04-07T19:48:03.775768Z Debug: ConversationStream: unreadSync convo=e7c825b8-a432-40a8-a54a-daa66d65d7c3 0->2
2026-04-07T19:48:03.776004Z Debug: ConversationStream: unreadSync convo=885de453-b30f-457b-b352-b6c08d84c126 0->155
2026-04-07T19:48:03.776268Z Debug: ConversationStream: unreadSync convo=0b81acf2-8d3f-463e-b940-44b50607035e 0->8
2026-04-07T19:48:03.776331Z Debug: ConversationStream: unreadSync convo=979b2fbf-3be1-446e-8675-9a1ca1ceb5c3 0->1
2026-04-07T19:48:03.776829Z Debug: ConversationStream: unreadSync convo=add729a6-6dc6-b47a-a668-454cf7acd0fd 0->151
2026-04-07T19:48:03.777155Z Debug: ConversationStream: unreadSync convo=e42ef4fd-db45-604c-6e52-a542de983f2c 0->19
2026-04-07T19:48:03.777453Z Debug: ConversationStream: unreadSync convo=c09df4f4-0a75-4d49-8b5c-964111f6b99b 0->37
2026-04-07T19:48:03.777749Z Debug: ConversationStream: unreadSync convo=f2accf21-7fed-464f-935c-985731548f1c 0->20
2026-04-07T19:48:03.778045Z Debug: ConversationStream: unreadSync convo=c77ffde9-e02e-4c33-ad53-1091298bff32 0->20
2026-04-07T19:48:03.778567Z Debug: ConversationStream: unreadSync convo=f5956962-980e-4935-b444-db7a731f1991 0->1
2026-04-07T19:48:03.77896Z Debug: ConversationStream: unreadSync convo=b3960378-a16e-4cb4-a6cc-faaa56b30e9c 0->2
2026-04-07T19:48:03.779241Z Debug: ConversationStream: unreadSync convo=82bdd5a1-852a-4f34-bb9f-eeed6055a916 0->2
2026-04-07T19:48:03.779651Z Debug: ConversationStream: unreadSync convo=7dcfe659-9d61-4401-ae7c-364ac8a1b9df 0->6
2026-04-07T19:48:03.780213Z Debug: ConversationStream: unreadSync convo=37522d23-6764-4757-a192-fc47ab3937a1 0->8
2026-04-07T19:48:03.780511Z Debug: ConversationStream: unreadSync convo=d31b0ee6-a1fb-44bc-93cf-446444666323 0->4
2026-04-07T19:48:03.7808Z Debug: ConversationStream: unreadSync convo=d32372c1-c1c8-41d8-be89-85865d89100a 0->5
2026-04-07T19:48:04.299836Z Error: (HomebaseImageLoader) Non-retriable exception: Not found
2026-04-07T19:48:06.041103Z Debug: ConversationStream: start() — loading full conversation list from DB
2026-04-07T19:48:06.048189Z Error: (HomebaseImageLoader) Non-retriable exception: Not found
2026-04-07T19:48:06.05112Z Debug: (ConversationQueries) Fetched rows=81 in 10ms
2026-04-07T19:48:06.051282Z Debug: (ConversationQueries) Mapping row[0] | convSize=1385 hasMsg=true
2026-04-07T19:48:06.0521Z Debug: (ConversationQueries) Mapping row[1] | convSize=1385 hasMsg=true
2026-04-07T19:48:06.052667Z Debug: (ConversationQueries) Mapping row[2] | convSize=1313 hasMsg=true
2026-04-07T19:48:06.05324Z Debug: (ConversationQueries) Mapping row[3] | convSize=1846 hasMsg=true
2026-04-07T19:48:06.053968Z Debug: (ConversationQueries) Mapping row[4] | convSize=1399 hasMsg=true
2026-04-07T19:48:06.054528Z Debug: (ConversationQueries) Mapping row[5] | convSize=1195 hasMsg=true
2026-04-07T19:48:06.055025Z Debug: (ConversationQueries) Mapping row[6] | convSize=1444 hasMsg=true
2026-04-07T19:48:06.055537Z Debug: (ConversationQueries) Mapping row[7] | convSize=1387 hasMsg=true
2026-04-07T19:48:06.055919Z Debug: (ConversationQueries) Mapping row[8] | convSize=1369 hasMsg=true
2026-04-07T19:48:06.05623Z Debug: (ConversationQueries) Mapping row[9] | convSize=1407 hasMsg=true
2026-04-07T19:48:06.056777Z Debug: (ConversationQueries) Mapping row[10] | convSize=1394 hasMsg=true
2026-04-07T19:48:06.057119Z Debug: (ConversationQueries) Mapping row[11] | convSize=1186 hasMsg=true
2026-04-07T19:48:06.057698Z Debug: (ConversationQueries) Mapping row[12] | convSize=1396 hasMsg=true
2026-04-07T19:48:06.058176Z Debug: (ConversationQueries) Mapping row[13] | convSize=3763 hasMsg=true
2026-04-07T19:48:06.058736Z Debug: (ConversationQueries) Mapping row[14] | convSize=1734 hasMsg=true
2026-04-07T19:48:06.059195Z Debug: (ConversationQueries) Mapping row[15] | convSize=1446 hasMsg=true
2026-04-07T19:48:06.060083Z Debug: (ConversationQueries) Mapping row[16] | convSize=1903 hasMsg=true
2026-04-07T19:48:06.060573Z Debug: (ConversationQueries) Mapping row[17] | convSize=1401 hasMsg=true
2026-04-07T19:48:06.060925Z Debug: (ConversationQueries) Mapping row[18] | convSize=1395 hasMsg=true
2026-04-07T19:48:06.061403Z Debug: (ConversationQueries) Mapping row[19] | convSize=1288 hasMsg=true
2026-04-07T19:48:06.061805Z Debug: (ConversationQueries) Mapping row[20] | convSize=1302 hasMsg=true
2026-04-07T19:48:06.062243Z Debug: (ConversationQueries) Mapping row[21] | convSize=1230 hasMsg=true
2026-04-07T19:48:06.062812Z Debug: (ConversationQueries) Mapping row[22] | convSize=1510 hasMsg=true
2026-04-07T19:48:06.063235Z Debug: (ConversationQueries) Mapping row[23] | convSize=1389 hasMsg=true
2026-04-07T19:48:06.063646Z Debug: (ConversationQueries) Mapping row[24] | convSize=1449 hasMsg=true
2026-04-07T19:48:06.064077Z Debug: (ConversationQueries) Mapping row[25] | convSize=1442 hasMsg=true
2026-04-07T19:48:06.064473Z Debug: (ConversationQueries) Mapping row[26] | convSize=1325 hasMsg=true
2026-04-07T19:48:06.064856Z Debug: (ConversationQueries) Mapping row[27] | convSize=1401 hasMsg=true
2026-04-07T19:48:06.065268Z Debug: (ConversationQueries) Mapping row[28] | convSize=1393 hasMsg=true
2026-04-07T19:48:06.065733Z Debug: (ConversationQueries) Mapping row[29] | convSize=1401 hasMsg=true
2026-04-07T19:48:06.066188Z Debug: (ConversationQueries) Mapping row[30] | convSize=1406 hasMsg=true
2026-04-07T19:48:06.066589Z Debug: (ConversationQueries) Mapping row[31] | convSize=1402 hasMsg=true
2026-04-07T19:48:06.066982Z Debug: (ConversationQueries) Mapping row[32] | convSize=1278 hasMsg=true
2026-04-07T19:48:06.067407Z Debug: (ConversationQueries) Mapping row[33] | convSize=1215 hasMsg=true
2026-04-07T19:48:06.067778Z Debug: (ConversationQueries) Mapping row[34] | convSize=1410 hasMsg=true
2026-04-07T19:48:06.068233Z Debug: (ConversationQueries) Mapping row[35] | convSize=1426 hasMsg=true
2026-04-07T19:48:06.068593Z Debug: (ConversationQueries) Mapping row[36] | convSize=1308 hasMsg=true
2026-04-07T19:48:06.068946Z Debug: (ConversationQueries) Mapping row[37] | convSize=1417 hasMsg=true
2026-04-07T19:48:06.069334Z Debug: (ConversationQueries) Mapping row[38] | convSize=1428 hasMsg=true
2026-04-07T19:48:06.069696Z Debug: (ConversationQueries) Mapping row[39] | convSize=1279 hasMsg=true
2026-04-07T19:48:06.070008Z Debug: (ConversationQueries) Mapping row[40] | convSize=1142 hasMsg=true
2026-04-07T19:48:06.070299Z Debug: (ConversationQueries) Mapping row[41] | convSize=1339 hasMsg=true
2026-04-07T19:48:06.07067Z Debug: (ConversationQueries) Mapping row[42] | convSize=1451 hasMsg=true
2026-04-07T19:48:06.071049Z Debug: (ConversationQueries) Mapping row[43] | convSize=1187 hasMsg=true
2026-04-07T19:48:06.07138Z Debug: (ConversationQueries) Mapping row[44] | convSize=1293 hasMsg=true
2026-04-07T19:48:06.071938Z Debug: (ConversationQueries) Mapping row[45] | convSize=1456 hasMsg=true
2026-04-07T19:48:06.072173Z Debug: (ConversationQueries) Mapping row[46] | convSize=1405 hasMsg=true
2026-04-07T19:48:06.078082Z Debug: (ConversationQueries) Mapping row[47] | convSize=1325 hasMsg=true
2026-04-07T19:48:06.078427Z Debug: (ConversationQueries) Mapping row[48] | convSize=1375 hasMsg=true
2026-04-07T19:48:06.078869Z Debug: (ConversationQueries) Mapping row[49] | convSize=1387 hasMsg=true
2026-04-07T19:48:06.079324Z Debug: (ConversationQueries) Mapping row[50] | convSize=1199 hasMsg=true
2026-04-07T19:48:06.079758Z Debug: (ConversationQueries) Mapping row[51] | convSize=1082 hasMsg=true
2026-04-07T19:48:06.08004Z Debug: (ConversationQueries) Mapping row[52] | convSize=1341 hasMsg=true
2026-04-07T19:48:06.080553Z Debug: (ConversationQueries) Mapping row[53] | convSize=1185 hasMsg=true
2026-04-07T19:48:06.081056Z Debug: (ConversationQueries) Mapping row[54] | convSize=1157 hasMsg=true
2026-04-07T19:48:06.081331Z Debug: (ConversationQueries) Mapping row[55] | convSize=1208 hasMsg=true
2026-04-07T19:48:06.081865Z Debug: (ConversationQueries) Mapping row[56] | convSize=1343 hasMsg=true
2026-04-07T19:48:06.082219Z Debug: (ConversationQueries) Mapping row[57] | convSize=1012 hasMsg=true
2026-04-07T19:48:06.082813Z Debug: (ConversationQueries) Mapping row[58] | convSize=1322 hasMsg=true
2026-04-07T19:48:06.083123Z Debug: (ConversationQueries) Mapping row[59] | convSize=941 hasMsg=true
2026-04-07T19:48:06.083352Z Debug: (ConversationQueries) Mapping row[60] | convSize=1215 hasMsg=true
2026-04-07T19:48:06.083774Z Debug: (ConversationQueries) Mapping row[61] | convSize=1362 hasMsg=true
2026-04-07T19:48:06.084089Z Debug: (ConversationQueries) Mapping row[62] | convSize=1220 hasMsg=true
2026-04-07T19:48:06.084459Z Debug: (ConversationQueries) Mapping row[63] | convSize=1312 hasMsg=true
2026-04-07T19:48:06.084693Z Debug: (ConversationQueries) Mapping row[64] | convSize=1273 hasMsg=true
2026-04-07T19:48:06.084915Z Debug: (ConversationQueries) Mapping row[65] | convSize=1433 hasMsg=true
2026-04-07T19:48:06.085349Z Debug: (ConversationQueries) Mapping row[66] | convSize=1060 hasMsg=true
2026-04-07T19:48:06.085671Z Debug: (ConversationQueries) Mapping row[67] | convSize=1041 hasMsg=true
2026-04-07T19:48:06.086118Z Debug: (ConversationQueries) Mapping row[68] | convSize=1045 hasMsg=true
2026-04-07T19:48:06.086318Z Debug: (ConversationQueries) Mapping row[69] | convSize=1036 hasMsg=true
2026-04-07T19:48:06.086751Z Debug: (ConversationQueries) Mapping row[70] | convSize=1065 hasMsg=true
2026-04-07T19:48:06.087008Z Debug: (ConversationQueries) Mapping row[71] | convSize=1054 hasMsg=true
2026-04-07T19:48:06.087424Z Debug: (ConversationQueries) Mapping row[72] | convSize=1147 hasMsg=true
2026-04-07T19:48:06.087622Z Debug: (ConversationQueries) Mapping row[73] | convSize=1086 hasMsg=true
2026-04-07T19:48:06.08801Z Debug: (ConversationQueries) Mapping row[74] | convSize=980 hasMsg=false
2026-04-07T19:48:06.088366Z Debug: (ConversationQueries) Mapping row[75] | convSize=1088 hasMsg=false
2026-04-07T19:48:06.088674Z Debug: (ConversationQueries) Mapping row[76] | convSize=1230 hasMsg=false
2026-04-07T19:48:06.089084Z Debug: (ConversationQueries) Mapping row[77] | convSize=1256 hasMsg=false
2026-04-07T19:48:06.089256Z Debug: (ConversationQueries) Mapping row[78] | convSize=1331 hasMsg=false
2026-04-07T19:48:06.089624Z Debug: (ConversationQueries) Mapping row[79] | convSize=1478 hasMsg=false
2026-04-07T19:48:06.090033Z Debug: (ConversationQueries) Mapping row[80] | convSize=1121 hasMsg=false
2026-04-07T19:48:06.090248Z Debug: (ConversationQueries) Completed mapping 81 rows in 49ms
2026-04-07T19:48:06.29551Z Warn: Message (uid: de356785-29aa-a5a0-d2ea-18dcb6c7ec5b) with no version and not edited has null userDate. using authorSpecificDate
2026-04-07T19:48:06.296004Z Warn: See File here: https://michael.seifert.page/owner/drives/9ff813aff2d61e2f9b9db189e72d1a11_66ea8355ae4155c39b5a719166b510e3/de356785-29aa-a5a0-d2ea-18dcb6c7ec5b
2026-04-07T19:48:06.297561Z Warn: Message (uid: f45e5933-379b-75d8-39e5-2db7b829c1af) with no version and not edited has null userDate. using authorSpecificDate
2026-04-07T19:48:06.297838Z Warn: See File here: https://michael.seifert.page/owner/drives/9ff813aff2d61e2f9b9db189e72d1a11_66ea8355ae4155c39b5a719166b510e3/f45e5933-379b-75d8-39e5-2db7b829c1af
2026-04-07T19:48:06.298515Z Warn: Message (uid: 8a45b621-2b80-047c-8aba-74f0bfdef69a) with no version and not edited has null userDate. using authorSpecificDate
2026-04-07T19:48:06.299006Z Warn: See File here: https://michael.seifert.page/owner/drives/9ff813aff2d61e2f9b9db189e72d1a11_66ea8355ae4155c39b5a719166b510e3/8a45b621-2b80-047c-8aba-74f0bfdef69a
2026-04-07T19:48:06.299777Z Warn: Message (uid: ecb79a22-54cc-dda1-170e-35f412aae67d) with no version and not edited has null userDate. using authorSpecificDate
2026-04-07T19:48:06.299953Z Warn: See File here: https://michael.seifert.page/owner/drives/9ff813aff2d61e2f9b9db189e72d1a11_66ea8355ae4155c39b5a719166b510e3/ecb79a22-54cc-dda1-170e-35f412aae67d
2026-04-07T19:48:06.301109Z Warn: Message (uid: 48c75f9c-c91e-b0de-c713-931550fb0b00) with no version and not edited has null userDate. using authorSpecificDate
2026-04-07T19:48:06.301283Z Warn: See File here: https://michael.seifert.page/owner/drives/9ff813aff2d61e2f9b9db189e72d1a11_66ea8355ae4155c39b5a719166b510e3/48c75f9c-c91e-b0de-c713-931550fb0b00
2026-04-07T19:48:06.301851Z Warn: Message (uid: 57c41e8f-ea64-2ccf-3beb-959f777f6797) with no version and not edited has null userDate. using authorSpecificDate
2026-04-07T19:48:06.302054Z Warn: See File here: https://michael.seifert.page/owner/drives/9ff813aff2d61e2f9b9db189e72d1a11_66ea8355ae4155c39b5a719166b510e3/57c41e8f-ea64-2ccf-3beb-959f777f6797
2026-04-07T19:48:06.831753Z Error: (HomebaseImageLoader) Non-retriable exception: Not found
2026-04-07T19:48:07.032942Z Debug: ChatMessageStream: loadConversation(d9f9dbfa-606a-43a0-80f7-b5df9e9a2999)
2026-04-07T19:48:07.225705Z Debug: ChatMessageStream: loadConversation(d9f9dbfa-606a-43a0-80f7-b5df9e9a2999) → 13 messages
2026-04-07T19:48:07.226818Z Info: Getting saved scroll position
2026-04-07T19:48:07.242241Z Info: (ConversationListUi) Restore detail pane for d9f9dbfa-606a-43a0-80f7-b5df9e9a2999
2026-04-07T19:48:07.256367Z Info: Pre-initializing scroll position: id=d9f9dbfa-606a-43a0-80f7-b5df9e9a2999 -> 11:678
2026-04-07T19:48:07.584284Z Info: Scroll changed: id=d9f9dbfa-606a-43a0-80f7-b5df9e9a2999 -> 11:678
2026-04-07T19:48:08.008099Z Debug: markAsRead: convo=d9f9dbfa-606a-43a0-80f7-b5df9e9a2999 unread=0/4 newReadTime=1775591288008
2026-04-07T19:48:08.242011Z Debug: ConversationStream: unreadSync convo=7efd01ba-b36d-7d7d-879c-b1e64d0ba0e1 0->8
2026-04-07T19:48:08.242184Z Debug: ConversationStream: unreadSync convo=64faac9c-b3ba-4d01-95d0-32bbf63e9381 0->438
2026-04-07T19:48:08.244539Z Debug: ConversationStream: unreadSync convo=cd07bf14-80eb-404d-875b-c9baeec738dd 0->38
2026-04-07T19:48:08.24521Z Debug: ConversationStream: unreadSync convo=4457cee7-35a0-420f-8a94-da869a5b4544 0->2
2026-04-07T19:48:08.245373Z Debug: ConversationStream: unreadSync convo=e77a3249-add3-4f4a-9c1a-e5737ad322bf 0->74
2026-04-07T19:48:08.245712Z Debug: ConversationStream: unreadSync convo=8ae3c31a-fb4e-476a-92c7-d50d93f77255 0->7
2026-04-07T19:48:08.246084Z Debug: ConversationStream: unreadSync convo=256769a8-d816-d468-aef4-7e258eece4ff 0->4
2026-04-07T19:48:08.246559Z Debug: ConversationStream: unreadSync convo=901d4566-9493-42be-b77a-7964de6ce295 0->1
2026-04-07T19:48:08.247086Z Debug: ConversationStream: unreadSync convo=50abcb2d-0f8c-4257-826c-a33da11654b3 0->319
2026-04-07T19:48:08.247589Z Debug: ConversationStream: unreadSync convo=7c2e8b7d-6053-47ee-baee-7e355f72207c 0->1
2026-04-07T19:48:08.248267Z Debug: ConversationStream: unreadSync convo=537c8c57-c213-4c7e-87d9-d38719232c6a 0->2
2026-04-07T19:48:08.249421Z Debug: ConversationStream: unreadSync convo=540302b7-1887-4aae-ae93-2ae7a33e7285 0->42
2026-04-07T19:48:08.252691Z Debug: ConversationStream: unreadSync convo=c9f4b0ec-db00-98ed-ff4f-fcdd14ed54c6 0->1
2026-04-07T19:48:08.253147Z Debug: ConversationStream: unreadSync convo=b71b603d-532f-4d50-835f-8aff22ca6fc1 0->121
2026-04-07T19:48:08.254328Z Debug: ConversationStream: unreadSync convo=6cfb2586-7aa9-4a29-9043-a1d5b6ba8255 0->108
2026-04-07T19:48:08.254568Z Debug: ConversationStream: unreadSync convo=7d8d0e6e-0720-6d89-db95-3f090df5892d 0->8
2026-04-07T19:48:08.256928Z Debug: ConversationStream: unreadSync convo=ef9bf7d7-5e71-4c95-9e28-dcb4a625f55e 0->391
2026-04-07T19:48:08.257129Z Debug: ConversationStream: unreadSync convo=24fe7a52-d7dd-f64d-a9fa-87885f333253 0->45
2026-04-07T19:48:08.258054Z Debug: ConversationStream: unreadSync convo=27e0c227-f8cb-4c01-a896-5c8c4b222764 0->1
2026-04-07T19:48:08.258693Z Debug: ConversationStream: unreadSync convo=fcb0d12e-f85b-467c-9af4-c944bc9f4bad 0->51
2026-04-07T19:48:08.258963Z Debug: ConversationStream: unreadSync convo=9ac83b4c-d762-5695-289e-d4ce407cfe3a 0->15
2026-04-07T19:48:08.261252Z Debug: ConversationStream: unreadSync convo=e028c85f-f04d-4600-8946-3d3a8be543f4 0->156
2026-04-07T19:48:08.261438Z Debug: ConversationStream: unreadSync convo=e60fd221-ef31-4323-aa52-52691c4946a3 0->59
2026-04-07T19:48:08.262138Z Debug: ConversationStream: unreadSync convo=b3c628f2-1eed-41da-87d6-030909099afd 0->31
2026-04-07T19:48:08.262501Z Debug: ConversationStream: unreadSync convo=7e9ef437-9e71-48b7-b32d-6df219712c9f 0->9
2026-04-07T19:48:08.26292Z Debug: ConversationStream: unreadSync convo=928bed18-cd75-4125-9b17-9c16f4c84f58 0->35
2026-04-07T19:48:08.263405Z Debug: ConversationStream: unreadSync convo=d2065d2b-8563-405f-b5cb-1392405572d0 0->85
2026-04-07T19:48:08.263824Z Debug: ConversationStream: unreadSync convo=4b477621-9635-0ae8-c70e-83f3391d9ea2 0->26
2026-04-07T19:48:08.264421Z Debug: ConversationStream: unreadSync convo=b9950f88-30ce-d1de-8f5a-b9896186aa9c 0->136
2026-04-07T19:48:08.2648Z Debug: ConversationStream: unreadSync convo=83fa0e00-51d6-44f8-9f17-0f6eb7f2608c 0->14
2026-04-07T19:48:08.265134Z Debug: ConversationStream: unreadSync convo=6dc335e4-fe66-4280-abf4-24b77616b95f 0->10
2026-04-07T19:48:08.265518Z Debug: ConversationStream: unreadSync convo=20454198-aafa-132f-e06c-54bb71b8c3d2 0->263
2026-04-07T19:48:08.265905Z Debug: ConversationStream: unreadSync convo=09111249-7397-ca96-1fea-e608f66ecb71 0->23
2026-04-07T19:48:08.266279Z Debug: ConversationStream: unreadSync convo=0cdbc6ac-ed6b-43e2-b83e-ce2f9b38ddf9 0->2
2026-04-07T19:48:08.266721Z Debug: ConversationStream: unreadSync convo=e7c825b8-a432-40a8-a54a-daa66d65d7c3 0->2
2026-04-07T19:48:08.26718Z Debug: ConversationStream: unreadSync convo=885de453-b30f-457b-b352-b6c08d84c126 0->155
2026-04-07T19:48:08.267564Z Debug: ConversationStream: unreadSync convo=0b81acf2-8d3f-463e-b940-44b50607035e 0->8
2026-04-07T19:48:08.268106Z Debug: ConversationStream: unreadSync convo=979b2fbf-3be1-446e-8675-9a1ca1ceb5c3 0->1
2026-04-07T19:48:08.268575Z Debug: ConversationStream: unreadSync convo=add729a6-6dc6-b47a-a668-454cf7acd0fd 0->151
2026-04-07T19:48:08.269032Z Debug: ConversationStream: unreadSync convo=e42ef4fd-db45-604c-6e52-a542de983f2c 0->19
2026-04-07T19:48:08.269474Z Debug: ConversationStream: unreadSync convo=c09df4f4-0a75-4d49-8b5c-964111f6b99b 0->37
2026-04-07T19:48:08.269924Z Debug: ConversationStream: unreadSync convo=f2accf21-7fed-464f-935c-985731548f1c 0->20
2026-04-07T19:48:08.270417Z Debug: ConversationStream: unreadSync convo=c77ffde9-e02e-4c33-ad53-1091298bff32 0->20
2026-04-07T19:48:08.270869Z Debug: ConversationStream: unreadSync convo=f5956962-980e-4935-b444-db7a731f1991 0->1
2026-04-07T19:48:08.27132Z Debug: ConversationStream: unreadSync convo=b3960378-a16e-4cb4-a6cc-faaa56b30e9c 0->2
2026-04-07T19:48:08.271728Z Debug: ConversationStream: unreadSync convo=82bdd5a1-852a-4f34-bb9f-eeed6055a916 0->2
2026-04-07T19:48:08.272368Z Debug: ConversationStream: unreadSync convo=7dcfe659-9d61-4401-ae7c-364ac8a1b9df 0->6
2026-04-07T19:48:08.272663Z Debug: ConversationStream: unreadSync convo=37522d23-6764-4757-a192-fc47ab3937a1 0->8
2026-04-07T19:48:08.272954Z Debug: ConversationStream: unreadSync convo=d31b0ee6-a1fb-44bc-93cf-446444666323 0->4
2026-04-07T19:48:08.273279Z Debug: ConversationStream: unreadSync convo=d32372c1-c1c8-41d8-be89-85865d89100a 0->5
2026-04-07T19:48:08.798224Z Error: (HomebaseImageLoader) Non-retriable exception: Not found
2026-04-07T19:48:11.446976Z Debug: ChatMessageStream: loadConversation(4b2cf99c-7078-4f0e-ae07-f8cca955a510)
2026-04-07T19:48:11.44824Z Info: (ConversationListUi) Navigating to detail for 4b2cf99c-7078-4f0e-ae07-f8cca955a510
2026-04-07T19:48:11.454921Z Info: Pre-initializing empty scroll position: id=4b2cf99c-7078-4f0e-ae07-f8cca955a510
2026-04-07T19:48:11.63471Z Debug: ChatMessageStream: loadConversation(4b2cf99c-7078-4f0e-ae07-f8cca955a510) → 1000 messages
2026-04-07T19:48:11.640065Z Info: Getting saved scroll position
2026-04-07T19:48:11.651547Z Info: Pre-initializing scroll position: id=4b2cf99c-7078-4f0e-ae07-f8cca955a510 -> 1062:357
2026-04-07T19:48:11.672019Z Info: (ConversationListUi) Restore detail pane for 4b2cf99c-7078-4f0e-ae07-f8cca955a510
2026-04-07T19:48:11.973547Z Info: Scroll changed: id=4b2cf99c-7078-4f0e-ae07-f8cca955a510 -> 1060:231
2026-04-07T19:48:14.270297Z Debug: ChatMessageStream: loadConversation(70bc5f68-c9fb-460a-8561-c7ec7588285b)
2026-04-07T19:48:14.27128Z Info: (ConversationListUi) Navigating to detail for 70bc5f68-c9fb-460a-8561-c7ec7588285b
2026-04-07T19:48:14.284913Z Info: Pre-initializing empty scroll position: id=70bc5f68-c9fb-460a-8561-c7ec7588285b
2026-04-07T19:48:14.493212Z Warn: Message (uid: d45307a3-e1f8-18d8-9b7f-b1a064ab5cf9) with no version and not edited has null userDate. using authorSpecificDate
2026-04-07T19:48:14.493488Z Warn: See File here: https://michael.seifert.page/owner/drives/9ff813aff2d61e2f9b9db189e72d1a11_66ea8355ae4155c39b5a719166b510e3/d45307a3-e1f8-18d8-9b7f-b1a064ab5cf9
2026-04-07T19:48:14.49391Z Warn: Message (uid: 86ab3b27-341e-d42a-5ea6-388a500571ee) with no version and not edited has null userDate. using authorSpecificDate
2026-04-07T19:48:14.494007Z Warn: See File here: https://michael.seifert.page/owner/drives/9ff813aff2d61e2f9b9db189e72d1a11_66ea8355ae4155c39b5a719166b510e3/86ab3b27-341e-d42a-5ea6-388a500571ee
2026-04-07T19:48:14.494199Z Warn: Message (uid: 22b3131f-2b78-e671-0623-48c096da8031) with no version and not edited has null userDate. using authorSpecificDate
2026-04-07T19:48:14.494332Z Warn: See File here: https://michael.seifert.page/owner/drives/9ff813aff2d61e2f9b9db189e72d1a11_66ea8355ae4155c39b5a719166b510e3/22b3131f-2b78-e671-0623-48c096da8031
2026-04-07T19:48:14.495068Z Warn: Message (uid: d23ccec5-229c-ae2b-8b55-979549ef7014) with no version and not edited has null userDate. using authorSpecificDate
2026-04-07T19:48:14.495324Z Warn: See File here: https://michael.seifert.page/owner/drives/9ff813aff2d61e2f9b9db189e72d1a11_66ea8355ae4155c39b5a719166b510e3/d23ccec5-229c-ae2b-8b55-979549ef7014
2026-04-07T19:48:14.495979Z Warn: Message (uid: fdd4ab3b-9bfc-bc3e-10c1-6e47fe851dd2) with no version and not edited has null userDate. using authorSpecificDate
2026-04-07T19:48:14.496445Z Warn: See File here: https://michael.seifert.page/owner/drives/9ff813aff2d61e2f9b9db189e72d1a11_66ea8355ae4155c39b5a719166b510e3/fdd4ab3b-9bfc-bc3e-10c1-6e47fe851dd2
2026-04-07T19:48:14.496988Z Warn: Message (uid: c19b5882-1510-6bf7-e17d-a8f6d624c951) with no version and not edited has null userDate. using authorSpecificDate
2026-04-07T19:48:14.49726Z Warn: See File here: https://michael.seifert.page/owner/drives/9ff813aff2d61e2f9b9db189e72d1a11_66ea8355ae4155c39b5a719166b510e3/c19b5882-1510-6bf7-e17d-a8f6d624c951
2026-04-07T19:48:14.497762Z Warn: Message (uid: aca9fddf-4233-96c3-b1bf-19980f5b7c14) with no version and not edited has null userDate. using authorSpecificDate
2026-04-07T19:48:14.498143Z Warn: See File here: https://michael.seifert.page/owner/drives/9ff813aff2d61e2f9b9db189e72d1a11_66ea8355ae4155c39b5a719166b510e3/aca9fddf-4233-96c3-b1bf-19980f5b7c14
2026-04-07T19:48:14.49864Z Warn: Message (uid: a635c396-7208-c045-bcf8-2a605d5ec370) with no version and not edited has null userDate. using authorSpecificDate
2026-04-07T19:48:14.499289Z Warn: See File here: https://michael.seifert.page/owner/drives/9ff813aff2d61e2f9b9db189e72d1a11_66ea8355ae4155c39b5a719166b510e3/a635c396-7208-c045-bcf8-2a605d5ec370
2026-04-07T19:48:14.500184Z Warn: Message (uid: 71812da3-4e16-a973-9b24-fee572c40370) with no version and not edited has null userDate. using authorSpecificDate
2026-04-07T19:48:14.500601Z Warn: See File here: https://michael.seifert.page/owner/drives/9ff813aff2d61e2f9b9db189e72d1a11_66ea8355ae4155c39b5a719166b510e3/71812da3-4e16-a973-9b24-fee572c40370
2026-04-07T19:48:14.500972Z Warn: Message (uid: 3f213d0b-49c0-7cfe-483e-daed868f939c) with no version and not edited has null userDate. using authorSpecificDate
2026-04-07T19:48:14.501494Z Warn: See File here: https://michael.seifert.page/owner/drives/9ff813aff2d61e2f9b9db189e72d1a11_66ea8355ae4155c39b5a719166b510e3/3f213d0b-49c0-7cfe-483e-daed868f939c
2026-04-07T19:48:14.502212Z Warn: Message (uid: 50ea1abc-5336-2b55-209b-63fd66a318c9) with no version and not edited has null userDate. using authorSpecificDate
2026-04-07T19:48:14.502927Z Warn: See File here: https://michael.seifert.page/owner/drives/9ff813aff2d61e2f9b9db189e72d1a11_66ea8355ae4155c39b5a719166b510e3/50ea1abc-5336-2b55-209b-63fd66a318c9
2026-04-07T19:48:14.503228Z Warn: Message (uid: 91e71a76-edd4-89f6-19da-717f1b8571eb) with no version and not edited has null userDate. using authorSpecificDate
2026-04-07T19:48:14.503304Z Warn: See File here: https://michael.seifert.page/owner/drives/9ff813aff2d61e2f9b9db189e72d1a11_66ea8355ae4155c39b5a719166b510e3/91e71a76-edd4-89f6-19da-717f1b8571eb
2026-04-07T19:48:14.503484Z Warn: Message (uid: ddea893b-6b6d-f512-f8b8-198b43873101) with no version and not edited has null userDate. using authorSpecificDate
2026-04-07T19:48:14.503645Z Warn: See File here: https://michael.seifert.page/owner/drives/9ff813aff2d61e2f9b9db189e72d1a11_66ea8355ae4155c39b5a719166b510e3/ddea893b-6b6d-f512-f8b8-198b43873101
2026-04-07T19:48:14.50409Z Warn: Message (uid: 04868587-9f2b-ce03-3420-be2d43e1aaf1) with no version and not edited has null userDate. using authorSpecificDate
2026-04-07T19:48:14.504311Z Warn: See File here: https://michael.seifert.page/owner/drives/9ff813aff2d61e2f9b9db189e72d1a11_66ea8355ae4155c39b5a719166b510e3/04868587-9f2b-ce03-3420-be2d43e1aaf1
2026-04-07T19:48:14.504556Z Warn: Message (uid: 7507f0f9-d3bd-6717-9d46-03a6f06b1a82) with no version and not edited has null userDate. using authorSpecificDate
2026-04-07T19:48:14.504722Z Warn: See File here: https://michael.seifert.page/owner/drives/9ff813aff2d61e2f9b9db189e72d1a11_66ea8355ae4155c39b5a719166b510e3/7507f0f9-d3bd-6717-9d46-03a6f06b1a82
2026-04-07T19:48:14.504862Z Warn: Message (uid: 5d5c271c-c759-f4e2-aecf-fcbc23fd507c) with no version and not edited has null userDate. using authorSpecificDate
2026-04-07T19:48:14.505004Z Warn: See File here: https://michael.seifert.page/owner/drives/9ff813aff2d61e2f9b9db189e72d1a11_66ea8355ae4155c39b5a719166b510e3/5d5c271c-c759-f4e2-aecf-fcbc23fd507c
2026-04-07T19:48:14.505466Z Warn: Message (uid: cd0b969f-38c1-fa78-7178-650c04f1716d) with no version and not edited has null userDate. using authorSpecificDate
2026-04-07T19:48:14.505684Z Warn: See File here: https://michael.seifert.page/owner/drives/9ff813aff2d61e2f9b9db189e72d1a11_66ea8355ae4155c39b5a719166b510e3/cd0b969f-38c1-fa78-7178-650c04f1716d
2026-04-07T19:48:14.506262Z Warn: Message (uid: 3fdf11c8-9f51-e246-26e4-dbf0b1856a2b) with no version and not edited has null userDate. using authorSpecificDate
2026-04-07T19:48:14.506521Z Warn: See File here: https://michael.seifert.page/owner/drives/9ff813aff2d61e2f9b9db189e72d1a11_66ea8355ae4155c39b5a719166b510e3/3fdf11c8-9f51-e246-26e4-dbf0b1856a2b
2026-04-07T19:48:14.506832Z Warn: Message (uid: ae168310-4bd3-e410-b139-cb13c7c879f1) with no version and not edited has null userDate. using authorSpecificDate
2026-04-07T19:48:14.50698Z Warn: See File here: https://michael.seifert.page/owner/drives/9ff813aff2d61e2f9b9db189e72d1a11_66ea8355ae4155c39b5a719166b510e3/ae168310-4bd3-e410-b139-cb13c7c879f1
2026-04-07T19:48:14.507095Z Warn: Message (uid: ff8a8829-bf32-19ec-ff5d-58b6a129f32a) with no version and not edited has null userDate. using authorSpecificDate
2026-04-07T19:48:14.507217Z Warn: See File here: https://michael.seifert.page/owner/drives/9ff813aff2d61e2f9b9db189e72d1a11_66ea8355ae4155c39b5a719166b510e3/ff8a8829-bf32-19ec-ff5d-58b6a129f32a
2026-04-07T19:48:14.507553Z Warn: Message (uid: a8f748af-8b55-5f58-424b-b5f940073205) with no version and not edited has null userDate. using authorSpecificDate
2026-04-07T19:48:14.507687Z Warn: See File here: https://michael.seifert.page/owner/drives/9ff813aff2d61e2f9b9db189e72d1a11_66ea8355ae4155c39b5a719166b510e3/a8f748af-8b55-5f58-424b-b5f940073205
2026-04-07T19:48:14.508054Z Warn: Message (uid: bcb601aa-b012-6bb6-8ea6-5c0e0ba67a04) with no version and not edited has null userDate. using authorSpecificDate
2026-04-07T19:48:14.508185Z Warn: See File here: https://michael.seifert.page/owner/drives/9ff813aff2d61e2f9b9db189e72d1a11_66ea8355ae4155c39b5a719166b510e3/bcb601aa-b012-6bb6-8ea6-5c0e0ba67a04
2026-04-07T19:48:14.508479Z Warn: Message (uid: 58d31b38-9335-1ed2-3a41-c5b8f3b13b99) with no version and not edited has null userDate. using authorSpecificDate
2026-04-07T19:48:14.508646Z Warn: See File here: https://michael.seifert.page/owner/drives/9ff813aff2d61e2f9b9db189e72d1a11_66ea8355ae4155c39b5a719166b510e3/58d31b38-9335-1ed2-3a41-c5b8f3b13b99
2026-04-07T19:48:14.50908Z Warn: Message (uid: 9c87c722-83d0-9f82-5954-799a92e000f0) with no version and not edited has null userDate. using authorSpecificDate
2026-04-07T19:48:14.509209Z Warn: See File here: https://michael.seifert.page/owner/drives/9ff813aff2d61e2f9b9db189e72d1a11_66ea8355ae4155c39b5a719166b510e3/9c87c722-83d0-9f82-5954-799a92e000f0
2026-04-07T19:48:14.509488Z Warn: Message (uid: fac68aa6-8817-fabc-f39e-89f7b70cea7b) with no version and not edited has null userDate. using authorSpecificDate
2026-04-07T19:48:14.509642Z Warn: See File here: https://michael.seifert.page/owner/drives/9ff813aff2d61e2f9b9db189e72d1a11_66ea8355ae4155c39b5a719166b510e3/fac68aa6-8817-fabc-f39e-89f7b70cea7b
2026-04-07T19:48:14.509951Z Warn: Message (uid: 8b3bee62-c920-b1a6-3575-be5cc6c0ea33) with no version and not edited has null userDate. using authorSpecificDate
2026-04-07T19:48:14.510116Z Warn: See File here: https://michael.seifert.page/owner/drives/9ff813aff2d61e2f9b9db189e72d1a11_66ea8355ae4155c39b5a719166b510e3/8b3bee62-c920-b1a6-3575-be5cc6c0ea33
2026-04-07T19:48:14.510294Z Warn: Message (uid: e00ebed2-f3e5-33de-7557-85aaf04f524a) with no version and not edited has null userDate. using authorSpecificDate
2026-04-07T19:48:14.510391Z Warn: See File here: https://michael.seifert.page/owner/drives/9ff813aff2d61e2f9b9db189e72d1a11_66ea8355ae4155c39b5a719166b510e3/e00ebed2-f3e5-33de-7557-85aaf04f524a
2026-04-07T19:48:14.510686Z Warn: Message (uid: aedc8f3b-e388-d834-824c-4201b71715df) with no version and not edited has null userDate. using authorSpecificDate
2026-04-07T19:48:14.510849Z Warn: See File here: https://michael.seifert.page/owner/drives/9ff813aff2d61e2f9b9db189e72d1a11_66ea8355ae4155c39b5a719166b510e3/aedc8f3b-e388-d834-824c-4201b71715df
2026-04-07T19:48:14.511062Z Warn: Message (uid: f47f1ae0-c9a7-05a7-ffa4-15167d0fc834) with no version and not edited has null userDate. using authorSpecificDate
2026-04-07T19:48:14.511188Z Warn: See File here: https://michael.seifert.page/owner/drives/9ff813aff2d61e2f9b9db189e72d1a11_66ea8355ae4155c39b5a719166b510e3/f47f1ae0-c9a7-05a7-ffa4-15167d0fc834
2026-04-07T19:48:14.511497Z Warn: Message (uid: 99ce2490-455a-2c0b-0dbf-353971847c83) with no version and not edited has null userDate. using authorSpecificDate
2026-04-07T19:48:14.511649Z Warn: See File here: https://michael.seifert.page/owner/drives/9ff813aff2d61e2f9b9db189e72d1a11_66ea8355ae4155c39b5a719166b510e3/99ce2490-455a-2c0b-0dbf-353971847c83
2026-04-07T19:48:14.511965Z Warn: Message (uid: 124bdaf9-3a2e-5bd4-73bb-8bfacd5707d1) with no version and not edited has null userDate. using authorSpecificDate
2026-04-07T19:48:14.512084Z Warn: See File here: https://michael.seifert.page/owner/drives/9ff813aff2d61e2f9b9db189e72d1a11_66ea8355ae4155c39b5a719166b510e3/124bdaf9-3a2e-5bd4-73bb-8bfacd5707d1
2026-04-07T19:48:14.512258Z Warn: Message (uid: 49927731-e1c2-fb80-e397-c9d92b001575) with no version and not edited has null userDate. using authorSpecificDate
2026-04-07T19:48:14.512376Z Warn: See File here: https://michael.seifert.page/owner/drives/9ff813aff2d61e2f9b9db189e72d1a11_66ea8355ae4155c39b5a719166b510e3/49927731-e1c2-fb80-e397-c9d92b001575
2026-04-07T19:48:14.512676Z Warn: Message (uid: d71d9971-cfba-d81f-d071-61691aba555c) with no version and not edited has null userDate. using authorSpecificDate
2026-04-07T19:48:14.51284Z Warn: See File here: https://michael.seifert.page/owner/drives/9ff813aff2d61e2f9b9db189e72d1a11_66ea8355ae4155c39b5a719166b510e3/d71d9971-cfba-d81f-d071-61691aba555c
2026-04-07T19:48:14.513219Z Warn: Message (uid: ab4d9c52-62a6-ef93-278d-2a7c3d917be0) with no version and not edited has null userDate. using authorSpecificDate
2026-04-07T19:48:14.513385Z Warn: See File here: https://michael.seifert.page/owner/drives/9ff813aff2d61e2f9b9db189e72d1a11_66ea8355ae4155c39b5a719166b510e3/ab4d9c52-62a6-ef93-278d-2a7c3d917be0
2026-04-07T19:48:14.513663Z Warn: Message (uid: 03cf5533-60ec-cfe8-da1a-1d0537501bdf) with no version and not edited has null userDate. using authorSpecificDate
2026-04-07T19:48:14.513834Z Warn: See File here: https://michael.seifert.page/owner/drives/9ff813aff2d61e2f9b9db189e72d1a11_66ea8355ae4155c39b5a719166b510e3/03cf5533-60ec-cfe8-da1a-1d0537501bdf
2026-04-07T19:48:14.514257Z Warn: Message (uid: 133a8b68-bdb5-70bb-18f4-12c57685692c) with no version and not edited has null userDate. using authorSpecificDate
2026-04-07T19:48:14.514411Z Warn: See File here: https://michael.seifert.page/owner/drives/9ff813aff2d61e2f9b9db189e72d1a11_66ea8355ae4155c39b5a719166b510e3/133a8b68-bdb5-70bb-18f4-12c57685692c
2026-04-07T19:48:14.514672Z Warn: Message (uid: 8948ebba-b907-da94-ebae-71e4adfb2825) with no version and not edited has null userDate. using authorSpecificDate
2026-04-07T19:48:14.514853Z Warn: See File here: https://michael.seifert.page/owner/drives/9ff813aff2d61e2f9b9db189e72d1a11_66ea8355ae4155c39b5a719166b510e3/8948ebba-b907-da94-ebae-71e4adfb2825
2026-04-07T19:48:14.515239Z Warn: Message (uid: e57f1b1c-6a1f-a54f-a769-d543ed5e43aa) with no version and not edited has null userDate. using authorSpecificDate
2026-04-07T19:48:14.515452Z Warn: See File here: https://michael.seifert.page/owner/drives/9ff813aff2d61e2f9b9db189e72d1a11_66ea8355ae4155c39b5a719166b510e3/e57f1b1c-6a1f-a54f-a769-d543ed5e43aa
2026-04-07T19:48:14.515602Z Warn: Message (uid: 1aa0664d-c3c0-2b29-eaad-2a8160208dcb) with no version and not edited has null userDate. using authorSpecificDate
2026-04-07T19:48:14.515699Z Warn: See File here: https://michael.seifert.page/owner/drives/9ff813aff2d61e2f9b9db189e72d1a11_66ea8355ae4155c39b5a719166b510e3/1aa0664d-c3c0-2b29-eaad-2a8160208dcb
2026-04-07T19:48:14.516028Z Warn: Message (uid: eb180e85-2324-47aa-ef63-4d55c7a085f0) with no version and not edited has null userDate. using authorSpecificDate
2026-04-07T19:48:14.51623Z Warn: See File here: https://michael.seifert.page/owner/drives/9ff813aff2d61e2f9b9db189e72d1a11_66ea8355ae4155c39b5a719166b510e3/eb180e85-2324-47aa-ef63-4d55c7a085f0
2026-04-07T19:48:14.516642Z Warn: Message (uid: 202d6953-8c42-eb38-ff2a-a428b1aed81d) with no version and not edited has null userDate. using authorSpecificDate
2026-04-07T19:48:14.516789Z Warn: See File here: https://michael.seifert.page/owner/drives/9ff813aff2d61e2f9b9db189e72d1a11_66ea8355ae4155c39b5a719166b510e3/202d6953-8c42-eb38-ff2a-a428b1aed81d
2026-04-07T19:48:14.517075Z Warn: Message (uid: 481d718e-6a28-b6b3-dbc2-139c4d2e279c) with no version and not edited has null userDate. using authorSpecificDate
2026-04-07T19:48:14.517204Z Warn: See File here: https://michael.seifert.page/owner/drives/9ff813aff2d61e2f9b9db189e72d1a11_66ea8355ae4155c39b5a719166b510e3/481d718e-6a28-b6b3-dbc2-139c4d2e279c
2026-04-07T19:48:14.517659Z Warn: Message (uid: e0ca441b-bf11-671d-4229-1bb09ded961f) with no version and not edited has null userDate. using authorSpecificDate
2026-04-07T19:48:14.517819Z Warn: See File here: https://michael.seifert.page/owner/drives/9ff813aff2d61e2f9b9db189e72d1a11_66ea8355ae4155c39b5a719166b510e3/e0ca441b-bf11-671d-4229-1bb09ded961f
2026-04-07T19:48:14.51844Z Warn: Message (uid: 01a797a5-8e17-ca61-7172-475bbb2e94ab) with no version and not edited has null userDate. using authorSpecificDate
2026-04-07T19:48:14.518573Z Warn: See File here: https://michael.seifert.page/owner/drives/9ff813aff2d61e2f9b9db189e72d1a11_66ea8355ae4155c39b5a719166b510e3/01a797a5-8e17-ca61-7172-475bbb2e94ab
2026-04-07T19:48:14.518872Z Warn: Message (uid: 69988e91-6527-e304-e0a8-0df242323a39) with no version and not edited has null userDate. using authorSpecificDate
2026-04-07T19:48:14.519034Z Warn: See File here: https://michael.seifert.page/owner/drives/9ff813aff2d61e2f9b9db189e72d1a11_66ea8355ae4155c39b5a719166b510e3/69988e91-6527-e304-e0a8-0df242323a39
2026-04-07T19:48:14.519396Z Warn: Message (uid: 6c44c4e2-ad48-2b63-09b0-4279a99c1c12) with no version and not edited has null userDate. using authorSpecificDate
2026-04-07T19:48:14.519742Z Warn: See File here: https://michael.seifert.page/owner/drives/9ff813aff2d61e2f9b9db189e72d1a11_66ea8355ae4155c39b5a719166b510e3/6c44c4e2-ad48-2b63-09b0-4279a99c1c12
2026-04-07T19:48:14.520048Z Warn: Message (uid: 6cabbb86-cac6-3613-e242-caa4f999feb0) with no version and not edited has null userDate. using authorSpecificDate
2026-04-07T19:48:14.520349Z Warn: See File here: https://michael.seifert.page/owner/drives/9ff813aff2d61e2f9b9db189e72d1a11_66ea8355ae4155c39b5a719166b510e3/6cabbb86-cac6-3613-e242-caa4f999feb0
2026-04-07T19:48:14.520557Z Warn: Message (uid: 62b5657d-397e-1143-968d-6e3c960150a9) with no version and not edited has null userDate. using authorSpecificDate
2026-04-07T19:48:14.520754Z Warn: See File here: https://michael.seifert.page/owner/drives/9ff813aff2d61e2f9b9db189e72d1a11_66ea8355ae4155c39b5a719166b510e3/62b5657d-397e-1143-968d-6e3c960150a9
2026-04-07T19:48:14.521122Z Debug: ChatMessageStream: loadConversation(70bc5f68-c9fb-460a-8561-c7ec7588285b) → 260 messages
2026-04-07T19:48:14.52633Z Info: Getting saved scroll position
2026-04-07T19:48:14.531175Z Info: Pre-initializing scroll position: id=70bc5f68-c9fb-460a-8561-c7ec7588285b -> 295:85
2026-04-07T19:48:14.549961Z Info: (ConversationListUi) Restore detail pane for 70bc5f68-c9fb-460a-8561-c7ec7588285b
2026-04-07T19:48:14.852435Z Info: Scroll changed: id=70bc5f68-c9fb-460a-8561-c7ec7588285b -> 295:85
2026-04-07T19:48:15.249743Z Debug: markAsRead: convo=70bc5f68-c9fb-460a-8561-c7ec7588285b unread=0/6 newReadTime=1775591295250
2026-04-07T19:48:17.029616Z Debug: ConversationStream: start() — loading full conversation list from DB
2026-04-07T19:48:17.037155Z Debug: (ConversationQueries) Fetched rows=81 in 8ms
2026-04-07T19:48:17.03738Z Debug: (ConversationQueries) Mapping row[0] | convSize=1385 hasMsg=true
2026-04-07T19:48:17.037775Z Error: (HomebaseImageLoader) Non-retriable exception: Not found
2026-04-07T19:48:17.038388Z Debug: (ConversationQueries) Mapping row[1] | convSize=1385 hasMsg=true
2026-04-07T19:48:17.038841Z Debug: (ConversationQueries) Mapping row[2] | convSize=1313 hasMsg=true
2026-04-07T19:48:17.039262Z Debug: (ConversationQueries) Mapping row[3] | convSize=1846 hasMsg=true
2026-04-07T19:48:17.039808Z Debug: (ConversationQueries) Mapping row[4] | convSize=1399 hasMsg=true
2026-04-07T19:48:17.040364Z Debug: (ConversationQueries) Mapping row[5] | convSize=1195 hasMsg=true
2026-04-07T19:48:17.04097Z Debug: (ConversationQueries) Mapping row[6] | convSize=1444 hasMsg=true
2026-04-07T19:48:17.041556Z Debug: (ConversationQueries) Mapping row[7] | convSize=1387 hasMsg=true
2026-04-07T19:48:17.042059Z Debug: (ConversationQueries) Mapping row[8] | convSize=1369 hasMsg=true
2026-04-07T19:48:17.042607Z Debug: (ConversationQueries) Mapping row[9] | convSize=1407 hasMsg=true
2026-04-07T19:48:17.043171Z Debug: (ConversationQueries) Mapping row[10] | convSize=1394 hasMsg=true
2026-04-07T19:48:17.043694Z Debug: (ConversationQueries) Mapping row[11] | convSize=1186 hasMsg=true
2026-04-07T19:48:17.044295Z Debug: (ConversationQueries) Mapping row[12] | convSize=1396 hasMsg=true
2026-04-07T19:48:17.044825Z Debug: (ConversationQueries) Mapping row[13] | convSize=3763 hasMsg=true
2026-04-07T19:48:17.045577Z Debug: (ConversationQueries) Mapping row[14] | convSize=1734 hasMsg=true
2026-04-07T19:48:17.046157Z Debug: (ConversationQueries) Mapping row[15] | convSize=1446 hasMsg=true
2026-04-07T19:48:17.046627Z Debug: (ConversationQueries) Mapping row[16] | convSize=1903 hasMsg=true
2026-04-07T19:48:17.047188Z Debug: (ConversationQueries) Mapping row[17] | convSize=1401 hasMsg=true
2026-04-07T19:48:17.047586Z Debug: (ConversationQueries) Mapping row[18] | convSize=1395 hasMsg=true
2026-04-07T19:48:17.048045Z Debug: (ConversationQueries) Mapping row[19] | convSize=1288 hasMsg=true
2026-04-07T19:48:17.048548Z Debug: (ConversationQueries) Mapping row[20] | convSize=1302 hasMsg=true
2026-04-07T19:48:17.049053Z Debug: (ConversationQueries) Mapping row[21] | convSize=1230 hasMsg=true
2026-04-07T19:48:17.049577Z Debug: (ConversationQueries) Mapping row[22] | convSize=1510 hasMsg=true
2026-04-07T19:48:17.049996Z Debug: (ConversationQueries) Mapping row[23] | convSize=1389 hasMsg=true
2026-04-07T19:48:17.050471Z Debug: (ConversationQueries) Mapping row[24] | convSize=1449 hasMsg=true
2026-04-07T19:48:17.050882Z Debug: (ConversationQueries) Mapping row[25] | convSize=1442 hasMsg=true
2026-04-07T19:48:17.051317Z Debug: (ConversationQueries) Mapping row[26] | convSize=1325 hasMsg=true
2026-04-07T19:48:17.051623Z Debug: (ConversationQueries) Mapping row[27] | convSize=1401 hasMsg=true
2026-04-07T19:48:17.052032Z Debug: (ConversationQueries) Mapping row[28] | convSize=1393 hasMsg=true
2026-04-07T19:48:17.052531Z Debug: (ConversationQueries) Mapping row[29] | convSize=1401 hasMsg=true
2026-04-07T19:48:17.053009Z Debug: (ConversationQueries) Mapping row[30] | convSize=1406 hasMsg=true
2026-04-07T19:48:17.053358Z Debug: (ConversationQueries) Mapping row[31] | convSize=1402 hasMsg=true
2026-04-07T19:48:17.053715Z Debug: (ConversationQueries) Mapping row[32] | convSize=1278 hasMsg=true
2026-04-07T19:48:17.054041Z Debug: (ConversationQueries) Mapping row[33] | convSize=1215 hasMsg=true
2026-04-07T19:48:17.054417Z Debug: (ConversationQueries) Mapping row[34] | convSize=1410 hasMsg=true
2026-04-07T19:48:17.054759Z Debug: (ConversationQueries) Mapping row[35] | convSize=1426 hasMsg=true
2026-04-07T19:48:17.055045Z Debug: (ConversationQueries) Mapping row[36] | convSize=1308 hasMsg=true
2026-04-07T19:48:17.05539Z Debug: (ConversationQueries) Mapping row[37] | convSize=1417 hasMsg=true
2026-04-07T19:48:17.055818Z Debug: (ConversationQueries) Mapping row[38] | convSize=1428 hasMsg=true
2026-04-07T19:48:17.056289Z Debug: (ConversationQueries) Mapping row[39] | convSize=1279 hasMsg=true
2026-04-07T19:48:17.056592Z Debug: (ConversationQueries) Mapping row[40] | convSize=1142 hasMsg=true
2026-04-07T19:48:17.056885Z Debug: (ConversationQueries) Mapping row[41] | convSize=1339 hasMsg=true
2026-04-07T19:48:17.057215Z Debug: (ConversationQueries) Mapping row[42] | convSize=1451 hasMsg=true
2026-04-07T19:48:17.057489Z Debug: (ConversationQueries) Mapping row[43] | convSize=1187 hasMsg=true
2026-04-07T19:48:17.057775Z Debug: (ConversationQueries) Mapping row[44] | convSize=1293 hasMsg=true
2026-04-07T19:48:17.058052Z Debug: (ConversationQueries) Mapping row[45] | convSize=1456 hasMsg=true
2026-04-07T19:48:17.058346Z Debug: (ConversationQueries) Mapping row[46] | convSize=1405 hasMsg=true
2026-04-07T19:48:17.058629Z Debug: (ConversationQueries) Mapping row[47] | convSize=1325 hasMsg=true
2026-04-07T19:48:17.058939Z Debug: (ConversationQueries) Mapping row[48] | convSize=1375 hasMsg=true
2026-04-07T19:48:17.059225Z Debug: (ConversationQueries) Mapping row[49] | convSize=1387 hasMsg=true
2026-04-07T19:48:17.059557Z Debug: (ConversationQueries) Mapping row[50] | convSize=1199 hasMsg=true
2026-04-07T19:48:17.059856Z Debug: (ConversationQueries) Mapping row[51] | convSize=1082 hasMsg=true
2026-04-07T19:48:17.060238Z Debug: (ConversationQueries) Mapping row[52] | convSize=1341 hasMsg=true
2026-04-07T19:48:17.060627Z Debug: (ConversationQueries) Mapping row[53] | convSize=1185 hasMsg=true
2026-04-07T19:48:17.061358Z Debug: (ConversationQueries) Mapping row[54] | convSize=1157 hasMsg=true
2026-04-07T19:48:17.061681Z Debug: (ConversationQueries) Mapping row[55] | convSize=1208 hasMsg=true
2026-04-07T19:48:17.062523Z Debug: (ConversationQueries) Mapping row[56] | convSize=1343 hasMsg=true
2026-04-07T19:48:17.062811Z Debug: (ConversationQueries) Mapping row[57] | convSize=1012 hasMsg=true
2026-04-07T19:48:17.063493Z Debug: (ConversationQueries) Mapping row[58] | convSize=1322 hasMsg=true
2026-04-07T19:48:17.063857Z Debug: (ConversationQueries) Mapping row[59] | convSize=941 hasMsg=true
2026-04-07T19:48:17.064584Z Debug: (ConversationQueries) Mapping row[60] | convSize=1215 hasMsg=true
2026-04-07T19:48:17.065104Z Debug: (ConversationQueries) Mapping row[61] | convSize=1362 hasMsg=true
2026-04-07T19:48:17.065311Z Debug: (ConversationQueries) Mapping row[62] | convSize=1220 hasMsg=true
2026-04-07T19:48:17.065757Z Debug: (ConversationQueries) Mapping row[63] | convSize=1312 hasMsg=true
2026-04-07T19:48:17.066152Z Debug: (ConversationQueries) Mapping row[64] | convSize=1273 hasMsg=true
2026-04-07T19:48:17.066681Z Debug: (ConversationQueries) Mapping row[65] | convSize=1433 hasMsg=true
2026-04-07T19:48:17.067191Z Debug: (ConversationQueries) Mapping row[66] | convSize=1060 hasMsg=true
2026-04-07T19:48:17.067476Z Debug: (ConversationQueries) Mapping row[67] | convSize=1041 hasMsg=true
2026-04-07T19:48:17.068105Z Debug: (ConversationQueries) Mapping row[68] | convSize=1045 hasMsg=true
2026-04-07T19:48:17.068674Z Debug: (ConversationQueries) Mapping row[69] | convSize=1036 hasMsg=true
2026-04-07T19:48:17.069002Z Debug: (ConversationQueries) Mapping row[70] | convSize=1065 hasMsg=true
2026-04-07T19:48:17.069645Z Debug: (ConversationQueries) Mapping row[71] | convSize=1054 hasMsg=true
2026-04-07T19:48:17.07004Z Debug: (ConversationQueries) Mapping row[72] | convSize=1147 hasMsg=true
2026-04-07T19:48:17.07052Z Debug: (ConversationQueries) Mapping row[73] | convSize=1086 hasMsg=true
2026-04-07T19:48:17.070963Z Debug: (ConversationQueries) Mapping row[74] | convSize=980 hasMsg=false
2026-04-07T19:48:17.071207Z Debug: (ConversationQueries) Mapping row[75] | convSize=1088 hasMsg=false
2026-04-07T19:48:17.07158Z Debug: (ConversationQueries) Mapping row[76] | convSize=1230 hasMsg=false
2026-04-07T19:48:17.072011Z Debug: (ConversationQueries) Mapping row[77] | convSize=1256 hasMsg=false
2026-04-07T19:48:17.07222Z Debug: (ConversationQueries) Mapping row[78] | convSize=1331 hasMsg=false
2026-04-07T19:48:17.072443Z Debug: (ConversationQueries) Mapping row[79] | convSize=1478 hasMsg=false
2026-04-07T19:48:17.072657Z Debug: (ConversationQueries) Mapping row[80] | convSize=1121 hasMsg=false
2026-04-07T19:48:17.072934Z Debug: (ConversationQueries) Completed mapping 81 rows in 43ms
2026-04-07T19:48:17.279547Z Warn: Message (uid: de356785-29aa-a5a0-d2ea-18dcb6c7ec5b) with no version and not edited has null userDate. using authorSpecificDate
2026-04-07T19:48:17.279746Z Warn: See File here: https://michael.seifert.page/owner/drives/9ff813aff2d61e2f9b9db189e72d1a11_66ea8355ae4155c39b5a719166b510e3/de356785-29aa-a5a0-d2ea-18dcb6c7ec5b
2026-04-07T19:48:17.280742Z Warn: Message (uid: f45e5933-379b-75d8-39e5-2db7b829c1af) with no version and not edited has null userDate. using authorSpecificDate
2026-04-07T19:48:17.281035Z Warn: See File here: https://michael.seifert.page/owner/drives/9ff813aff2d61e2f9b9db189e72d1a11_66ea8355ae4155c39b5a719166b510e3/f45e5933-379b-75d8-39e5-2db7b829c1af
2026-04-07T19:48:17.281523Z Warn: Message (uid: 8a45b621-2b80-047c-8aba-74f0bfdef69a) with no version and not edited has null userDate. using authorSpecificDate
2026-04-07T19:48:17.281817Z Warn: See File here: https://michael.seifert.page/owner/drives/9ff813aff2d61e2f9b9db189e72d1a11_66ea8355ae4155c39b5a719166b510e3/8a45b621-2b80-047c-8aba-74f0bfdef69a
2026-04-07T19:48:17.282274Z Warn: Message (uid: ecb79a22-54cc-dda1-170e-35f412aae67d) with no version and not edited has null userDate. using authorSpecificDate
2026-04-07T19:48:17.282611Z Warn: See File here: https://michael.seifert.page/owner/drives/9ff813aff2d61e2f9b9db189e72d1a11_66ea8355ae4155c39b5a719166b510e3/ecb79a22-54cc-dda1-170e-35f412aae67d
2026-04-07T19:48:17.283134Z Warn: Message (uid: 48c75f9c-c91e-b0de-c713-931550fb0b00) with no version and not edited has null userDate. using authorSpecificDate
2026-04-07T19:48:17.283533Z Warn: See File here: https://michael.seifert.page/owner/drives/9ff813aff2d61e2f9b9db189e72d1a11_66ea8355ae4155c39b5a719166b510e3/48c75f9c-c91e-b0de-c713-931550fb0b00
2026-04-07T19:48:17.284319Z Warn: Message (uid: 57c41e8f-ea64-2ccf-3beb-959f777f6797) with no version and not edited has null userDate. using authorSpecificDate
2026-04-07T19:48:17.284736Z Warn: See File here: https://michael.seifert.page/owner/drives/9ff813aff2d61e2f9b9db189e72d1a11_66ea8355ae4155c39b5a719166b510e3/57c41e8f-ea64-2ccf-3beb-959f777f6797
2026-04-07T19:48:17.805613Z Error: (HomebaseImageLoader) Non-retriable exception: Not found
2026-04-07T19:48:18.222448Z Debug: ChatMessageStream: loadConversation(7efd01ba-b36d-7d7d-879c-b1e64d0ba0e1)
2026-04-07T19:48:18.42251Z Debug: ChatMessageStream: loadConversation(7efd01ba-b36d-7d7d-879c-b1e64d0ba0e1) → 13 messages
2026-04-07T19:48:18.423344Z Info: Getting saved scroll position
2026-04-07T19:48:18.428532Z Info: (ConversationListUi) Restore detail pane for 7efd01ba-b36d-7d7d-879c-b1e64d0ba0e1
2026-04-07T19:48:18.444951Z Info: Pre-initializing scroll position at bottom: id=7efd01ba-b36d-7d7d-879c-b1e64d0ba0e1
2026-04-07T19:48:18.786507Z Info: Scroll changed: id=7efd01ba-b36d-7d7d-879c-b1e64d0ba0e1 -> 10:415
2026-04-07T19:48:19.527615Z Debug: markAsRead: convo=7efd01ba-b36d-7d7d-879c-b1e64d0ba0e1 unread=0/6 newReadTime=1775591299528
2026-04-07T19:48:19.791387Z Debug: ConversationStream: unreadSync convo=64faac9c-b3ba-4d01-95d0-32bbf63e9381 0->438
2026-04-07T19:48:19.791547Z Debug: ConversationStream: unreadSync convo=cd07bf14-80eb-404d-875b-c9baeec738dd 0->38
2026-04-07T19:48:19.795196Z Debug: ConversationStream: unreadSync convo=4457cee7-35a0-420f-8a94-da869a5b4544 0->2
2026-04-07T19:48:19.795283Z Debug: ConversationStream: unreadSync convo=e77a3249-add3-4f4a-9c1a-e5737ad322bf 0->74
2026-04-07T19:48:19.799085Z Debug: ConversationStream: unreadSync convo=8ae3c31a-fb4e-476a-92c7-d50d93f77255 0->7
2026-04-07T19:48:19.799231Z Debug: ConversationStream: unreadSync convo=256769a8-d816-d468-aef4-7e258eece4ff 0->4
2026-04-07T19:48:19.799976Z Debug: ConversationStream: unreadSync convo=901d4566-9493-42be-b77a-7964de6ce295 0->1
2026-04-07T19:48:19.800672Z Debug: ConversationStream: unreadSync convo=50abcb2d-0f8c-4257-826c-a33da11654b3 0->319
2026-04-07T19:48:19.801162Z Debug: ConversationStream: unreadSync convo=7c2e8b7d-6053-47ee-baee-7e355f72207c 0->1
2026-04-07T19:48:19.801637Z Debug: ConversationStream: unreadSync convo=537c8c57-c213-4c7e-87d9-d38719232c6a 0->2
2026-04-07T19:48:19.802182Z Debug: ConversationStream: unreadSync convo=540302b7-1887-4aae-ae93-2ae7a33e7285 0->42
2026-04-07T19:48:19.802661Z Debug: ConversationStream: unreadSync convo=c9f4b0ec-db00-98ed-ff4f-fcdd14ed54c6 0->1
2026-04-07T19:48:19.803113Z Debug: ConversationStream: unreadSync convo=b71b603d-532f-4d50-835f-8aff22ca6fc1 0->121
2026-04-07T19:48:19.80384Z Debug: ConversationStream: unreadSync convo=6cfb2586-7aa9-4a29-9043-a1d5b6ba8255 0->108
2026-04-07T19:48:19.804471Z Debug: ConversationStream: unreadSync convo=7d8d0e6e-0720-6d89-db95-3f090df5892d 0->8
2026-04-07T19:48:19.805057Z Debug: ConversationStream: unreadSync convo=ef9bf7d7-5e71-4c95-9e28-dcb4a625f55e 0->391
2026-04-07T19:48:19.805526Z Debug: ConversationStream: unreadSync convo=24fe7a52-d7dd-f64d-a9fa-87885f333253 0->45
2026-04-07T19:48:19.805853Z Debug: ConversationStream: unreadSync convo=27e0c227-f8cb-4c01-a896-5c8c4b222764 0->1
2026-04-07T19:48:19.806158Z Debug: ConversationStream: unreadSync convo=fcb0d12e-f85b-467c-9af4-c944bc9f4bad 0->51
2026-04-07T19:48:19.806451Z Debug: ConversationStream: unreadSync convo=9ac83b4c-d762-5695-289e-d4ce407cfe3a 0->15
2026-04-07T19:48:19.806751Z Debug: ConversationStream: unreadSync convo=e028c85f-f04d-4600-8946-3d3a8be543f4 0->156
2026-04-07T19:48:19.807122Z Debug: ConversationStream: unreadSync convo=e60fd221-ef31-4323-aa52-52691c4946a3 0->59
2026-04-07T19:48:19.80747Z Debug: ConversationStream: unreadSync convo=b3c628f2-1eed-41da-87d6-030909099afd 0->31
2026-04-07T19:48:19.807928Z Debug: ConversationStream: unreadSync convo=7e9ef437-9e71-48b7-b32d-6df219712c9f 0->9
2026-04-07T19:48:19.808159Z Debug: ConversationStream: unreadSync convo=928bed18-cd75-4125-9b17-9c16f4c84f58 0->35
2026-04-07T19:48:19.80849Z Debug: ConversationStream: unreadSync convo=d2065d2b-8563-405f-b5cb-1392405572d0 0->85
2026-04-07T19:48:19.80855Z Debug: ConversationStream: unreadSync convo=4b477621-9635-0ae8-c70e-83f3391d9ea2 0->26
2026-04-07T19:48:19.809211Z Debug: ConversationStream: unreadSync convo=b9950f88-30ce-d1de-8f5a-b9896186aa9c 0->136
2026-04-07T19:48:19.809672Z Debug: ConversationStream: unreadSync convo=83fa0e00-51d6-44f8-9f17-0f6eb7f2608c 0->14
2026-04-07T19:48:19.810072Z Debug: ConversationStream: unreadSync convo=6dc335e4-fe66-4280-abf4-24b77616b95f 0->10
2026-04-07T19:48:19.810475Z Debug: ConversationStream: unreadSync convo=20454198-aafa-132f-e06c-54bb71b8c3d2 0->263
2026-04-07T19:48:19.810876Z Debug: ConversationStream: unreadSync convo=09111249-7397-ca96-1fea-e608f66ecb71 0->23
2026-04-07T19:48:19.811278Z Debug: ConversationStream: unreadSync convo=0cdbc6ac-ed6b-43e2-b83e-ce2f9b38ddf9 0->2
2026-04-07T19:48:19.811759Z Debug: ConversationStream: unreadSync convo=e7c825b8-a432-40a8-a54a-daa66d65d7c3 0->2
2026-04-07T19:48:19.812353Z Debug: ConversationStream: unreadSync convo=885de453-b30f-457b-b352-b6c08d84c126 0->155
2026-04-07T19:48:19.812771Z Debug: ConversationStream: unreadSync convo=0b81acf2-8d3f-463e-b940-44b50607035e 0->8
2026-04-07T19:48:19.813172Z Debug: ConversationStream: unreadSync convo=979b2fbf-3be1-446e-8675-9a1ca1ceb5c3 0->1
2026-04-07T19:48:19.813587Z Debug: ConversationStream: unreadSync convo=add729a6-6dc6-b47a-a668-454cf7acd0fd 0->151
2026-04-07T19:48:19.814016Z Debug: ConversationStream: unreadSync convo=e42ef4fd-db45-604c-6e52-a542de983f2c 0->19
2026-04-07T19:48:19.814429Z Debug: ConversationStream: unreadSync convo=c09df4f4-0a75-4d49-8b5c-964111f6b99b 0->37
2026-04-07T19:48:19.814853Z Debug: ConversationStream: unreadSync convo=f2accf21-7fed-464f-935c-985731548f1c 0->20
2026-04-07T19:48:19.815266Z Debug: ConversationStream: unreadSync convo=c77ffde9-e02e-4c33-ad53-1091298bff32 0->20
2026-04-07T19:48:19.815669Z Debug: ConversationStream: unreadSync convo=f5956962-980e-4935-b444-db7a731f1991 0->1
2026-04-07T19:48:19.816705Z Debug: ConversationStream: unreadSync convo=b3960378-a16e-4cb4-a6cc-faaa56b30e9c 0->2
2026-04-07T19:48:19.8171Z Debug: ConversationStream: unreadSync convo=82bdd5a1-852a-4f34-bb9f-eeed6055a916 0->2
2026-04-07T19:48:19.817316Z Debug: ConversationStream: unreadSync convo=7dcfe659-9d61-4401-ae7c-364ac8a1b9df 0->6
2026-04-07T19:48:19.817501Z Debug: ConversationStream: unreadSync convo=37522d23-6764-4757-a192-fc47ab3937a1 0->8
2026-04-07T19:48:19.817666Z Debug: ConversationStream: unreadSync convo=d31b0ee6-a1fb-44bc-93cf-446444666323 0->4
2026-04-07T19:48:19.817823Z Debug: ConversationStream: unreadSync convo=d32372c1-c1c8-41d8-be89-85865d89100a 0->5
2026-04-07T19:48:20.332613Z Error: (HomebaseImageLoader) Non-retriable exception: Not found
2026-04-07T19:48:30.288962Z Debug: ChatMessageStream: loadConversation(674e0d67-34c0-4267-8b94-748f0d226cfb)
2026-04-07T19:48:30.289801Z Info: (ConversationListUi) Navigating to detail for 674e0d67-34c0-4267-8b94-748f0d226cfb
2026-04-07T19:48:30.298889Z Info: Pre-initializing empty scroll position: id=674e0d67-34c0-4267-8b94-748f0d226cfb
2026-04-07T19:48:30.408749Z Debug: ChatMessageStream: loadConversation(674e0d67-34c0-4267-8b94-748f0d226cfb) → 1000 messages
2026-04-07T19:48:30.415558Z Info: Getting saved scroll position
2026-04-07T19:48:30.417037Z Info: Pre-initializing scroll position: id=674e0d67-34c0-4267-8b94-748f0d226cfb -> 1016:747
2026-04-07T19:48:30.435459Z Info: (ConversationListUi) Restore detail pane for 674e0d67-34c0-4267-8b94-748f0d226cfb
2026-04-07T19:48:30.737353Z Info: Scroll changed: id=674e0d67-34c0-4267-8b94-748f0d226cfb -> 1015:621
2026-04-07T19:48:32.462504Z Debug: markAsRead: convo=674e0d67-34c0-4267-8b94-748f0d226cfb unread=1/3 newReadTime=1775591312463
2026-04-07T19:48:32.462687Z Debug: markAsRead: convo=674e0d67-34c0-4267-8b94-748f0d226cfb endTime=1775588352566
2026-04-07T19:48:32.683261Z Info: Popping Outbox
2026-04-07T19:48:32.689726Z Info: Log the data from the outboxRecord here...
2026-04-07T19:48:32.689689Z Info: Popping Outbox
2026-04-07T19:48:32.690976Z Info: No more items in outbox
2026-04-07T19:48:33.017917Z Info: Popping Outbox
2026-04-07T19:48:33.019488Z Info: No more items in outbox
2026-04-07T19:48:36.648637Z Debug: ConversationStream: BatchReceived 1 files (conversations=0, messages=1, adminFiles=0)
2026-04-07T19:48:36.64919Z Debug: ChatMessageStream: processIncrementalBatch 1 messages across 1 conversation(s)
2026-04-07T19:48:36.657068Z Info: Resetting scroll position, new message seen, index: 1021
2026-04-07T19:48:36.65726Z Info: Setting scroll position: 1021
2026-04-07T19:48:36.666476Z Debug: ConversationStream: BatchReceived 1 files (conversations=0, messages=1, adminFiles=0)
2026-04-07T19:48:36.66669Z Debug: ChatMessageStream: processIncrementalBatch 1 messages across 1 conversation(s)
2026-04-07T19:48:36.677587Z Info: No saved scroll position
2026-04-07T19:48:36.685209Z Info: Popping Outbox
2026-04-07T19:48:36.691005Z Info: Popping Outbox
2026-04-07T19:48:36.691617Z Info: Log the data from the outboxRecord here...
2026-04-07T19:48:36.691702Z Info: No more items in outbox
2026-04-07T19:48:36.69608Z Info: (DriveUploadProvider) drive upload url: [https://michael.seifert.page/api/v2/drives/9ff813af-f2d6-1e2f-9b9d-b189e72d1a11/files]
2026-04-07T19:48:36.778385Z Info: Popping Outbox
2026-04-07T19:48:36.779099Z Info: No more items in outbox
2026-04-07T19:48:36.979724Z Info: Scroll changed: id=674e0d67-34c0-4267-8b94-748f0d226cfb -> 1018:188
2026-04-07T19:48:37.028116Z Info: Synchronizing drive 9ff813af-f2d6-1e2f-9b9d-b189e72d1a11
2026-04-07T19:48:37.175147Z Error: (HomebaseImageLoader) Non-retriable exception: Not found
2026-04-07T19:48:37.187804Z Info: Received 1 records from QueryBatch() on Drive 9ff813af-f2d6-1e2f-9b9d-b189e72d1a11
2026-04-07T19:48:37.190294Z Debug: DriveSync: batch contains 1 chat conversation(s): [674e0d67-34c0-4267-8b94-748f0d226cfb]
2026-04-07T19:48:37.206909Z Debug: ConversationStream: BatchReceived 1 files (conversations=0, messages=1, adminFiles=0)
2026-04-07T19:48:37.207138Z Debug: DriveSync: all DB writes complete for drive 9ff813af-f2d6-1e2f-9b9d-b189e72d1a11 (1 total records)
2026-04-07T19:48:37.207387Z Debug: ChatMessageStream: processIncrementalBatch 1 messages across 1 conversation(s)
2026-04-07T19:48:37.208137Z Debug: Drive 9ff813af-f2d6-1e2f-9b9d-b189e72d1a11 synchronized with 1 records read.
2026-04-07T19:48:37.208183Z Debug: ConversationStream: Stopped(totalCount=1)
2026-04-07T19:48:37.209267Z Info: Synchronizing drive 9ff813af-f2d6-1e2f-9b9d-b189e72d1a11
2026-04-07T19:48:37.209655Z Debug: ChatMessageStream: Stopped(totalCount=1)
2026-04-07T19:48:37.213562Z Info: No saved scroll position
2026-04-07T19:48:37.370271Z Info: Received 0 records from QueryBatch() on Drive 9ff813af-f2d6-1e2f-9b9d-b189e72d1a11
2026-04-07T19:48:37.37129Z Debug: DriveSync: all DB writes complete for drive 9ff813af-f2d6-1e2f-9b9d-b189e72d1a11 (0 total records)
2026-04-07T19:48:37.373894Z Debug: ConversationStream: Stopped(totalCount=0)
2026-04-07T19:48:37.374239Z Debug: Drive 9ff813af-f2d6-1e2f-9b9d-b189e72d1a11 synchronized with 0 records read.
2026-04-07T19:48:37.375315Z Debug: ChatMessageStream: Stopped(totalCount=0)
2026-04-07T19:48:38.317768Z Debug: markAsRead: convo=674e0d67-34c0-4267-8b94-748f0d226cfb unread=2/4 newReadTime=1775591318318
2026-04-07T19:48:38.317942Z Debug: markAsRead: convo=674e0d67-34c0-4267-8b94-748f0d226cfb endTime=1775589205561
2026-04-07T19:48:38.580794Z Info: Popping Outbox
2026-04-07T19:48:38.601683Z Info: Popping Outbox
2026-04-07T19:48:38.601756Z Info: Log the data from the outboxRecord here...
2026-04-07T19:48:38.603507Z Info: No more items in outbox
2026-04-07T19:48:38.754603Z Info: (ShareShortcutPublisher) Published 8 share shortcuts
2026-04-07T19:48:38.982855Z Info: Popping Outbox
2026-04-07T19:48:38.986494Z Info: No more items in outbox
2026-04-07T19:48:43.711072Z Debug: ChatMessageStream: loadConversation(674e0d67-34c0-4267-8b94-748f0d226cfb)
2026-04-07T19:48:43.711763Z Info: (ConversationListUi) Navigating to detail for 674e0d67-34c0-4267-8b94-748f0d226cfb
2026-04-07T19:48:43.72596Z Info: Pre-initializing empty scroll position: id=674e0d67-34c0-4267-8b94-748f0d226cfb
2026-04-07T19:48:43.822529Z Debug: ChatMessageStream: loadConversation(674e0d67-34c0-4267-8b94-748f0d226cfb) → 1000 messages
2026-04-07T19:48:43.829431Z Info: Getting saved scroll position
2026-04-07T19:48:43.830486Z Info: Pre-initializing scroll position: id=674e0d67-34c0-4267-8b94-748f0d226cfb -> 1018:188
2026-04-07T19:48:43.84717Z Info: (ConversationListUi) Restore detail pane for 674e0d67-34c0-4267-8b94-748f0d226cfb
2026-04-07T19:48:44.148922Z Info: Scroll changed: id=674e0d67-34c0-4267-8b94-748f0d226cfb -> 1014:773
2026-04-07T19:48:44.873088Z Debug: markAsRead: convo=674e0d67-34c0-4267-8b94-748f0d226cfb unread=3/7 newReadTime=1775591324873
2026-04-07T19:48:44.873634Z Debug: markAsRead: convo=674e0d67-34c0-4267-8b94-748f0d226cfb endTime=1775589205561
2026-04-07T19:48:45.154257Z Info: Popping Outbox
2026-04-07T19:48:45.16786Z Info: Popping Outbox
2026-04-07T19:48:45.167865Z Info: Log the data from the outboxRecord here...
2026-04-07T19:48:45.168644Z Info: No more items in outbox
2026-04-07T19:48:45.301949Z Info: Popping Outbox
2026-04-07T19:48:45.304057Z Info: No more items in outbox
2026-04-07T19:48:48.414747Z Debug: ConversationStream: BatchReceived 1 files (conversations=0, messages=1, adminFiles=0)
2026-04-07T19:48:48.415137Z Debug: ChatMessageStream: processIncrementalBatch 1 messages across 1 conversation(s)
2026-04-07T19:48:48.424562Z Info: Resetting scroll position, new message seen, index: 1021
2026-04-07T19:48:48.424735Z Info: Setting scroll position: 1021
2026-04-07T19:48:48.426655Z Debug: ChatMessageStream: processIncrementalBatch 1 messages across 1 conversation(s)
2026-04-07T19:48:48.426834Z Debug: ConversationStream: BatchReceived 1 files (conversations=0, messages=1, adminFiles=0)
2026-04-07T19:48:48.440195Z Info: No saved scroll position
2026-04-07T19:48:48.450861Z Info: Popping Outbox
2026-04-07T19:48:48.461921Z Info: Popping Outbox
2026-04-07T19:48:48.462965Z Info: No more items in outbox
2026-04-07T19:48:48.462864Z Info: Log the data from the outboxRecord here...
2026-04-07T19:48:48.468318Z Info: (DriveUploadProvider) drive upload url: [https://michael.seifert.page/api/v2/drives/9ff813af-f2d6-1e2f-9b9d-b189e72d1a11/files]
2026-04-07T19:48:48.554237Z Info: Popping Outbox
2026-04-07T19:48:48.555977Z Info: No more items in outbox
2026-04-07T19:48:48.749531Z Info: Scroll changed: id=674e0d67-34c0-4267-8b94-748f0d226cfb -> 1018:56
2026-04-07T19:48:48.788209Z Info: Synchronizing drive 9ff813af-f2d6-1e2f-9b9d-b189e72d1a11
2026-04-07T19:48:48.938394Z Error: (HomebaseImageLoader) Non-retriable exception: Not found
2026-04-07T19:48:48.950926Z Info: Received 1 records from QueryBatch() on Drive 9ff813af-f2d6-1e2f-9b9d-b189e72d1a11
2026-04-07T19:48:48.95179Z Debug: DriveSync: batch contains 1 chat conversation(s): [674e0d67-34c0-4267-8b94-748f0d226cfb]
2026-04-07T19:48:48.971326Z Debug: ConversationStream: BatchReceived 1 files (conversations=0, messages=1, adminFiles=0)
2026-04-07T19:48:48.971346Z Debug: DriveSync: all DB writes complete for drive 9ff813af-f2d6-1e2f-9b9d-b189e72d1a11 (1 total records)
2026-04-07T19:48:48.971932Z Debug: Drive 9ff813af-f2d6-1e2f-9b9d-b189e72d1a11 synchronized with 1 records read.
2026-04-07T19:48:48.971953Z Debug: ConversationStream: Stopped(totalCount=1)
2026-04-07T19:48:48.972224Z Debug: ChatMessageStream: processIncrementalBatch 1 messages across 1 conversation(s)
2026-04-07T19:48:48.978842Z Debug: ChatMessageStream: Stopped(totalCount=1)
2026-04-07T19:48:48.982031Z Info: No saved scroll position
2026-04-07T19:48:49.881636Z Debug: markAsRead: convo=674e0d67-34c0-4267-8b94-748f0d226cfb unread=0/1 newReadTime=1775591329882
2026-04-07T19:48:50.693304Z Info: (ShareShortcutPublisher) Published 8 share shortcuts
2026-04-07T19:48:52.84728Z Error: (CrashLogger) ========== UNCAUGHT EXCEPTION ==========
2026-04-07T19:48:52.847409Z Error: (CrashLogger) Thread: main
2026-04-07T19:48:52.84851Z Error: (CrashLogger) Exception: IllegalArgumentException
2026-04-07T19:48:52.84867Z Error: (CrashLogger) Message: Type of the key anders.dominion.id is not supported. On Android you can only use types which can be stored inside the Bundle.
2026-04-07T19:48:52.849318Z Error: (CrashLogger) Stack trace:
java.lang.IllegalArgumentException: Type of the key anders.dominion.id is not supported. On Android you can only use types which can be stored inside the Bundle.
	at ky4.u(r8-map-id-4942d8d07dae86f7f26a1280b3a67e509ffbb6e9d331ef60e5b913297764846c:22)
	at du5.b(r8-map-id-4942d8d07dae86f7f26a1280b3a67e509ffbb6e9d331ef60e5b913297764846c:127)
	at yn3.b(r8-map-id-4942d8d07dae86f7f26a1280b3a67e509ffbb6e9d331ef60e5b913297764846c:76)
	at ra2.g(r8-map-id-4942d8d07dae86f7f26a1280b3a67e509ffbb6e9d331ef60e5b913297764846c:87)
	at nq2.invoke(r8-map-id-4942d8d07dae86f7f26a1280b3a67e509ffbb6e9d331ef60e5b913297764846c:853)
	at tp0.a(r8-map-id-4942d8d07dae86f7f26a1280b3a67e509ffbb6e9d331ef60e5b913297764846c:42)
	at tp0.invoke(r8-map-id-4942d8d07dae86f7f26a1280b3a67e509ffbb6e9d331ef60e5b913297764846c:77)
	at f72.G(r8-map-id-4942d8d07dae86f7f26a1280b3a67e509ffbb6e9d331ef60e5b913297764846c:13)
	at bs0.o(r8-map-id-4942d8d07dae86f7f26a1280b3a67e509ffbb6e9d331ef60e5b913297764846c:85)
	at ts0.m(r8-map-id-4942d8d07dae86f7f26a1280b3a67e509ffbb6e9d331ef60e5b913297764846c:37)
	at rg5.a(r8-map-id-4942d8d07dae86f7f26a1280b3a67e509ffbb6e9d331ef60e5b913297764846c:77)
	at zr0.a(r8-map-id-4942d8d07dae86f7f26a1280b3a67e509ffbb6e9d331ef60e5b913297764846c:5)
	at zr0.a(r8-map-id-4942d8d07dae86f7f26a1280b3a67e509ffbb6e9d331ef60e5b913297764846c:5)
	at zr0.a(r8-map-id-4942d8d07dae86f7f26a1280b3a67e509ffbb6e9d331ef60e5b913297764846c:5)
	at ts0.C(r8-map-id-4942d8d07dae86f7f26a1280b3a67e509ffbb6e9d331ef60e5b913297764846c:28)
	at wk3.m(r8-map-id-4942d8d07dae86f7f26a1280b3a67e509ffbb6e9d331ef60e5b913297764846c:268)
	at qk3.q(r8-map-id-4942d8d07dae86f7f26a1280b3a67e509ffbb6e9d331ef60e5b913297764846c:171)
	at pm3.a(r8-map-id-4942d8d07dae86f7f26a1280b3a67e509ffbb6e9d331ef60e5b913297764846c:30)
	at mr0.o(r8-map-id-4942d8d07dae86f7f26a1280b3a67e509ffbb6e9d331ef60e5b913297764846c:14)
	at pn3.y(r8-map-id-4942d8d07dae86f7f26a1280b3a67e509ffbb6e9d331ef60e5b913297764846c:21)
	at qn3.a(r8-map-id-4942d8d07dae86f7f26a1280b3a67e509ffbb6e9d331ef60e5b913297764846c:754)
	at nq2.invoke(r8-map-id-4942d8d07dae86f7f26a1280b3a67e509ffbb6e9d331ef60e5b913297764846c:763)
	at sk3.b(r8-map-id-4942d8d07dae86f7f26a1280b3a67e509ffbb6e9d331ef60e5b913297764846c:71)
	at i73.s(r8-map-id-4942d8d07dae86f7f26a1280b3a67e509ffbb6e9d331ef60e5b913297764846c:49)
	at c86.a(r8-map-id-4942d8d07dae86f7f26a1280b3a67e509ffbb6e9d331ef60e5b913297764846c:1)
	at bk3.s(r8-map-id-4942d8d07dae86f7f26a1280b3a67e509ffbb6e9d331ef60e5b913297764846c:177)
	at em3.a(r8-map-id-4942d8d07dae86f7f26a1280b3a67e509ffbb6e9d331ef60e5b913297764846c:1)
	at bk3.s(r8-map-id-4942d8d07dae86f7f26a1280b3a67e509ffbb6e9d331ef60e5b913297764846c:177)
	at zz3.invoke(r8-map-id-4942d8d07dae86f7f26a1280b3a67e509ffbb6e9d331ef60e5b913297764846c:97)
	at zb6.d(r8-map-id-4942d8d07dae86f7f26a1280b3a67e509ffbb6e9d331ef60e5b913297764846c:242)
	at a04.s0(r8-map-id-4942d8d07dae86f7f26a1280b3a67e509ffbb6e9d331ef60e5b913297764846c:147)
	at a04.s(r8-map-id-4942d8d07dae86f7f26a1280b3a67e509ffbb6e9d331ef60e5b913297764846c:84)
	at t92.J(r8-map-id-4942d8d07dae86f7f26a1280b3a67e509ffbb6e9d331ef60e5b913297764846c:299)
	at xm0.b(r8-map-id-4942d8d07dae86f7f26a1280b3a67e509ffbb6e9d331ef60e5b913297764846c:43)
	at i73.s(r8-map-id-4942d8d07dae86f7f26a1280b3a67e509ffbb6e9d331ef60e5b913297764846c:49)
	at mu4.a(r8-map-id-4942d8d07dae86f7f26a1280b3a67e509ffbb6e9d331ef60e5b913297764846c:105)
	at bk3.s(r8-map-id-4942d8d07dae86f7f26a1280b3a67e509ffbb6e9d331ef60e5b913297764846c:177)
	at zz3.invoke(r8-map-id-4942d8d07dae86f7f26a1280b3a67e509ffbb6e9d331ef60e5b913297764846c:97)
	at zb6.d(r8-map-id-4942d8d07dae86f7f26a1280b3a67e509ffbb6e9d331ef60e5b913297764846c:242)
	at a04.s0(r8-map-id-4942d8d07dae86f7f26a1280b3a67e509ffbb6e9d331ef60e5b913297764846c:147)
	at a04.s(r8-map-id-4942d8d07dae86f7f26a1280b3a67e509ffbb6e9d331ef60e5b913297764846c:84)
	at r60.b(r8-map-id-4942d8d07dae86f7f26a1280b3a67e509ffbb6e9d331ef60e5b913297764846c:82)
	at i73.s(r8-map-id-4942d8d07dae86f7f26a1280b3a67e509ffbb6e9d331ef60e5b913297764846c:49)
	at zz3.invoke(r8-map-id-4942d8d07dae86f7f26a1280b3a67e509ffbb6e9d331ef60e5b913297764846c:97)
	at zb6.d(r8-map-id-4942d8d07dae86f7f26a1280b3a67e509ffbb6e9d331ef60e5b913297764846c:242)
	at a04.s0(r8-map-id-4942d8d07dae86f7f26a1280b3a67e509ffbb6e9d331ef60e5b913297764846c:147)
	at a04.s(r8-map-id-4942d8d07dae86f7f26a1280b3a67e509ffbb6e9d331ef60e5b913297764846c:84)
	at sv.invoke(r8-map-id-4942d8d07dae86f7f26a1280b3a67e509ffbb6e9d331ef60e5b913297764846c:424)
	at sk3.b(r8-map-id-4942d8d07dae86f7f26a1280b3a67e509ffbb6e9d331ef60e5b913297764846c:71)
	at i73.s(r8-map-id-4942d8d07dae86f7f26a1280b3a67e509ffbb6e9d331ef60e5b913297764846c:49)
	at zz3.invoke(r8-map-id-4942d8d07dae86f7f26a1280b3a67e509ffbb6e9d331ef60e5b913297764846c:97)
	at zb6.d(r8-map-id-4942d8d07dae86f7f26a1280b3a67e509ffbb6e9d331ef60e5b913297764846c:242)
	at a04.s0(r8-map-id-4942d8d07dae86f7f26a1280b3a67e509ffbb6e9d331ef60e5b913297764846c:147)
	at a04.s(r8-map-id-4942d8d07dae86f7f26a1280b3a67e509ffbb6e9d331ef60e5b913297764846c:84)
	at r60.b(r8-map-id-4942d8d07dae86f7f26a1280b3a67e509ffbb6e9d331ef60e5b913297764846c:82)
	at i73.s(r8-map-id-4942d8d07dae86f7f26a1280b3a67e509ffbb6e9d331ef60e5b913297764846c:49)
	at c86.a(r8-map-id-4942d8d07dae86f7f26a1280b3a67e509ffbb6e9d331ef60e5b913297764846c:1)
	at bk3.s(r8-map-id-4942d8d07dae86f7f26a1280b3a67e509ffbb6e9d331ef60e5b913297764846c:177)
	at zz3.invoke(r8-map-id-4942d8d07dae86f7f26a1280b3a67e509ffbb6e9d331ef60e5b913297764846c:97)
	at zb6.d(r8-map-id-4942d8d07dae86f7f26a1280b3a67e509ffbb6e9d331ef60e5b913297764846c:242)
	at a04.s0(r8-map-id-4942d8d07dae86f7f26a1280b3a67e509ffbb6e9d331ef60e5b913297764846c:147)
	at a04.s(r8-map-id-4942d8d07dae86f7f26a1280b3a67e509ffbb6e9d331ef60e5b913297764846c:84)
	at vj.b(r8-map-id-4942d8d07dae86f7f26a1280b3a67e509ffbb6e9d331ef60e5b913297764846c:25)
	at i73.s(r8-map-id-4942d8d07dae86f7f26a1280b3a67e509ffbb6e9d331ef60e5b913297764846c:49)
	at y32.a(r8-map-id-4942d8d07dae86f7f26a1280b3a67e509ffbb6e9d331ef60e5b913297764846c:250)
	at bk3.s(r8-map-id-4942d8d07dae86f7f26a1280b3a67e509ffbb6e9d331ef60e5b913297764846c:177)
	at z40.a(r8-map-id-4942d8d07dae86f7f26a1280b3a67e509ffbb6e9d331ef60e5b913297764846c:1)
	at bk3.s(r8-map-id-4942d8d07dae86f7f26a1280b3a67e509ffbb6e9d331ef60e5b913297764846c:177)
	at e66.invoke(r8-map-id-4942d8d07dae86f7f26a1280b3a67e509ffbb6e9d331ef60e5b913297764846c:16)
	at xj3.a(r8-map-id-4942d8d07dae86f7f26a1280b3a67e509ffbb6e9d331ef60e5b913297764846c:8)
	at bk3.s(r8-map-id-4942d8d07dae86f7f26a1280b3a67e509ffbb6e9d331ef60e5b913297764846c:177)
	at zz3.invoke(r8-map-id-4942d8d07dae86f7f26a1280b3a67e509ffbb6e9d331ef60e5b913297764846c:97)
	at zb6.d(r8-map-id-4942d8d07dae86f7f26a1280b3a67e509ffbb6e9d331ef60e5b913297764846c:242)
	at a04.s0(r8-map-id-4942d8d07dae86f7f26a1280b3a67e509ffbb6e9d331ef60e5b913297764846c:147)
	at a04.s(r8-map-id-4942d8d07dae86f7f26a1280b3a67e509ffbb6e9d331ef60e5b913297764846c:84)
	at nj.b(r8-map-id-4942d8d07dae86f7f26a1280b3a67e509ffbb6e9d331ef60e5b913297764846c:68)
	at i73.s(r8-map-id-4942d8d07dae86f7f26a1280b3a67e509ffbb6e9d331ef60e5b913297764846c:49)
	at tj.a(r8-map-id-4942d8d07dae86f7f26a1280b3a67e509ffbb6e9d331ef60e5b913297764846c:1)
	at bk3.s(r8-map-id-4942d8d07dae86f7f26a1280b3a67e509ffbb6e9d331ef60e5b913297764846c:177)
	at zz3.invoke(r8-map-id-4942d8d07dae86f7f26a1280b3a67e509ffbb6e9d331ef60e5b913297764846c:97)
	at zb6.d(r8-map-id-4942d8d07dae86f7f26a1280b3a67e509ffbb6e9d331ef60e5b913297764846c:305)
	at a04.s0(r8-map-id-4942d8d07dae86f7f26a1280b3a67e509ffbb6e9d331ef60e5b913297764846c:147)
	at ik3.P(r8-map-id-4942d8d07dae86f7f26a1280b3a67e509ffbb6e9d331ef60e5b913297764846c:18)
	at ik3.Q(r8-map-id-4942d8d07dae86f7f26a1280b3a67e509ffbb6e9d331ef60e5b913297764846c:18)
	at yz3.c(r8-map-id-4942d8d07dae86f7f26a1280b3a67e509ffbb6e9d331ef60e5b913297764846c:8)
	at yz3.m(r8-map-id-4942d8d07dae86f7f26a1280b3a67e509ffbb6e9d331ef60e5b913297764846c:124)
	at yz3.g(r8-map-id-4942d8d07dae86f7f26a1280b3a67e509ffbb6e9d331ef60e5b913297764846c:105)
	at yz3.g(r8-map-id-4942d8d07dae86f7f26a1280b3a67e509ffbb6e9d331ef60e5b913297764846c:119)
	at yz3.g(r8-map-id-4942d8d07dae86f7f26a1280b3a67e509ffbb6e9d331ef60e5b913297764846c:119)
	at yz3.g(r8-map-id-4942d8d07dae86f7f26a1280b3a67e509ffbb6e9d331ef60e5b913297764846c:119)
	at yz3.g(r8-map-id-4942d8d07dae86f7f26a1280b3a67e509ffbb6e9d331ef60e5b913297764846c:119)
	at yz3.g(r8-map-id-4942d8d07dae86f7f26a1280b3a67e509ffbb6e9d331ef60e5b913297764846c:119)
	at yz3.g(r8-map-id-4942d8d07dae86f7f26a1280b3a67e509ffbb6e9d331ef60e5b913297764846c:119)
	at yz3.f(r8-map-id-4942d8d07dae86f7f26a1280b3a67e509ffbb6e9d331ef60e5b913297764846c:28)
	at ob.l(r8-map-id-4942d8d07dae86f7f26a1280b3a67e509ffbb6e9d331ef60e5b913297764846c:3)
	at a04.s0(r8-map-id-4942d8d07dae86f7f26a1280b3a67e509ffbb6e9d331ef60e5b913297764846c:63)
	at ik3.P(r8-map-id-4942d8d07dae86f7f26a1280b3a67e509ffbb6e9d331ef60e5b913297764846c:18)
	at yz3.c(r8-map-id-4942d8d07dae86f7f26a1280b3a67e509ffbb6e9d331ef60e5b913297764846c:3)
	at yz3.o(r8-map-id-4942d8d07dae86f7f26a1280b3a67e509ffbb6e9d331ef60e5b913297764846c:23)
	at yz3.l(r8-map-id-4942d8d07dae86f7f26a1280b3a67e509ffbb6e9d331ef60e5b913297764846c:93)
	at ob.onMeasure(r8-map-id-4942d8d07dae86f7f26a1280b3a67e509ffbb6e9d331ef60e5b913297764846c:79)
	at android.view.View.measure(View.java:28681)
	at m0.g(r8-map-id-4942d8d07dae86f7f26a1280b3a67e509ffbb6e9d331ef60e5b913297764846c:64)
	at m0.onMeasure(r8-map-id-4942d8d07dae86f7f26a1280b3a67e509ffbb6e9d331ef60e5b913297764846c:4)
	at android.view.View.measure(View.java:28681)
	at android.view.ViewGroup.measureChildWithMargins(ViewGroup.java:7042)
	at android.widget.FrameLayout.onMeasure(FrameLayout.java:194)
	at androidx.appcompat.widget.ContentFrameLayout.onMeasure(r8-map-id-4942d8d07dae86f7f26a1280b3a67e509ffbb6e9d331ef60e5b913297764846c:160)
	at android.view.View.measure(View.java:28681)
	at android.view.ViewGroup.measureChildWithMargins(ViewGroup.java:7042)
	at android.widget.LinearLayout.measureChildBeforeLayout(LinearLayout.java:1608)
	at android.widget.LinearLayout.measureVertical(LinearLayout.java:878)
	at android.widget.LinearLayout.onMeasure(LinearLayout.java:721)
	at android.view.View.measure(View.java:28681)
	at android.view.ViewGroup.measureChildWithMargins(ViewGroup.java:7042)
	at android.widget.FrameLayout.onMeasure(FrameLayout.java:194)
	at android.view.View.measure(View.java:28681)
	at android.view.ViewGroup.measureChildWithMargins(ViewGroup.java:7042)
	at android.widget.LinearLayout.measureChildBeforeLayout(LinearLayout.java:1608)
	at android.widget.LinearLayout.measureVertical(LinearLayout.java:878)
	at android.widget.LinearLayout.onMeasure(LinearLayout.java:721)
	at android.view.View.measure(View.java:28681)
	at android.view.ViewGroup.measureChildWithMargins(ViewGroup.java:7042)
	at android.widget.FrameLayout.onMeasure(FrameLayout.java:194)
	at com.android.internal.policy.DecorView.onMeasure(DecorView.java:758)
	at android.view.View.measure(View.java:28681)
	at android.view.ViewRootImpl.performMeasure(ViewRootImpl.java:5264)
	at android.view.ViewRootImpl.measureHierarchy(ViewRootImpl.java:3602)
	at android.view.ViewRootImpl.performTraversals(ViewRootImpl.java:3915)
	at android.view.ViewRootImpl.doTraversal(ViewRootImpl.java:3293)
	at android.view.ViewRootImpl$TraversalRunnable.run(ViewRootImpl.java:11143)
	at android.view.Choreographer$CallbackRecord.run(Choreographer.java:1647)
	at android.view.Choreographer$CallbackRecord.run(Choreographer.java:1656)
	at android.view.Choreographer.doCallbacks(Choreographer.java:1252)
	at android.view.Choreographer.doFrame(Choreographer.java:1181)
	at android.view.Choreographer$FrameDisplayEventReceiver.run(Choreographer.java:1630)
	at android.os.Handler.handleCallback(Handler.java:1095)
	at android.os.Handler.dispatchMessageImpl(Handler.java:135)
	at android.os.Handler.dispatchMessage(Handler.java:125)
	at android.os.Looper.loopOnce(Looper.java:269)
	at android.os.Looper.loop(Looper.java:367)
	at android.app.ActivityThread.main(ActivityThread.java:9333)
	at java.lang.reflect.Method.invoke(Native Method)
	at com.android.internal.os.RuntimeInit$MethodAndArgsCaller.run(RuntimeInit.java:566)
	at com.android.internal.os.ZygoteInit.main(ZygoteInit.java:929)

2026-04-07T19:48:52.84977Z Error: (CrashLogger) ========================================
2026-04-07T19:48:59.503783Z Info: (AppLoadingViewModel) AuthState: Loading
2026-04-07T19:48:59.511419Z Info: (YouAuthFlowManager) Session restored for michael.seifert.page
2026-04-07T19:48:59.54442Z Info: (AppLoadingViewModel) AuthState: Authenticated
2026-04-07T19:48:59.589176Z Debug: ConversationStream: start() — loading full conversation list from DB
2026-04-07T19:48:59.591392Z Debug: Fetching connected and blocked connections in parallel...
2026-04-07T19:48:59.593359Z Info: Connecting to WebSocket at wss://michael.seifert.page/api/apps/v1/notify/ws
2026-04-07T19:48:59.600699Z Debug: (ConversationQueries) Fetched rows=81 in 10ms
2026-04-07T19:48:59.600987Z Debug: (ConversationQueries) Mapping row[0] | convSize=1385 hasMsg=true
2026-04-07T19:48:59.606514Z Debug: (ConversationQueries) Mapping row[1] | convSize=1385 hasMsg=true
2026-04-07T19:48:59.607845Z Debug: (ConversationQueries) Mapping row[2] | convSize=1313 hasMsg=true
2026-04-07T19:48:59.609058Z Debug: (ConversationQueries) Mapping row[3] | convSize=1846 hasMsg=true
2026-04-07T19:48:59.610803Z Debug: (ConversationQueries) Mapping row[4] | convSize=1399 hasMsg=true
2026-04-07T19:48:59.611853Z Debug: (ConversationQueries) Mapping row[5] | convSize=1195 hasMsg=true
2026-04-07T19:48:59.613034Z Debug: (ConversationQueries) Mapping row[6] | convSize=1444 hasMsg=true
2026-04-07T19:48:59.614296Z Debug: (ConversationQueries) Mapping row[7] | convSize=1387 hasMsg=true
2026-04-07T19:48:59.615319Z Debug: (ConversationQueries) Mapping row[8] | convSize=1369 hasMsg=true
2026-04-07T19:48:59.61639Z Debug: (ConversationQueries) Mapping row[9] | convSize=1407 hasMsg=true
2026-04-07T19:48:59.617089Z Debug: (ConversationQueries) Mapping row[10] | convSize=1394 hasMsg=true
2026-04-07T19:48:59.617663Z Debug: (ConversationQueries) Mapping row[11] | convSize=1186 hasMsg=true
2026-04-07T19:48:59.618182Z Debug: (ConversationQueries) Mapping row[12] | convSize=1396 hasMsg=true
2026-04-07T19:48:59.618749Z Debug: (ConversationQueries) Mapping row[13] | convSize=3763 hasMsg=true
2026-04-07T19:48:59.619441Z Debug: (ConversationQueries) Mapping row[14] | convSize=1734 hasMsg=true
2026-04-07T19:48:59.620141Z Debug: (ConversationQueries) Mapping row[15] | convSize=1446 hasMsg=true
2026-04-07T19:48:59.620706Z Debug: (ConversationQueries) Mapping row[16] | convSize=1903 hasMsg=true
2026-04-07T19:48:59.621358Z Debug: (ConversationQueries) Mapping row[17] | convSize=1401 hasMsg=true
2026-04-07T19:48:59.621813Z Debug: (ConversationQueries) Mapping row[18] | convSize=1395 hasMsg=true
2026-04-07T19:48:59.622256Z Debug: (ConversationQueries) Mapping row[19] | convSize=1288 hasMsg=true
2026-04-07T19:48:59.622717Z Debug: (ConversationQueries) Mapping row[20] | convSize=1302 hasMsg=true
2026-04-07T19:48:59.623191Z Debug: (ConversationQueries) Mapping row[21] | convSize=1230 hasMsg=true
2026-04-07T19:48:59.62369Z Debug: (ConversationQueries) Mapping row[22] | convSize=1510 hasMsg=true
2026-04-07T19:48:59.624172Z Debug: (ConversationQueries) Mapping row[23] | convSize=1389 hasMsg=true
2026-04-07T19:48:59.624623Z Debug: (ConversationQueries) Mapping row[24] | convSize=1449 hasMsg=true
2026-04-07T19:48:59.625054Z Debug: (ConversationQueries) Mapping row[25] | convSize=1442 hasMsg=true
2026-04-07T19:48:59.62563Z Debug: (ConversationQueries) Mapping row[26] | convSize=1325 hasMsg=true
2026-04-07T19:48:59.626556Z Debug: (ConversationQueries) Mapping row[27] | convSize=1401 hasMsg=true
2026-04-07T19:48:59.627027Z Debug: (ConversationQueries) Mapping row[28] | convSize=1393 hasMsg=true
2026-04-07T19:48:59.627491Z Debug: (ConversationQueries) Mapping row[29] | convSize=1401 hasMsg=true
2026-04-07T19:48:59.627868Z Debug: (ConversationQueries) Mapping row[30] | convSize=1406 hasMsg=true
2026-04-07T19:48:59.628215Z Debug: (ConversationQueries) Mapping row[31] | convSize=1402 hasMsg=true
2026-04-07T19:48:59.628521Z Debug: (ConversationQueries) Mapping row[32] | convSize=1278 hasMsg=true
2026-04-07T19:48:59.628832Z Debug: (ConversationQueries) Mapping row[33] | convSize=1215 hasMsg=true
2026-04-07T19:48:59.629153Z Debug: (ConversationQueries) Mapping row[34] | convSize=1410 hasMsg=true
2026-04-07T19:48:59.629462Z Debug: (ConversationQueries) Mapping row[35] | convSize=1426 hasMsg=true
2026-04-07T19:48:59.629732Z Debug: (ConversationQueries) Mapping row[36] | convSize=1308 hasMsg=true
2026-04-07T19:48:59.630052Z Debug: (ConversationQueries) Mapping row[37] | convSize=1417 hasMsg=true
2026-04-07T19:48:59.630407Z Debug: (ConversationQueries) Mapping row[38] | convSize=1428 hasMsg=true
2026-04-07T19:48:59.630713Z Debug: (ConversationQueries) Mapping row[39] | convSize=1279 hasMsg=true
2026-04-07T19:48:59.630978Z Debug: (ConversationQueries) Mapping row[40] | convSize=1142 hasMsg=true
2026-04-07T19:48:59.631259Z Debug: (ConversationQueries) Mapping row[41] | convSize=1339 hasMsg=true
2026-04-07T19:48:59.631594Z Debug: (ConversationQueries) Mapping row[42] | convSize=1451 hasMsg=true
2026-04-07T19:48:59.631918Z Debug: (ConversationQueries) Mapping row[43] | convSize=1187 hasMsg=true
2026-04-07T19:48:59.632183Z Debug: (ConversationQueries) Mapping row[44] | convSize=1293 hasMsg=true
2026-04-07T19:48:59.632477Z Debug: (ConversationQueries) Mapping row[45] | convSize=1456 hasMsg=true
2026-04-07T19:48:59.632758Z Debug: (ConversationQueries) Mapping row[46] | convSize=1405 hasMsg=true
2026-04-07T19:48:59.633033Z Debug: (ConversationQueries) Mapping row[47] | convSize=1325 hasMsg=true
2026-04-07T19:48:59.633318Z Debug: (ConversationQueries) Mapping row[48] | convSize=1375 hasMsg=true
2026-04-07T19:48:59.633615Z Debug: (ConversationQueries) Mapping row[49] | convSize=1387 hasMsg=true
2026-04-07T19:48:59.633921Z Debug: (ConversationQueries) Mapping row[50] | convSize=1199 hasMsg=true
2026-04-07T19:48:59.634204Z Debug: (ConversationQueries) Mapping row[51] | convSize=1082 hasMsg=true
2026-04-07T19:48:59.634436Z Debug: (ConversationQueries) Mapping row[52] | convSize=1341 hasMsg=true
2026-04-07T19:48:59.634696Z Debug: (ConversationQueries) Mapping row[53] | convSize=1185 hasMsg=true
2026-04-07T19:48:59.635054Z Debug: (ConversationQueries) Mapping row[54] | convSize=1157 hasMsg=true
2026-04-07T19:48:59.635286Z Debug: (ConversationQueries) Mapping row[55] | convSize=1208 hasMsg=true
2026-04-07T19:48:59.63558Z Debug: (ConversationQueries) Mapping row[56] | convSize=1343 hasMsg=true
2026-04-07T19:48:59.635837Z Debug: (ConversationQueries) Mapping row[57] | convSize=1012 hasMsg=true
2026-04-07T19:48:59.636091Z Debug: (ConversationQueries) Mapping row[58] | convSize=1322 hasMsg=true
2026-04-07T19:48:59.636657Z Debug: (ConversationQueries) Mapping row[59] | convSize=941 hasMsg=true
2026-04-07T19:48:59.63687Z Debug: (ConversationQueries) Mapping row[60] | convSize=1215 hasMsg=true
2026-04-07T19:48:59.637976Z Debug: (ConversationQueries) Mapping row[61] | convSize=1362 hasMsg=true
2026-04-07T19:48:59.638479Z Debug: (ConversationQueries) Mapping row[62] | convSize=1220 hasMsg=true
2026-04-07T19:48:59.638841Z Debug: (ConversationQueries) Mapping row[63] | convSize=1312 hasMsg=true
2026-04-07T19:48:59.639248Z Debug: (ConversationQueries) Mapping row[64] | convSize=1273 hasMsg=true
2026-04-07T19:48:59.639653Z Debug: (ConversationQueries) Mapping row[65] | convSize=1433 hasMsg=true
2026-04-07T19:48:59.639911Z Debug: (ConversationQueries) Mapping row[66] | convSize=1060 hasMsg=true
2026-04-07T19:48:59.64016Z Debug: (ConversationQueries) Mapping row[67] | convSize=1041 hasMsg=true
2026-04-07T19:48:59.640301Z Debug: (ConversationQueries) Mapping row[68] | convSize=1045 hasMsg=true
2026-04-07T19:48:59.640527Z Debug: (ConversationQueries) Mapping row[69] | convSize=1036 hasMsg=true
2026-04-07T19:48:59.640676Z Debug: (ConversationQueries) Mapping row[70] | convSize=1065 hasMsg=true
2026-04-07T19:48:59.640872Z Debug: (ConversationQueries) Mapping row[71] | convSize=1054 hasMsg=true
2026-04-07T19:48:59.641084Z Debug: (ConversationQueries) Mapping row[72] | convSize=1147 hasMsg=true
2026-04-07T19:48:59.641235Z Debug: (ConversationQueries) Mapping row[73] | convSize=1086 hasMsg=true
2026-04-07T19:48:59.641364Z Debug: (ConversationQueries) Mapping row[74] | convSize=980 hasMsg=false
2026-04-07T19:48:59.641517Z Debug: (ConversationQueries) Mapping row[75] | convSize=1088 hasMsg=false
2026-04-07T19:48:59.641695Z Debug: (ConversationQueries) Mapping row[76] | convSize=1230 hasMsg=false
2026-04-07T19:48:59.64194Z Debug: (ConversationQueries) Mapping row[77] | convSize=1256 hasMsg=false
2026-04-07T19:48:59.642083Z Debug: (ConversationQueries) Mapping row[78] | convSize=1331 hasMsg=false
2026-04-07T19:48:59.642306Z Debug: (ConversationQueries) Mapping row[79] | convSize=1478 hasMsg=false
2026-04-07T19:48:59.642449Z Debug: (ConversationQueries) Mapping row[80] | convSize=1121 hasMsg=false
2026-04-07T19:48:59.642654Z Debug: (ConversationQueries) Completed mapping 81 rows in 52ms
2026-04-07T19:48:59.654847Z Warn: Message (uid: de356785-29aa-a5a0-d2ea-18dcb6c7ec5b) with no version and not edited has null userDate. using authorSpecificDate
2026-04-07T19:48:59.655029Z Warn: See File here: https://michael.seifert.page/owner/drives/9ff813aff2d61e2f9b9db189e72d1a11_66ea8355ae4155c39b5a719166b510e3/de356785-29aa-a5a0-d2ea-18dcb6c7ec5b
2026-04-07T19:48:59.65542Z Warn: Message (uid: f45e5933-379b-75d8-39e5-2db7b829c1af) with no version and not edited has null userDate. using authorSpecificDate
2026-04-07T19:48:59.65548Z Warn: See File here: https://michael.seifert.page/owner/drives/9ff813aff2d61e2f9b9db189e72d1a11_66ea8355ae4155c39b5a719166b510e3/f45e5933-379b-75d8-39e5-2db7b829c1af
2026-04-07T19:48:59.655662Z Warn: Message (uid: 8a45b621-2b80-047c-8aba-74f0bfdef69a) with no version and not edited has null userDate. using authorSpecificDate
2026-04-07T19:48:59.655719Z Warn: See File here: https://michael.seifert.page/owner/drives/9ff813aff2d61e2f9b9db189e72d1a11_66ea8355ae4155c39b5a719166b510e3/8a45b621-2b80-047c-8aba-74f0bfdef69a
2026-04-07T19:48:59.655927Z Warn: Message (uid: ecb79a22-54cc-dda1-170e-35f412aae67d) with no version and not edited has null userDate. using authorSpecificDate
2026-04-07T19:48:59.655978Z Warn: See File here: https://michael.seifert.page/owner/drives/9ff813aff2d61e2f9b9db189e72d1a11_66ea8355ae4155c39b5a719166b510e3/ecb79a22-54cc-dda1-170e-35f412aae67d
2026-04-07T19:48:59.656158Z Warn: Message (uid: 48c75f9c-c91e-b0de-c713-931550fb0b00) with no version and not edited has null userDate. using authorSpecificDate
2026-04-07T19:48:59.656217Z Warn: See File here: https://michael.seifert.page/owner/drives/9ff813aff2d61e2f9b9db189e72d1a11_66ea8355ae4155c39b5a719166b510e3/48c75f9c-c91e-b0de-c713-931550fb0b00
2026-04-07T19:48:59.656368Z Warn: Message (uid: 57c41e8f-ea64-2ccf-3beb-959f777f6797) with no version and not edited has null userDate. using authorSpecificDate
2026-04-07T19:48:59.656414Z Warn: See File here: https://michael.seifert.page/owner/drives/9ff813aff2d61e2f9b9db189e72d1a11_66ea8355ae4155c39b5a719166b510e3/57c41e8f-ea64-2ccf-3beb-959f777f6797
2026-04-07T19:48:59.806011Z Debug: Sent WebSocket command: establishConnectionRequest
2026-04-07T19:48:59.808006Z Debug: (ExtendPermissionViewModel) All permissions are granted
2026-04-07T19:48:59.863001Z Debug: ConversationStream: unreadSync convo=64faac9c-b3ba-4d01-95d0-32bbf63e9381 0->438
2026-04-07T19:48:59.86319Z Debug: ConversationStream: unreadSync convo=cd07bf14-80eb-404d-875b-c9baeec738dd 0->38
2026-04-07T19:48:59.863545Z Debug: ConversationStream: unreadSync convo=4457cee7-35a0-420f-8a94-da869a5b4544 0->2
2026-04-07T19:48:59.863658Z Debug: ConversationStream: unreadSync convo=e77a3249-add3-4f4a-9c1a-e5737ad322bf 0->74
2026-04-07T19:48:59.863687Z Debug: ConversationStream: unreadSync convo=8ae3c31a-fb4e-476a-92c7-d50d93f77255 0->7
2026-04-07T19:48:59.863804Z Debug: ConversationStream: unreadSync convo=256769a8-d816-d468-aef4-7e258eece4ff 0->4
2026-04-07T19:48:59.863924Z Debug: ConversationStream: unreadSync convo=901d4566-9493-42be-b77a-7964de6ce295 0->1
2026-04-07T19:48:59.864041Z Debug: ConversationStream: unreadSync convo=50abcb2d-0f8c-4257-826c-a33da11654b3 0->319
2026-04-07T19:48:59.864117Z Debug: ConversationStream: unreadSync convo=7c2e8b7d-6053-47ee-baee-7e355f72207c 0->1
2026-04-07T19:48:59.864191Z Debug: ConversationStream: unreadSync convo=537c8c57-c213-4c7e-87d9-d38719232c6a 0->2
2026-04-07T19:48:59.864277Z Debug: ConversationStream: unreadSync convo=540302b7-1887-4aae-ae93-2ae7a33e7285 0->42
2026-04-07T19:48:59.86435Z Debug: ConversationStream: unreadSync convo=c9f4b0ec-db00-98ed-ff4f-fcdd14ed54c6 0->1
2026-04-07T19:48:59.864431Z Debug: ConversationStream: unreadSync convo=b71b603d-532f-4d50-835f-8aff22ca6fc1 0->121
2026-04-07T19:48:59.864457Z Debug: ConversationStream: unreadSync convo=6cfb2586-7aa9-4a29-9043-a1d5b6ba8255 0->108
2026-04-07T19:48:59.864551Z Debug: ConversationStream: unreadSync convo=7d8d0e6e-0720-6d89-db95-3f090df5892d 0->8
2026-04-07T19:48:59.864633Z Debug: ConversationStream: unreadSync convo=ef9bf7d7-5e71-4c95-9e28-dcb4a625f55e 0->391
2026-04-07T19:48:59.864689Z Debug: ConversationStream: unreadSync convo=24fe7a52-d7dd-f64d-a9fa-87885f333253 0->45
2026-04-07T19:48:59.864781Z Debug: ConversationStream: unreadSync convo=27e0c227-f8cb-4c01-a896-5c8c4b222764 0->1
2026-04-07T19:48:59.864869Z Debug: ConversationStream: unreadSync convo=fcb0d12e-f85b-467c-9af4-c944bc9f4bad 0->51
2026-04-07T19:48:59.864949Z Debug: ConversationStream: unreadSync convo=9ac83b4c-d762-5695-289e-d4ce407cfe3a 0->15
2026-04-07T19:48:59.86502Z Debug: ConversationStream: unreadSync convo=e028c85f-f04d-4600-8946-3d3a8be543f4 0->156
2026-04-07T19:48:59.865096Z Debug: ConversationStream: unreadSync convo=e60fd221-ef31-4323-aa52-52691c4946a3 0->59
2026-04-07T19:48:59.865164Z Debug: ConversationStream: unreadSync convo=b3c628f2-1eed-41da-87d6-030909099afd 0->31
2026-04-07T19:48:59.865231Z Debug: ConversationStream: unreadSync convo=7e9ef437-9e71-48b7-b32d-6df219712c9f 0->9
2026-04-07T19:48:59.865295Z Debug: ConversationStream: unreadSync convo=928bed18-cd75-4125-9b17-9c16f4c84f58 0->35
2026-04-07T19:48:59.865362Z Debug: ConversationStream: unreadSync convo=d2065d2b-8563-405f-b5cb-1392405572d0 0->85
2026-04-07T19:48:59.86542Z Debug: ConversationStream: unreadSync convo=4b477621-9635-0ae8-c70e-83f3391d9ea2 0->26
2026-04-07T19:48:59.865519Z Debug: ConversationStream: unreadSync convo=b9950f88-30ce-d1de-8f5a-b9896186aa9c 0->136
2026-04-07T19:48:59.865604Z Debug: ConversationStream: unreadSync convo=83fa0e00-51d6-44f8-9f17-0f6eb7f2608c 0->14
2026-04-07T19:48:59.865692Z Debug: ConversationStream: unreadSync convo=6dc335e4-fe66-4280-abf4-24b77616b95f 0->10
2026-04-07T19:48:59.865763Z Debug: ConversationStream: unreadSync convo=20454198-aafa-132f-e06c-54bb71b8c3d2 0->263
2026-04-07T19:48:59.865824Z Debug: ConversationStream: unreadSync convo=09111249-7397-ca96-1fea-e608f66ecb71 0->23
2026-04-07T19:48:59.865901Z Debug: ConversationStream: unreadSync convo=0cdbc6ac-ed6b-43e2-b83e-ce2f9b38ddf9 0->2
2026-04-07T19:48:59.865963Z Debug: ConversationStream: unreadSync convo=e7c825b8-a432-40a8-a54a-daa66d65d7c3 0->2
2026-04-07T19:48:59.866028Z Debug: ConversationStream: unreadSync convo=885de453-b30f-457b-b352-b6c08d84c126 0->155
2026-04-07T19:48:59.866094Z Debug: ConversationStream: unreadSync convo=0b81acf2-8d3f-463e-b940-44b50607035e 0->8
2026-04-07T19:48:59.86615Z Debug: ConversationStream: unreadSync convo=979b2fbf-3be1-446e-8675-9a1ca1ceb5c3 0->1
2026-04-07T19:48:59.866241Z Debug: ConversationStream: unreadSync convo=add729a6-6dc6-b47a-a668-454cf7acd0fd 0->151
2026-04-07T19:48:59.866279Z Debug: ConversationStream: unreadSync convo=e42ef4fd-db45-604c-6e52-a542de983f2c 0->19
2026-04-07T19:48:59.866391Z Debug: ConversationStream: unreadSync convo=c09df4f4-0a75-4d49-8b5c-964111f6b99b 0->37
2026-04-07T19:48:59.866448Z Debug: ConversationStream: unreadSync convo=f2accf21-7fed-464f-935c-985731548f1c 0->20
2026-04-07T19:48:59.866515Z Debug: ConversationStream: unreadSync convo=c77ffde9-e02e-4c33-ad53-1091298bff32 0->20
2026-04-07T19:48:59.866632Z Debug: ConversationStream: unreadSync convo=f5956962-980e-4935-b444-db7a731f1991 0->1
2026-04-07T19:48:59.866699Z Debug: ConversationStream: unreadSync convo=b3960378-a16e-4cb4-a6cc-faaa56b30e9c 0->2
2026-04-07T19:48:59.866765Z Debug: ConversationStream: unreadSync convo=82bdd5a1-852a-4f34-bb9f-eeed6055a916 0->2
2026-04-07T19:48:59.866829Z Debug: ConversationStream: unreadSync convo=7dcfe659-9d61-4401-ae7c-364ac8a1b9df 0->6
2026-04-07T19:48:59.866903Z Debug: ConversationStream: unreadSync convo=37522d23-6764-4757-a192-fc47ab3937a1 0->8
2026-04-07T19:48:59.866957Z Debug: ConversationStream: unreadSync convo=d31b0ee6-a1fb-44bc-93cf-446444666323 0->4
2026-04-07T19:48:59.86703Z Debug: ConversationStream: unreadSync convo=d32372c1-c1c8-41d8-be89-85865d89100a 0->5
2026-04-07T19:48:59.984355Z Debug: Loaded connections 65 connected, 0 blocked
2026-04-07T19:49:00.046271Z Info: Device handshake successful
2026-04-07T19:49:00.248055Z Debug: Sent WebSocket command: processInbox
2026-04-07T19:49:00.248794Z Debug: Sent WebSocket command: processInbox
2026-04-07T19:49:00.250182Z Debug: Sent WebSocket command: processInbox
2026-04-07T19:49:00.252202Z Info: Synchronizing drive 2612429d-1c3f-0372-82b8-d42fb2cc0499
2026-04-07T19:49:00.252624Z Info: Synchronizing drive 4db49422-ebad-02e9-9ab9-6e9c477d1e08
2026-04-07T19:49:00.253574Z Info: Synchronizing drive 9ff813af-f2d6-1e2f-9b9d-b189e72d1a11
2026-04-07T19:49:00.301799Z Info: Received 0 records from QueryBatch() on Drive 2612429d-1c3f-0372-82b8-d42fb2cc0499
2026-04-07T19:49:00.302167Z Debug: DriveSync: all DB writes complete for drive 2612429d-1c3f-0372-82b8-d42fb2cc0499 (0 total records)
2026-04-07T19:49:00.303721Z Debug: Drive 2612429d-1c3f-0372-82b8-d42fb2cc0499 synchronized with 0 records read.
2026-04-07T19:49:00.343121Z Info: Received 0 records from QueryBatch() on Drive 4db49422-ebad-02e9-9ab9-6e9c477d1e08
2026-04-07T19:49:00.344489Z Debug: DriveSync: all DB writes complete for drive 4db49422-ebad-02e9-9ab9-6e9c477d1e08 (0 total records)
2026-04-07T19:49:00.345566Z Debug: Drive 4db49422-ebad-02e9-9ab9-6e9c477d1e08 synchronized with 0 records read.
2026-04-07T19:49:00.427727Z Info: Received 0 records from QueryBatch() on Drive 9ff813af-f2d6-1e2f-9b9d-b189e72d1a11
2026-04-07T19:49:00.428369Z Debug: DriveSync: all DB writes complete for drive 9ff813af-f2d6-1e2f-9b9d-b189e72d1a11 (0 total records)
2026-04-07T19:49:00.429748Z Debug: Drive 9ff813af-f2d6-1e2f-9b9d-b189e72d1a11 synchronized with 0 records read.
2026-04-07T19:49:00.429671Z Debug: ConversationStream: Stopped(totalCount=0)
2026-04-07T19:49:00.429808Z Debug: ChatMessageStream: Stopped(totalCount=0)
2026-04-07T19:49:00.437897Z Info: Popping Outbox
2026-04-07T19:49:00.440579Z Info: No more items in outbox
2026-04-07T19:49:00.553081Z Error: (HomebaseImageLoader) Non-retriable exception: Not found
2026-04-07T19:49:00.754041Z Error: (CrashLogger) ========== UNCAUGHT EXCEPTION ==========
2026-04-07T19:49:00.754205Z Error: (CrashLogger) Thread: main
2026-04-07T19:49:00.755114Z Error: (CrashLogger) Exception: IllegalArgumentException
2026-04-07T19:49:00.755214Z Error: (CrashLogger) Message: Type of the key anders.dominion.id is not supported. On Android you can only use types which can be stored inside the Bundle.
2026-04-07T19:49:00.755922Z Error: (CrashLogger) Stack trace:
java.lang.IllegalArgumentException: Type of the key anders.dominion.id is not supported. On Android you can only use types which can be stored inside the Bundle.
	at ky4.u(r8-map-id-4942d8d07dae86f7f26a1280b3a67e509ffbb6e9d331ef60e5b913297764846c:22)
	at du5.b(r8-map-id-4942d8d07dae86f7f26a1280b3a67e509ffbb6e9d331ef60e5b913297764846c:127)
	at yn3.b(r8-map-id-4942d8d07dae86f7f26a1280b3a67e509ffbb6e9d331ef60e5b913297764846c:76)
	at ra2.g(r8-map-id-4942d8d07dae86f7f26a1280b3a67e509ffbb6e9d331ef60e5b913297764846c:87)
	at nq2.invoke(r8-map-id-4942d8d07dae86f7f26a1280b3a67e509ffbb6e9d331ef60e5b913297764846c:853)
	at tp0.a(r8-map-id-4942d8d07dae86f7f26a1280b3a67e509ffbb6e9d331ef60e5b913297764846c:42)
	at tp0.invoke(r8-map-id-4942d8d07dae86f7f26a1280b3a67e509ffbb6e9d331ef60e5b913297764846c:77)
	at f72.G(r8-map-id-4942d8d07dae86f7f26a1280b3a67e509ffbb6e9d331ef60e5b913297764846c:13)
	at bs0.o(r8-map-id-4942d8d07dae86f7f26a1280b3a67e509ffbb6e9d331ef60e5b913297764846c:85)
	at ts0.m(r8-map-id-4942d8d07dae86f7f26a1280b3a67e509ffbb6e9d331ef60e5b913297764846c:37)
	at rg5.a(r8-map-id-4942d8d07dae86f7f26a1280b3a67e509ffbb6e9d331ef60e5b913297764846c:77)
	at zr0.a(r8-map-id-4942d8d07dae86f7f26a1280b3a67e509ffbb6e9d331ef60e5b913297764846c:5)
	at zr0.a(r8-map-id-4942d8d07dae86f7f26a1280b3a67e509ffbb6e9d331ef60e5b913297764846c:5)
	at zr0.a(r8-map-id-4942d8d07dae86f7f26a1280b3a67e509ffbb6e9d331ef60e5b913297764846c:5)
	at ts0.C(r8-map-id-4942d8d07dae86f7f26a1280b3a67e509ffbb6e9d331ef60e5b913297764846c:28)
	at wk3.m(r8-map-id-4942d8d07dae86f7f26a1280b3a67e509ffbb6e9d331ef60e5b913297764846c:268)
	at qk3.q(r8-map-id-4942d8d07dae86f7f26a1280b3a67e509ffbb6e9d331ef60e5b913297764846c:171)
	at pm3.a(r8-map-id-4942d8d07dae86f7f26a1280b3a67e509ffbb6e9d331ef60e5b913297764846c:30)
	at mr0.o(r8-map-id-4942d8d07dae86f7f26a1280b3a67e509ffbb6e9d331ef60e5b913297764846c:14)
	at pn3.y(r8-map-id-4942d8d07dae86f7f26a1280b3a67e509ffbb6e9d331ef60e5b913297764846c:21)
	at qn3.a(r8-map-id-4942d8d07dae86f7f26a1280b3a67e509ffbb6e9d331ef60e5b913297764846c:754)
	at nq2.invoke(r8-map-id-4942d8d07dae86f7f26a1280b3a67e509ffbb6e9d331ef60e5b913297764846c:763)
	at sk3.b(r8-map-id-4942d8d07dae86f7f26a1280b3a67e509ffbb6e9d331ef60e5b913297764846c:71)
	at i73.s(r8-map-id-4942d8d07dae86f7f26a1280b3a67e509ffbb6e9d331ef60e5b913297764846c:49)
	at c86.a(r8-map-id-4942d8d07dae86f7f26a1280b3a67e509ffbb6e9d331ef60e5b913297764846c:1)
	at bk3.s(r8-map-id-4942d8d07dae86f7f26a1280b3a67e509ffbb6e9d331ef60e5b913297764846c:177)
	at em3.a(r8-map-id-4942d8d07dae86f7f26a1280b3a67e509ffbb6e9d331ef60e5b913297764846c:1)
	at bk3.s(r8-map-id-4942d8d07dae86f7f26a1280b3a67e509ffbb6e9d331ef60e5b913297764846c:177)
	at zz3.invoke(r8-map-id-4942d8d07dae86f7f26a1280b3a67e509ffbb6e9d331ef60e5b913297764846c:97)
	at zb6.d(r8-map-id-4942d8d07dae86f7f26a1280b3a67e509ffbb6e9d331ef60e5b913297764846c:242)
	at a04.s0(r8-map-id-4942d8d07dae86f7f26a1280b3a67e509ffbb6e9d331ef60e5b913297764846c:147)
	at a04.s(r8-map-id-4942d8d07dae86f7f26a1280b3a67e509ffbb6e9d331ef60e5b913297764846c:84)
	at t92.J(r8-map-id-4942d8d07dae86f7f26a1280b3a67e509ffbb6e9d331ef60e5b913297764846c:299)
	at xm0.b(r8-map-id-4942d8d07dae86f7f26a1280b3a67e509ffbb6e9d331ef60e5b913297764846c:43)
	at i73.s(r8-map-id-4942d8d07dae86f7f26a1280b3a67e509ffbb6e9d331ef60e5b913297764846c:49)
	at mu4.a(r8-map-id-4942d8d07dae86f7f26a1280b3a67e509ffbb6e9d331ef60e5b913297764846c:105)
	at bk3.s(r8-map-id-4942d8d07dae86f7f26a1280b3a67e509ffbb6e9d331ef60e5b913297764846c:177)
	at zz3.invoke(r8-map-id-4942d8d07dae86f7f26a1280b3a67e509ffbb6e9d331ef60e5b913297764846c:97)
	at zb6.d(r8-map-id-4942d8d07dae86f7f26a1280b3a67e509ffbb6e9d331ef60e5b913297764846c:242)
	at a04.s0(r8-map-id-4942d8d07dae86f7f26a1280b3a67e509ffbb6e9d331ef60e5b913297764846c:147)
	at a04.s(r8-map-id-4942d8d07dae86f7f26a1280b3a67e509ffbb6e9d331ef60e5b913297764846c:84)
	at r60.b(r8-map-id-4942d8d07dae86f7f26a1280b3a67e509ffbb6e9d331ef60e5b913297764846c:82)
	at i73.s(r8-map-id-4942d8d07dae86f7f26a1280b3a67e509ffbb6e9d331ef60e5b913297764846c:49)
	at zz3.invoke(r8-map-id-4942d8d07dae86f7f26a1280b3a67e509ffbb6e9d331ef60e5b913297764846c:97)
	at zb6.d(r8-map-id-4942d8d07dae86f7f26a1280b3a67e509ffbb6e9d331ef60e5b913297764846c:242)
	at a04.s0(r8-map-id-4942d8d07dae86f7f26a1280b3a67e509ffbb6e9d331ef60e5b913297764846c:147)
	at a04.s(r8-map-id-4942d8d07dae86f7f26a1280b3a67e509ffbb6e9d331ef60e5b913297764846c:84)
	at sv.invoke(r8-map-id-4942d8d07dae86f7f26a1280b3a67e509ffbb6e9d331ef60e5b913297764846c:424)
	at sk3.b(r8-map-id-4942d8d07dae86f7f26a1280b3a67e509ffbb6e9d331ef60e5b913297764846c:71)
	at i73.s(r8-map-id-4942d8d07dae86f7f26a1280b3a67e509ffbb6e9d331ef60e5b913297764846c:49)
	at zz3.invoke(r8-map-id-4942d8d07dae86f7f26a1280b3a67e509ffbb6e9d331ef60e5b913297764846c:97)
	at zb6.d(r8-map-id-4942d8d07dae86f7f26a1280b3a67e509ffbb6e9d331ef60e5b913297764846c:242)
	at a04.s0(r8-map-id-4942d8d07dae86f7f26a1280b3a67e509ffbb6e9d331ef60e5b913297764846c:147)
	at a04.s(r8-map-id-4942d8d07dae86f7f26a1280b3a67e509ffbb6e9d331ef60e5b913297764846c:84)
	at r60.b(r8-map-id-4942d8d07dae86f7f26a1280b3a67e509ffbb6e9d331ef60e5b913297764846c:82)
	at i73.s(r8-map-id-4942d8d07dae86f7f26a1280b3a67e509ffbb6e9d331ef60e5b913297764846c:49)
	at c86.a(r8-map-id-4942d8d07dae86f7f26a1280b3a67e509ffbb6e9d331ef60e5b913297764846c:1)
	at bk3.s(r8-map-id-4942d8d07dae86f7f26a1280b3a67e509ffbb6e9d331ef60e5b913297764846c:177)
	at zz3.invoke(r8-map-id-4942d8d07dae86f7f26a1280b3a67e509ffbb6e9d331ef60e5b913297764846c:97)
	at zb6.d(r8-map-id-4942d8d07dae86f7f26a1280b3a67e509ffbb6e9d331ef60e5b913297764846c:242)
	at a04.s0(r8-map-id-4942d8d07dae86f7f26a1280b3a67e509ffbb6e9d331ef60e5b913297764846c:147)
	at a04.s(r8-map-id-4942d8d07dae86f7f26a1280b3a67e509ffbb6e9d331ef60e5b913297764846c:84)
	at vj.b(r8-map-id-4942d8d07dae86f7f26a1280b3a67e509ffbb6e9d331ef60e5b913297764846c:25)
	at i73.s(r8-map-id-4942d8d07dae86f7f26a1280b3a67e509ffbb6e9d331ef60e5b913297764846c:49)
	at y32.a(r8-map-id-4942d8d07dae86f7f26a1280b3a67e509ffbb6e9d331ef60e5b913297764846c:250)
	at bk3.s(r8-map-id-4942d8d07dae86f7f26a1280b3a67e509ffbb6e9d331ef60e5b913297764846c:177)
	at z40.a(r8-map-id-4942d8d07dae86f7f26a1280b3a67e509ffbb6e9d331ef60e5b913297764846c:1)
	at bk3.s(r8-map-id-4942d8d07dae86f7f26a1280b3a67e509ffbb6e9d331ef60e5b913297764846c:177)
	at e66.invoke(r8-map-id-4942d8d07dae86f7f26a1280b3a67e509ffbb6e9d331ef60e5b913297764846c:16)
	at xj3.a(r8-map-id-4942d8d07dae86f7f26a1280b3a67e509ffbb6e9d331ef60e5b913297764846c:8)
	at bk3.s(r8-map-id-4942d8d07dae86f7f26a1280b3a67e509ffbb6e9d331ef60e5b913297764846c:177)
	at zz3.invoke(r8-map-id-4942d8d07dae86f7f26a1280b3a67e509ffbb6e9d331ef60e5b913297764846c:97)
	at zb6.d(r8-map-id-4942d8d07dae86f7f26a1280b3a67e509ffbb6e9d331ef60e5b913297764846c:242)
	at a04.s0(r8-map-id-4942d8d07dae86f7f26a1280b3a67e509ffbb6e9d331ef60e5b913297764846c:147)
	at a04.s(r8-map-id-4942d8d07dae86f7f26a1280b3a67e509ffbb6e9d331ef60e5b913297764846c:84)
	at nj.b(r8-map-id-4942d8d07dae86f7f26a1280b3a67e509ffbb6e9d331ef60e5b913297764846c:68)
	at i73.s(r8-map-id-4942d8d07dae86f7f26a1280b3a67e509ffbb6e9d331ef60e5b913297764846c:49)
	at tj.a(r8-map-id-4942d8d07dae86f7f26a1280b3a67e509ffbb6e9d331ef60e5b913297764846c:1)
	at bk3.s(r8-map-id-4942d8d07dae86f7f26a1280b3a67e509ffbb6e9d331ef60e5b913297764846c:177)
	at zz3.invoke(r8-map-id-4942d8d07dae86f7f26a1280b3a67e509ffbb6e9d331ef60e5b913297764846c:97)
	at zb6.d(r8-map-id-4942d8d07dae86f7f26a1280b3a67e509ffbb6e9d331ef60e5b913297764846c:305)
	at a04.s0(r8-map-id-4942d8d07dae86f7f26a1280b3a67e509ffbb6e9d331ef60e5b913297764846c:147)
	at ik3.P(r8-map-id-4942d8d07dae86f7f26a1280b3a67e509ffbb6e9d331ef60e5b913297764846c:18)
	at ik3.Q(r8-map-id-4942d8d07dae86f7f26a1280b3a67e509ffbb6e9d331ef60e5b913297764846c:18)
	at yz3.c(r8-map-id-4942d8d07dae86f7f26a1280b3a67e509ffbb6e9d331ef60e5b913297764846c:8)
	at yz3.m(r8-map-id-4942d8d07dae86f7f26a1280b3a67e509ffbb6e9d331ef60e5b913297764846c:124)
	at yz3.g(r8-map-id-4942d8d07dae86f7f26a1280b3a67e509ffbb6e9d331ef60e5b913297764846c:105)
	at yz3.g(r8-map-id-4942d8d07dae86f7f26a1280b3a67e509ffbb6e9d331ef60e5b913297764846c:119)
	at yz3.g(r8-map-id-4942d8d07dae86f7f26a1280b3a67e509ffbb6e9d331ef60e5b913297764846c:119)
	at yz3.g(r8-map-id-4942d8d07dae86f7f26a1280b3a67e509ffbb6e9d331ef60e5b913297764846c:119)
	at yz3.g(r8-map-id-4942d8d07dae86f7f26a1280b3a67e509ffbb6e9d331ef60e5b913297764846c:119)
	at yz3.g(r8-map-id-4942d8d07dae86f7f26a1280b3a67e509ffbb6e9d331ef60e5b913297764846c:119)
	at yz3.g(r8-map-id-4942d8d07dae86f7f26a1280b3a67e509ffbb6e9d331ef60e5b913297764846c:119)
	at yz3.f(r8-map-id-4942d8d07dae86f7f26a1280b3a67e509ffbb6e9d331ef60e5b913297764846c:28)
	at ob.l(r8-map-id-4942d8d07dae86f7f26a1280b3a67e509ffbb6e9d331ef60e5b913297764846c:3)
	at a04.s0(r8-map-id-4942d8d07dae86f7f26a1280b3a67e509ffbb6e9d331ef60e5b913297764846c:63)
	at ik3.P(r8-map-id-4942d8d07dae86f7f26a1280b3a67e509ffbb6e9d331ef60e5b913297764846c:18)
	at yz3.c(r8-map-id-4942d8d07dae86f7f26a1280b3a67e509ffbb6e9d331ef60e5b913297764846c:3)
	at yz3.o(r8-map-id-4942d8d07dae86f7f26a1280b3a67e509ffbb6e9d331ef60e5b913297764846c:23)
	at yz3.l(r8-map-id-4942d8d07dae86f7f26a1280b3a67e509ffbb6e9d331ef60e5b913297764846c:93)
	at ob.onMeasure(r8-map-id-4942d8d07dae86f7f26a1280b3a67e509ffbb6e9d331ef60e5b913297764846c:79)
	at android.view.View.measure(View.java:28681)
	at m0.g(r8-map-id-4942d8d07dae86f7f26a1280b3a67e509ffbb6e9d331ef60e5b913297764846c:64)
	at m0.onMeasure(r8-map-id-4942d8d07dae86f7f26a1280b3a67e509ffbb6e9d331ef60e5b913297764846c:4)
	at android.view.View.measure(View.java:28681)
	at android.view.ViewGroup.measureChildWithMargins(ViewGroup.java:7042)
	at android.widget.FrameLayout.onMeasure(FrameLayout.java:194)
	at androidx.appcompat.widget.ContentFrameLayout.onMeasure(r8-map-id-4942d8d07dae86f7f26a1280b3a67e509ffbb6e9d331ef60e5b913297764846c:160)
	at android.view.View.measure(View.java:28681)
	at android.view.ViewGroup.measureChildWithMargins(ViewGroup.java:7042)
	at android.widget.LinearLayout.measureChildBeforeLayout(LinearLayout.java:1608)
	at android.widget.LinearLayout.measureVertical(LinearLayout.java:878)
	at android.widget.LinearLayout.onMeasure(LinearLayout.java:721)
	at android.view.View.measure(View.java:28681)
	at android.view.ViewGroup.measureChildWithMargins(ViewGroup.java:7042)
	at android.widget.FrameLayout.onMeasure(FrameLayout.java:194)
	at android.view.View.measure(View.java:28681)
	at android.view.ViewGroup.measureChildWithMargins(ViewGroup.java:7042)
	at android.widget.LinearLayout.measureChildBeforeLayout(LinearLayout.java:1608)
	at android.widget.LinearLayout.measureVertical(LinearLayout.java:878)
	at android.widget.LinearLayout.onMeasure(LinearLayout.java:721)
	at android.view.View.measure(View.java:28681)
	at android.view.ViewGroup.measureChildWithMargins(ViewGroup.java:7042)
	at android.widget.FrameLayout.onMeasure(FrameLayout.java:194)
	at com.android.internal.policy.DecorView.onMeasure(DecorView.java:758)
	at android.view.View.measure(View.java:28681)
	at android.view.ViewRootImpl.performMeasure(ViewRootImpl.java:5264)
	at android.view.ViewRootImpl.measureHierarchy(ViewRootImpl.java:3602)
	at android.view.ViewRootImpl.performTraversals(ViewRootImpl.java:3915)
	at android.view.ViewRootImpl.doTraversal(ViewRootImpl.java:3293)
	at android.view.ViewRootImpl$TraversalRunnable.run(ViewRootImpl.java:11143)
	at android.view.Choreographer$CallbackRecord.run(Choreographer.java:1647)
	at android.view.Choreographer$CallbackRecord.run(Choreographer.java:1656)
	at android.view.Choreographer.doCallbacks(Choreographer.java:1252)
	at android.view.Choreographer.doFrame(Choreographer.java:1181)
	at android.view.Choreographer$FrameDisplayEventReceiver.run(Choreographer.java:1630)
	at android.os.Handler.handleCallback(Handler.java:1095)
	at android.os.Handler.dispatchMessageImpl(Handler.java:135)
	at android.os.Handler.dispatchMessage(Handler.java:125)
	at android.os.Looper.loopOnce(Looper.java:269)
	at android.os.Looper.loop(Looper.java:367)
	at android.app.ActivityThread.main(ActivityThread.java:9333)
	at java.lang.reflect.Method.invoke(Native Method)
	at com.android.internal.os.RuntimeInit$MethodAndArgsCaller.run(RuntimeInit.java:566)
	at com.android.internal.os.ZygoteInit.main(ZygoteInit.java:929)

2026-04-07T19:49:00.756621Z Error: (CrashLogger) ========================================
2026-04-07T19:49:03.097993Z Info: (AppLoadingViewModel) AuthState: Loading
2026-04-07T19:49:03.105248Z Info: (YouAuthFlowManager) Session restored for michael.seifert.page
2026-04-07T19:49:03.13643Z Info: (AppLoadingViewModel) AuthState: Authenticated
2026-04-07T19:49:03.18462Z Debug: ConversationStream: start() — loading full conversation list from DB
2026-04-07T19:49:03.185823Z Debug: Fetching connected and blocked connections in parallel...
2026-04-07T19:49:03.187602Z Info: Connecting to WebSocket at wss://michael.seifert.page/api/apps/v1/notify/ws
2026-04-07T19:49:03.19185Z Debug: (ConversationQueries) Fetched rows=81 in 6ms
2026-04-07T19:49:03.192107Z Debug: (ConversationQueries) Mapping row[0] | convSize=1385 hasMsg=true
2026-04-07T19:49:03.196773Z Debug: (ConversationQueries) Mapping row[1] | convSize=1385 hasMsg=true
2026-04-07T19:49:03.198012Z Debug: (ConversationQueries) Mapping row[2] | convSize=1313 hasMsg=true
2026-04-07T19:49:03.200482Z Debug: (ConversationQueries) Mapping row[3] | convSize=1846 hasMsg=true
2026-04-07T19:49:03.202438Z Debug: (ConversationQueries) Mapping row[4] | convSize=1399 hasMsg=true
2026-04-07T19:49:03.20353Z Debug: (ConversationQueries) Mapping row[5] | convSize=1195 hasMsg=true
2026-04-07T19:49:03.204627Z Debug: (ConversationQueries) Mapping row[6] | convSize=1444 hasMsg=true
2026-04-07T19:49:03.205911Z Debug: (ConversationQueries) Mapping row[7] | convSize=1387 hasMsg=true
2026-04-07T19:49:03.207016Z Debug: (ConversationQueries) Mapping row[8] | convSize=1369 hasMsg=true
2026-04-07T19:49:03.208031Z Debug: (ConversationQueries) Mapping row[9] | convSize=1407 hasMsg=true
2026-04-07T19:49:03.209162Z Debug: (ConversationQueries) Mapping row[10] | convSize=1394 hasMsg=true
2026-04-07T19:49:03.210174Z Debug: (ConversationQueries) Mapping row[11] | convSize=1186 hasMsg=true
2026-04-07T19:49:03.211095Z Debug: (ConversationQueries) Mapping row[12] | convSize=1396 hasMsg=true
2026-04-07T19:49:03.212253Z Debug: (ConversationQueries) Mapping row[13] | convSize=3763 hasMsg=true
2026-04-07T19:49:03.213184Z Debug: (ConversationQueries) Mapping row[14] | convSize=1734 hasMsg=true
2026-04-07T19:49:03.213752Z Debug: (ConversationQueries) Mapping row[15] | convSize=1446 hasMsg=true
2026-04-07T19:49:03.214255Z Debug: (ConversationQueries) Mapping row[16] | convSize=1903 hasMsg=true
2026-04-07T19:49:03.217186Z Debug: (ConversationQueries) Mapping row[17] | convSize=1401 hasMsg=true
2026-04-07T19:49:03.218244Z Debug: (ConversationQueries) Mapping row[18] | convSize=1395 hasMsg=true
2026-04-07T19:49:03.219016Z Debug: (ConversationQueries) Mapping row[19] | convSize=1288 hasMsg=true
2026-04-07T19:49:03.219737Z Debug: (ConversationQueries) Mapping row[20] | convSize=1302 hasMsg=true
2026-04-07T19:49:03.220287Z Debug: (ConversationQueries) Mapping row[21] | convSize=1230 hasMsg=true
2026-04-07T19:49:03.220789Z Debug: (ConversationQueries) Mapping row[22] | convSize=1510 hasMsg=true
2026-04-07T19:49:03.221228Z Debug: (ConversationQueries) Mapping row[23] | convSize=1389 hasMsg=true
2026-04-07T19:49:03.221761Z Debug: (ConversationQueries) Mapping row[24] | convSize=1449 hasMsg=true
2026-04-07T19:49:03.222162Z Debug: (ConversationQueries) Mapping row[25] | convSize=1442 hasMsg=true
2026-04-07T19:49:03.222581Z Debug: (ConversationQueries) Mapping row[26] | convSize=1325 hasMsg=true
2026-04-07T19:49:03.222918Z Debug: (ConversationQueries) Mapping row[27] | convSize=1401 hasMsg=true
2026-04-07T19:49:03.223282Z Debug: (ConversationQueries) Mapping row[28] | convSize=1393 hasMsg=true
2026-04-07T19:49:03.223672Z Debug: (ConversationQueries) Mapping row[29] | convSize=1401 hasMsg=true
2026-04-07T19:49:03.224105Z Debug: (ConversationQueries) Mapping row[30] | convSize=1406 hasMsg=true
2026-04-07T19:49:03.224453Z Debug: (ConversationQueries) Mapping row[31] | convSize=1402 hasMsg=true
2026-04-07T19:49:03.224767Z Debug: (ConversationQueries) Mapping row[32] | convSize=1278 hasMsg=true
2026-04-07T19:49:03.225088Z Debug: (ConversationQueries) Mapping row[33] | convSize=1215 hasMsg=true
2026-04-07T19:49:03.225443Z Debug: (ConversationQueries) Mapping row[34] | convSize=1410 hasMsg=true
2026-04-07T19:49:03.225829Z Debug: (ConversationQueries) Mapping row[35] | convSize=1426 hasMsg=true
2026-04-07T19:49:03.226159Z Debug: (ConversationQueries) Mapping row[36] | convSize=1308 hasMsg=true
2026-04-07T19:49:03.226616Z Debug: (ConversationQueries) Mapping row[37] | convSize=1417 hasMsg=true
2026-04-07T19:49:03.227085Z Debug: (ConversationQueries) Mapping row[38] | convSize=1428 hasMsg=true
2026-04-07T19:49:03.227437Z Debug: (ConversationQueries) Mapping row[39] | convSize=1279 hasMsg=true
2026-04-07T19:49:03.227821Z Debug: (ConversationQueries) Mapping row[40] | convSize=1142 hasMsg=true
2026-04-07T19:49:03.228179Z Debug: (ConversationQueries) Mapping row[41] | convSize=1339 hasMsg=true
2026-04-07T19:49:03.228588Z Debug: (ConversationQueries) Mapping row[42] | convSize=1451 hasMsg=true
2026-04-07T19:49:03.228938Z Debug: (ConversationQueries) Mapping row[43] | convSize=1187 hasMsg=true
2026-04-07T19:49:03.229218Z Debug: (ConversationQueries) Mapping row[44] | convSize=1293 hasMsg=true
2026-04-07T19:49:03.22955Z Debug: (ConversationQueries) Mapping row[45] | convSize=1456 hasMsg=true
2026-04-07T19:49:03.230268Z Debug: (ConversationQueries) Mapping row[46] | convSize=1405 hasMsg=true
2026-04-07T19:49:03.232902Z Debug: (ConversationQueries) Mapping row[47] | convSize=1325 hasMsg=true
2026-04-07T19:49:03.235463Z Debug: (ConversationQueries) Mapping row[48] | convSize=1375 hasMsg=true
2026-04-07T19:49:03.236427Z Debug: (ConversationQueries) Mapping row[49] | convSize=1387 hasMsg=true
2026-04-07T19:49:03.236792Z Debug: (ConversationQueries) Mapping row[50] | convSize=1199 hasMsg=true
2026-04-07T19:49:03.237086Z Debug: (ConversationQueries) Mapping row[51] | convSize=1082 hasMsg=true
2026-04-07T19:49:03.237306Z Debug: (ConversationQueries) Mapping row[52] | convSize=1341 hasMsg=true
2026-04-07T19:49:03.23758Z Debug: (ConversationQueries) Mapping row[53] | convSize=1185 hasMsg=true
2026-04-07T19:49:03.237963Z Debug: (ConversationQueries) Mapping row[54] | convSize=1157 hasMsg=true
2026-04-07T19:49:03.238194Z Debug: (ConversationQueries) Mapping row[55] | convSize=1208 hasMsg=true
2026-04-07T19:49:03.238472Z Debug: (ConversationQueries) Mapping row[56] | convSize=1343 hasMsg=true
2026-04-07T19:49:03.238719Z Debug: (ConversationQueries) Mapping row[57] | convSize=1012 hasMsg=true
2026-04-07T19:49:03.238928Z Debug: (ConversationQueries) Mapping row[58] | convSize=1322 hasMsg=true
2026-04-07T19:49:03.239249Z Debug: (ConversationQueries) Mapping row[59] | convSize=941 hasMsg=true
2026-04-07T19:49:03.23946Z Debug: (ConversationQueries) Mapping row[60] | convSize=1215 hasMsg=true
2026-04-07T19:49:03.239656Z Debug: (ConversationQueries) Mapping row[61] | convSize=1362 hasMsg=true
2026-04-07T19:49:03.239862Z Debug: (ConversationQueries) Mapping row[62] | convSize=1220 hasMsg=true
2026-04-07T19:49:03.240036Z Debug: (ConversationQueries) Mapping row[63] | convSize=1312 hasMsg=true
2026-04-07T19:49:03.240288Z Debug: (ConversationQueries) Mapping row[64] | convSize=1273 hasMsg=true
2026-04-07T19:49:03.240438Z Debug: (ConversationQueries) Mapping row[65] | convSize=1433 hasMsg=true
2026-04-07T19:49:03.240693Z Debug: (ConversationQueries) Mapping row[66] | convSize=1060 hasMsg=true
2026-04-07T19:49:03.24087Z Debug: (ConversationQueries) Mapping row[67] | convSize=1041 hasMsg=true
2026-04-07T19:49:03.241208Z Debug: (ConversationQueries) Mapping row[68] | convSize=1045 hasMsg=true
2026-04-07T19:49:03.241345Z Debug: (ConversationQueries) Mapping row[69] | convSize=1036 hasMsg=true
2026-04-07T19:49:03.241572Z Debug: (ConversationQueries) Mapping row[70] | convSize=1065 hasMsg=true
2026-04-07T19:49:03.241749Z Debug: (ConversationQueries) Mapping row[71] | convSize=1054 hasMsg=true
2026-04-07T19:49:03.242009Z Debug: (ConversationQueries) Mapping row[72] | convSize=1147 hasMsg=true
2026-04-07T19:49:03.242185Z Debug: (ConversationQueries) Mapping row[73] | convSize=1086 hasMsg=true
2026-04-07T19:49:03.242437Z Debug: (ConversationQueries) Mapping row[74] | convSize=980 hasMsg=false
2026-04-07T19:49:03.242527Z Debug: (ConversationQueries) Mapping row[75] | convSize=1088 hasMsg=false
2026-04-07T19:49:03.242775Z Debug: (ConversationQueries) Mapping row[76] | convSize=1230 hasMsg=false
2026-04-07T19:49:03.243018Z Debug: (ConversationQueries) Mapping row[77] | convSize=1256 hasMsg=false
2026-04-07T19:49:03.243168Z Debug: (ConversationQueries) Mapping row[78] | convSize=1331 hasMsg=false
2026-04-07T19:49:03.243369Z Debug: (ConversationQueries) Mapping row[79] | convSize=1478 hasMsg=false
2026-04-07T19:49:03.243503Z Debug: (ConversationQueries) Mapping row[80] | convSize=1121 hasMsg=false
2026-04-07T19:49:03.243714Z Debug: (ConversationQueries) Completed mapping 81 rows in 58ms
2026-04-07T19:49:03.255204Z Warn: Message (uid: de356785-29aa-a5a0-d2ea-18dcb6c7ec5b) with no version and not edited has null userDate. using authorSpecificDate
2026-04-07T19:49:03.255378Z Warn: See File here: https://michael.seifert.page/owner/drives/9ff813aff2d61e2f9b9db189e72d1a11_66ea8355ae4155c39b5a719166b510e3/de356785-29aa-a5a0-d2ea-18dcb6c7ec5b
2026-04-07T19:49:03.255743Z Warn: Message (uid: f45e5933-379b-75d8-39e5-2db7b829c1af) with no version and not edited has null userDate. using authorSpecificDate
2026-04-07T19:49:03.255818Z Warn: See File here: https://michael.seifert.page/owner/drives/9ff813aff2d61e2f9b9db189e72d1a11_66ea8355ae4155c39b5a719166b510e3/f45e5933-379b-75d8-39e5-2db7b829c1af
2026-04-07T19:49:03.256013Z Warn: Message (uid: 8a45b621-2b80-047c-8aba-74f0bfdef69a) with no version and not edited has null userDate. using authorSpecificDate
2026-04-07T19:49:03.256066Z Warn: See File here: https://michael.seifert.page/owner/drives/9ff813aff2d61e2f9b9db189e72d1a11_66ea8355ae4155c39b5a719166b510e3/8a45b621-2b80-047c-8aba-74f0bfdef69a
2026-04-07T19:49:03.256263Z Warn: Message (uid: ecb79a22-54cc-dda1-170e-35f412aae67d) with no version and not edited has null userDate. using authorSpecificDate
2026-04-07T19:49:03.256313Z Warn: See File here: https://michael.seifert.page/owner/drives/9ff813aff2d61e2f9b9db189e72d1a11_66ea8355ae4155c39b5a719166b510e3/ecb79a22-54cc-dda1-170e-35f412aae67d
2026-04-07T19:49:03.256502Z Warn: Message (uid: 48c75f9c-c91e-b0de-c713-931550fb0b00) with no version and not edited has null userDate. using authorSpecificDate
2026-04-07T19:49:03.256556Z Warn: See File here: https://michael.seifert.page/owner/drives/9ff813aff2d61e2f9b9db189e72d1a11_66ea8355ae4155c39b5a719166b510e3/48c75f9c-c91e-b0de-c713-931550fb0b00
2026-04-07T19:49:03.256712Z Warn: Message (uid: 57c41e8f-ea64-2ccf-3beb-959f777f6797) with no version and not edited has null userDate. using authorSpecificDate
2026-04-07T19:49:03.256768Z Warn: See File here: https://michael.seifert.page/owner/drives/9ff813aff2d61e2f9b9db189e72d1a11_66ea8355ae4155c39b5a719166b510e3/57c41e8f-ea64-2ccf-3beb-959f777f6797
2026-04-07T19:49:03.362177Z Debug: Sent WebSocket command: establishConnectionRequest
2026-04-07T19:49:03.402145Z Debug: (ExtendPermissionViewModel) All permissions are granted
2026-04-07T19:49:03.458718Z Debug: ConversationStream: unreadSync convo=64faac9c-b3ba-4d01-95d0-32bbf63e9381 0->438
2026-04-07T19:49:03.458929Z Debug: ConversationStream: unreadSync convo=cd07bf14-80eb-404d-875b-c9baeec738dd 0->38
2026-04-07T19:49:03.459244Z Debug: ConversationStream: unreadSync convo=4457cee7-35a0-420f-8a94-da869a5b4544 0->2
2026-04-07T19:49:03.459281Z Debug: ConversationStream: unreadSync convo=e77a3249-add3-4f4a-9c1a-e5737ad322bf 0->74
2026-04-07T19:49:03.459368Z Debug: ConversationStream: unreadSync convo=8ae3c31a-fb4e-476a-92c7-d50d93f77255 0->7
2026-04-07T19:49:03.459406Z Debug: ConversationStream: unreadSync convo=256769a8-d816-d468-aef4-7e258eece4ff 0->4
2026-04-07T19:49:03.459467Z Debug: ConversationStream: unreadSync convo=901d4566-9493-42be-b77a-7964de6ce295 0->1
2026-04-07T19:49:03.459541Z Debug: ConversationStream: unreadSync convo=50abcb2d-0f8c-4257-826c-a33da11654b3 0->319
2026-04-07T19:49:03.459577Z Debug: ConversationStream: unreadSync convo=7c2e8b7d-6053-47ee-baee-7e355f72207c 0->1
2026-04-07T19:49:03.459634Z Debug: ConversationStream: unreadSync convo=537c8c57-c213-4c7e-87d9-d38719232c6a 0->2
2026-04-07T19:49:03.459667Z Debug: ConversationStream: unreadSync convo=540302b7-1887-4aae-ae93-2ae7a33e7285 0->42
2026-04-07T19:49:03.459734Z Debug: ConversationStream: unreadSync convo=c9f4b0ec-db00-98ed-ff4f-fcdd14ed54c6 0->1
2026-04-07T19:49:03.459782Z Debug: ConversationStream: unreadSync convo=b71b603d-532f-4d50-835f-8aff22ca6fc1 0->121
2026-04-07T19:49:03.459815Z Debug: ConversationStream: unreadSync convo=6cfb2586-7aa9-4a29-9043-a1d5b6ba8255 0->108
2026-04-07T19:49:03.459903Z Debug: ConversationStream: unreadSync convo=7d8d0e6e-0720-6d89-db95-3f090df5892d 0->8
2026-04-07T19:49:03.459975Z Debug: ConversationStream: unreadSync convo=ef9bf7d7-5e71-4c95-9e28-dcb4a625f55e 0->391
2026-04-07T19:49:03.460007Z Debug: ConversationStream: unreadSync convo=24fe7a52-d7dd-f64d-a9fa-87885f333253 0->45
2026-04-07T19:49:03.460084Z Debug: ConversationStream: unreadSync convo=27e0c227-f8cb-4c01-a896-5c8c4b222764 0->1
2026-04-07T19:49:03.460156Z Debug: ConversationStream: unreadSync convo=fcb0d12e-f85b-467c-9af4-c944bc9f4bad 0->51
2026-04-07T19:49:03.460188Z Debug: ConversationStream: unreadSync convo=9ac83b4c-d762-5695-289e-d4ce407cfe3a 0->15
2026-04-07T19:49:03.460247Z Debug: ConversationStream: unreadSync convo=e028c85f-f04d-4600-8946-3d3a8be543f4 0->156
2026-04-07T19:49:03.460271Z Debug: ConversationStream: unreadSync convo=e60fd221-ef31-4323-aa52-52691c4946a3 0->59
2026-04-07T19:49:03.460338Z Debug: ConversationStream: unreadSync convo=b3c628f2-1eed-41da-87d6-030909099afd 0->31
2026-04-07T19:49:03.460389Z Debug: ConversationStream: unreadSync convo=7e9ef437-9e71-48b7-b32d-6df219712c9f 0->9
2026-04-07T19:49:03.46044Z Debug: ConversationStream: unreadSync convo=928bed18-cd75-4125-9b17-9c16f4c84f58 0->35
2026-04-07T19:49:03.460482Z Debug: ConversationStream: unreadSync convo=d2065d2b-8563-405f-b5cb-1392405572d0 0->85
2026-04-07T19:49:03.460552Z Debug: ConversationStream: unreadSync convo=4b477621-9635-0ae8-c70e-83f3391d9ea2 0->26
2026-04-07T19:49:03.460579Z Debug: ConversationStream: unreadSync convo=b9950f88-30ce-d1de-8f5a-b9896186aa9c 0->136
2026-04-07T19:49:03.460656Z Debug: ConversationStream: unreadSync convo=83fa0e00-51d6-44f8-9f17-0f6eb7f2608c 0->14
2026-04-07T19:49:03.460684Z Debug: ConversationStream: unreadSync convo=6dc335e4-fe66-4280-abf4-24b77616b95f 0->10
2026-04-07T19:49:03.460742Z Debug: ConversationStream: unreadSync convo=20454198-aafa-132f-e06c-54bb71b8c3d2 0->263
2026-04-07T19:49:03.460776Z Debug: ConversationStream: unreadSync convo=09111249-7397-ca96-1fea-e608f66ecb71 0->23
2026-04-07T19:49:03.460833Z Debug: ConversationStream: unreadSync convo=0cdbc6ac-ed6b-43e2-b83e-ce2f9b38ddf9 0->2
2026-04-07T19:49:03.460889Z Debug: ConversationStream: unreadSync convo=e7c825b8-a432-40a8-a54a-daa66d65d7c3 0->2
2026-04-07T19:49:03.46092Z Debug: ConversationStream: unreadSync convo=885de453-b30f-457b-b352-b6c08d84c126 0->155
2026-04-07T19:49:03.460967Z Debug: ConversationStream: unreadSync convo=0b81acf2-8d3f-463e-b940-44b50607035e 0->8
2026-04-07T19:49:03.461041Z Debug: ConversationStream: unreadSync convo=979b2fbf-3be1-446e-8675-9a1ca1ceb5c3 0->1
2026-04-07T19:49:03.461102Z Debug: ConversationStream: unreadSync convo=add729a6-6dc6-b47a-a668-454cf7acd0fd 0->151
2026-04-07T19:49:03.461162Z Debug: ConversationStream: unreadSync convo=e42ef4fd-db45-604c-6e52-a542de983f2c 0->19
2026-04-07T19:49:03.461213Z Debug: ConversationStream: unreadSync convo=c09df4f4-0a75-4d49-8b5c-964111f6b99b 0->37
2026-04-07T19:49:03.461263Z Debug: ConversationStream: unreadSync convo=f2accf21-7fed-464f-935c-985731548f1c 0->20
2026-04-07T19:49:03.461314Z Debug: ConversationStream: unreadSync convo=c77ffde9-e02e-4c33-ad53-1091298bff32 0->20
2026-04-07T19:49:03.461377Z Debug: ConversationStream: unreadSync convo=f5956962-980e-4935-b444-db7a731f1991 0->1
2026-04-07T19:49:03.461427Z Debug: ConversationStream: unreadSync convo=b3960378-a16e-4cb4-a6cc-faaa56b30e9c 0->2
2026-04-07T19:49:03.461491Z Debug: ConversationStream: unreadSync convo=82bdd5a1-852a-4f34-bb9f-eeed6055a916 0->2
2026-04-07T19:49:03.461542Z Debug: ConversationStream: unreadSync convo=7dcfe659-9d61-4401-ae7c-364ac8a1b9df 0->6
2026-04-07T19:49:03.46159Z Debug: ConversationStream: unreadSync convo=37522d23-6764-4757-a192-fc47ab3937a1 0->8
2026-04-07T19:49:03.461642Z Debug: ConversationStream: unreadSync convo=d31b0ee6-a1fb-44bc-93cf-446444666323 0->4
2026-04-07T19:49:03.461667Z Debug: ConversationStream: unreadSync convo=d32372c1-c1c8-41d8-be89-85865d89100a 0->5
2026-04-07T19:49:03.582852Z Debug: Loaded connections 65 connected, 0 blocked
2026-04-07T19:49:03.603537Z Info: Device handshake successful
2026-04-07T19:49:03.807323Z Debug: Sent WebSocket command: processInbox
2026-04-07T19:49:03.808652Z Debug: Sent WebSocket command: processInbox
2026-04-07T19:49:03.809634Z Debug: Sent WebSocket command: processInbox
2026-04-07T19:49:03.810776Z Info: Synchronizing drive 9ff813af-f2d6-1e2f-9b9d-b189e72d1a11
2026-04-07T19:49:03.810768Z Info: Synchronizing drive 4db49422-ebad-02e9-9ab9-6e9c477d1e08
2026-04-07T19:49:03.811646Z Info: Synchronizing drive 2612429d-1c3f-0372-82b8-d42fb2cc0499
2026-04-07T19:49:03.861595Z Info: Received 0 records from QueryBatch() on Drive 4db49422-ebad-02e9-9ab9-6e9c477d1e08
2026-04-07T19:49:03.862045Z Debug: DriveSync: all DB writes complete for drive 4db49422-ebad-02e9-9ab9-6e9c477d1e08 (0 total records)
2026-04-07T19:49:03.8638Z Debug: Drive 4db49422-ebad-02e9-9ab9-6e9c477d1e08 synchronized with 0 records read.
2026-04-07T19:49:03.898788Z Info: Received 0 records from QueryBatch() on Drive 9ff813af-f2d6-1e2f-9b9d-b189e72d1a11
2026-04-07T19:49:03.899436Z Info: Received 0 records from QueryBatch() on Drive 2612429d-1c3f-0372-82b8-d42fb2cc0499
2026-04-07T19:49:03.900377Z Debug: DriveSync: all DB writes complete for drive 2612429d-1c3f-0372-82b8-d42fb2cc0499 (0 total records)
2026-04-07T19:49:03.900169Z Debug: DriveSync: all DB writes complete for drive 9ff813af-f2d6-1e2f-9b9d-b189e72d1a11 (0 total records)
2026-04-07T19:49:03.902648Z Debug: Drive 2612429d-1c3f-0372-82b8-d42fb2cc0499 synchronized with 0 records read.
2026-04-07T19:49:03.90261Z Debug: ConversationStream: Stopped(totalCount=0)
2026-04-07T19:49:03.903214Z Debug: Drive 9ff813af-f2d6-1e2f-9b9d-b189e72d1a11 synchronized with 0 records read.
2026-04-07T19:49:03.903577Z Debug: ChatMessageStream: Stopped(totalCount=0)
2026-04-07T19:49:03.919313Z Info: Popping Outbox
2026-04-07T19:49:03.920697Z Info: No more items in outbox
2026-04-07T19:49:04.149521Z Error: (HomebaseImageLoader) Non-retriable exception: Not found
2026-04-07T19:49:05.807736Z Info: (ShareShortcutPublisher) Published 8 share shortcuts
2026-04-07T19:49:09.487087Z Debug: ChatMessageStream: loadConversation(674e0d67-34c0-4267-8b94-748f0d226cfb)
2026-04-07T19:49:09.487943Z Info: (ConversationListUi) Navigating to detail for 674e0d67-34c0-4267-8b94-748f0d226cfb
2026-04-07T19:49:09.497839Z Info: Pre-initializing empty scroll position: id=674e0d67-34c0-4267-8b94-748f0d226cfb
2026-04-07T19:49:09.645936Z Debug: ChatMessageStream: loadConversation(674e0d67-34c0-4267-8b94-748f0d226cfb) → 1000 messages
2026-04-07T19:49:09.6515Z Info: Getting saved scroll position
2026-04-07T19:49:09.662186Z Info: Pre-initializing scroll position: id=674e0d67-34c0-4267-8b94-748f0d226cfb -> 1018:56
2026-04-07T19:49:09.690389Z Info: (ConversationListUi) Restore detail pane for 674e0d67-34c0-4267-8b94-748f0d226cfb
2026-04-07T19:49:09.992583Z Info: Scroll changed: id=674e0d67-34c0-4267-8b94-748f0d226cfb -> 1014:5
2026-04-07T19:49:10.819727Z Debug: markAsRead: convo=674e0d67-34c0-4267-8b94-748f0d226cfb unread=3/8 newReadTime=1775591350820
2026-04-07T19:49:10.820582Z Debug: markAsRead: convo=674e0d67-34c0-4267-8b94-748f0d226cfb endTime=1775589205561
2026-04-07T19:49:11.108711Z Info: Popping Outbox
2026-04-07T19:49:11.118906Z Info: Popping Outbox
2026-04-07T19:49:11.119852Z Info: Log the data from the outboxRecord here...
2026-04-07T19:49:11.121203Z Info: No more items in outbox
2026-04-07T19:49:11.493653Z Info: Popping Outbox
2026-04-07T19:49:11.496553Z Info: No more items in outbox
2026-04-07T19:49:13.354043Z Error: (CrashLogger) ========== UNCAUGHT EXCEPTION ==========
2026-04-07T19:49:13.354204Z Error: (CrashLogger) Thread: main
2026-04-07T19:49:13.355003Z Error: (CrashLogger) Exception: IllegalArgumentException
2026-04-07T19:49:13.355145Z Error: (CrashLogger) Message: Type of the key anders.dominion.id is not supported. On Android you can only use types which can be stored inside the Bundle.
2026-04-07T19:49:13.355972Z Error: (CrashLogger) Stack trace:
java.lang.IllegalArgumentException: Type of the key anders.dominion.id is not supported. On Android you can only use types which can be stored inside the Bundle.
	at ky4.u(r8-map-id-4942d8d07dae86f7f26a1280b3a67e509ffbb6e9d331ef60e5b913297764846c:22)
	at du5.b(r8-map-id-4942d8d07dae86f7f26a1280b3a67e509ffbb6e9d331ef60e5b913297764846c:127)
	at yn3.b(r8-map-id-4942d8d07dae86f7f26a1280b3a67e509ffbb6e9d331ef60e5b913297764846c:76)
	at ra2.g(r8-map-id-4942d8d07dae86f7f26a1280b3a67e509ffbb6e9d331ef60e5b913297764846c:87)
	at nq2.invoke(r8-map-id-4942d8d07dae86f7f26a1280b3a67e509ffbb6e9d331ef60e5b913297764846c:853)
	at tp0.a(r8-map-id-4942d8d07dae86f7f26a1280b3a67e509ffbb6e9d331ef60e5b913297764846c:42)
	at tp0.invoke(r8-map-id-4942d8d07dae86f7f26a1280b3a67e509ffbb6e9d331ef60e5b913297764846c:77)
	at f72.G(r8-map-id-4942d8d07dae86f7f26a1280b3a67e509ffbb6e9d331ef60e5b913297764846c:13)
	at bs0.o(r8-map-id-4942d8d07dae86f7f26a1280b3a67e509ffbb6e9d331ef60e5b913297764846c:85)
	at ts0.m(r8-map-id-4942d8d07dae86f7f26a1280b3a67e509ffbb6e9d331ef60e5b913297764846c:37)
	at rg5.a(r8-map-id-4942d8d07dae86f7f26a1280b3a67e509ffbb6e9d331ef60e5b913297764846c:77)
	at zr0.a(r8-map-id-4942d8d07dae86f7f26a1280b3a67e509ffbb6e9d331ef60e5b913297764846c:5)
	at zr0.a(r8-map-id-4942d8d07dae86f7f26a1280b3a67e509ffbb6e9d331ef60e5b913297764846c:5)
	at zr0.a(r8-map-id-4942d8d07dae86f7f26a1280b3a67e509ffbb6e9d331ef60e5b913297764846c:5)
	at ts0.C(r8-map-id-4942d8d07dae86f7f26a1280b3a67e509ffbb6e9d331ef60e5b913297764846c:28)
	at wk3.m(r8-map-id-4942d8d07dae86f7f26a1280b3a67e509ffbb6e9d331ef60e5b913297764846c:268)
	at qk3.q(r8-map-id-4942d8d07dae86f7f26a1280b3a67e509ffbb6e9d331ef60e5b913297764846c:171)
	at pm3.a(r8-map-id-4942d8d07dae86f7f26a1280b3a67e509ffbb6e9d331ef60e5b913297764846c:30)
	at mr0.o(r8-map-id-4942d8d07dae86f7f26a1280b3a67e509ffbb6e9d331ef60e5b913297764846c:14)
	at pn3.y(r8-map-id-4942d8d07dae86f7f26a1280b3a67e509ffbb6e9d331ef60e5b913297764846c:21)
	at qn3.a(r8-map-id-4942d8d07dae86f7f26a1280b3a67e509ffbb6e9d331ef60e5b913297764846c:754)
	at nq2.invoke(r8-map-id-4942d8d07dae86f7f26a1280b3a67e509ffbb6e9d331ef60e5b913297764846c:763)
	at sk3.b(r8-map-id-4942d8d07dae86f7f26a1280b3a67e509ffbb6e9d331ef60e5b913297764846c:71)
	at i73.s(r8-map-id-4942d8d07dae86f7f26a1280b3a67e509ffbb6e9d331ef60e5b913297764846c:49)
	at c86.a(r8-map-id-4942d8d07dae86f7f26a1280b3a67e509ffbb6e9d331ef60e5b913297764846c:1)
	at bk3.s(r8-map-id-4942d8d07dae86f7f26a1280b3a67e509ffbb6e9d331ef60e5b913297764846c:177)
	at em3.a(r8-map-id-4942d8d07dae86f7f26a1280b3a67e509ffbb6e9d331ef60e5b913297764846c:1)
	at bk3.s(r8-map-id-4942d8d07dae86f7f26a1280b3a67e509ffbb6e9d331ef60e5b913297764846c:177)
	at zz3.invoke(r8-map-id-4942d8d07dae86f7f26a1280b3a67e509ffbb6e9d331ef60e5b913297764846c:97)
	at zb6.d(r8-map-id-4942d8d07dae86f7f26a1280b3a67e509ffbb6e9d331ef60e5b913297764846c:242)
	at a04.s0(r8-map-id-4942d8d07dae86f7f26a1280b3a67e509ffbb6e9d331ef60e5b913297764846c:147)
	at a04.s(r8-map-id-4942d8d07dae86f7f26a1280b3a67e509ffbb6e9d331ef60e5b913297764846c:84)
	at t92.J(r8-map-id-4942d8d07dae86f7f26a1280b3a67e509ffbb6e9d331ef60e5b913297764846c:299)
	at xm0.b(r8-map-id-4942d8d07dae86f7f26a1280b3a67e509ffbb6e9d331ef60e5b913297764846c:43)
	at i73.s(r8-map-id-4942d8d07dae86f7f26a1280b3a67e509ffbb6e9d331ef60e5b913297764846c:49)
	at mu4.a(r8-map-id-4942d8d07dae86f7f26a1280b3a67e509ffbb6e9d331ef60e5b913297764846c:105)
	at bk3.s(r8-map-id-4942d8d07dae86f7f26a1280b3a67e509ffbb6e9d331ef60e5b913297764846c:177)
	at zz3.invoke(r8-map-id-4942d8d07dae86f7f26a1280b3a67e509ffbb6e9d331ef60e5b913297764846c:97)
	at zb6.d(r8-map-id-4942d8d07dae86f7f26a1280b3a67e509ffbb6e9d331ef60e5b913297764846c:242)
	at a04.s0(r8-map-id-4942d8d07dae86f7f26a1280b3a67e509ffbb6e9d331ef60e5b913297764846c:147)
	at a04.s(r8-map-id-4942d8d07dae86f7f26a1280b3a67e509ffbb6e9d331ef60e5b913297764846c:84)
	at r60.b(r8-map-id-4942d8d07dae86f7f26a1280b3a67e509ffbb6e9d331ef60e5b913297764846c:82)
	at i73.s(r8-map-id-4942d8d07dae86f7f26a1280b3a67e509ffbb6e9d331ef60e5b913297764846c:49)
	at zz3.invoke(r8-map-id-4942d8d07dae86f7f26a1280b3a67e509ffbb6e9d331ef60e5b913297764846c:97)
	at zb6.d(r8-map-id-4942d8d07dae86f7f26a1280b3a67e509ffbb6e9d331ef60e5b913297764846c:242)
	at a04.s0(r8-map-id-4942d8d07dae86f7f26a1280b3a67e509ffbb6e9d331ef60e5b913297764846c:147)
	at a04.s(r8-map-id-4942d8d07dae86f7f26a1280b3a67e509ffbb6e9d331ef60e5b913297764846c:84)
	at sv.invoke(r8-map-id-4942d8d07dae86f7f26a1280b3a67e509ffbb6e9d331ef60e5b913297764846c:424)
	at sk3.b(r8-map-id-4942d8d07dae86f7f26a1280b3a67e509ffbb6e9d331ef60e5b913297764846c:71)
	at i73.s(r8-map-id-4942d8d07dae86f7f26a1280b3a67e509ffbb6e9d331ef60e5b913297764846c:49)
	at zz3.invoke(r8-map-id-4942d8d07dae86f7f26a1280b3a67e509ffbb6e9d331ef60e5b913297764846c:97)
	at zb6.d(r8-map-id-4942d8d07dae86f7f26a1280b3a67e509ffbb6e9d331ef60e5b913297764846c:242)
	at a04.s0(r8-map-id-4942d8d07dae86f7f26a1280b3a67e509ffbb6e9d331ef60e5b913297764846c:147)
	at a04.s(r8-map-id-4942d8d07dae86f7f26a1280b3a67e509ffbb6e9d331ef60e5b913297764846c:84)
	at r60.b(r8-map-id-4942d8d07dae86f7f26a1280b3a67e509ffbb6e9d331ef60e5b913297764846c:82)
	at i73.s(r8-map-id-4942d8d07dae86f7f26a1280b3a67e509ffbb6e9d331ef60e5b913297764846c:49)
	at c86.a(r8-map-id-4942d8d07dae86f7f26a1280b3a67e509ffbb6e9d331ef60e5b913297764846c:1)
	at bk3.s(r8-map-id-4942d8d07dae86f7f26a1280b3a67e509ffbb6e9d331ef60e5b913297764846c:177)
	at zz3.invoke(r8-map-id-4942d8d07dae86f7f26a1280b3a67e509ffbb6e9d331ef60e5b913297764846c:97)
	at zb6.d(r8-map-id-4942d8d07dae86f7f26a1280b3a67e509ffbb6e9d331ef60e5b913297764846c:242)
	at a04.s0(r8-map-id-4942d8d07dae86f7f26a1280b3a67e509ffbb6e9d331ef60e5b913297764846c:147)
	at a04.s(r8-map-id-4942d8d07dae86f7f26a1280b3a67e509ffbb6e9d331ef60e5b913297764846c:84)
	at vj.b(r8-map-id-4942d8d07dae86f7f26a1280b3a67e509ffbb6e9d331ef60e5b913297764846c:25)
	at i73.s(r8-map-id-4942d8d07dae86f7f26a1280b3a67e509ffbb6e9d331ef60e5b913297764846c:49)
	at y32.a(r8-map-id-4942d8d07dae86f7f26a1280b3a67e509ffbb6e9d331ef60e5b913297764846c:250)
	at bk3.s(r8-map-id-4942d8d07dae86f7f26a1280b3a67e509ffbb6e9d331ef60e5b913297764846c:177)
	at z40.a(r8-map-id-4942d8d07dae86f7f26a1280b3a67e509ffbb6e9d331ef60e5b913297764846c:1)
	at bk3.s(r8-map-id-4942d8d07dae86f7f26a1280b3a67e509ffbb6e9d331ef60e5b913297764846c:177)
	at e66.invoke(r8-map-id-4942d8d07dae86f7f26a1280b3a67e509ffbb6e9d331ef60e5b913297764846c:16)
	at xj3.a(r8-map-id-4942d8d07dae86f7f26a1280b3a67e509ffbb6e9d331ef60e5b913297764846c:8)
	at bk3.s(r8-map-id-4942d8d07dae86f7f26a1280b3a67e509ffbb6e9d331ef60e5b913297764846c:177)
	at zz3.invoke(r8-map-id-4942d8d07dae86f7f26a1280b3a67e509ffbb6e9d331ef60e5b913297764846c:97)
	at zb6.d(r8-map-id-4942d8d07dae86f7f26a1280b3a67e509ffbb6e9d331ef60e5b913297764846c:242)
	at a04.s0(r8-map-id-4942d8d07dae86f7f26a1280b3a67e509ffbb6e9d331ef60e5b913297764846c:147)
	at a04.s(r8-map-id-4942d8d07dae86f7f26a1280b3a67e509ffbb6e9d331ef60e5b913297764846c:84)
	at nj.b(r8-map-id-4942d8d07dae86f7f26a1280b3a67e509ffbb6e9d331ef60e5b913297764846c:68)
	at i73.s(r8-map-id-4942d8d07dae86f7f26a1280b3a67e509ffbb6e9d331ef60e5b913297764846c:49)
	at tj.a(r8-map-id-4942d8d07dae86f7f26a1280b3a67e509ffbb6e9d331ef60e5b913297764846c:1)
	at bk3.s(r8-map-id-4942d8d07dae86f7f26a1280b3a67e509ffbb6e9d331ef60e5b913297764846c:177)
	at zz3.invoke(r8-map-id-4942d8d07dae86f7f26a1280b3a67e509ffbb6e9d331ef60e5b913297764846c:97)
	at zb6.d(r8-map-id-4942d8d07dae86f7f26a1280b3a67e509ffbb6e9d331ef60e5b913297764846c:305)
	at a04.s0(r8-map-id-4942d8d07dae86f7f26a1280b3a67e509ffbb6e9d331ef60e5b913297764846c:147)
	at ik3.P(r8-map-id-4942d8d07dae86f7f26a1280b3a67e509ffbb6e9d331ef60e5b913297764846c:18)
	at ik3.Q(r8-map-id-4942d8d07dae86f7f26a1280b3a67e509ffbb6e9d331ef60e5b913297764846c:18)
	at yz3.c(r8-map-id-4942d8d07dae86f7f26a1280b3a67e509ffbb6e9d331ef60e5b913297764846c:8)
	at yz3.m(r8-map-id-4942d8d07dae86f7f26a1280b3a67e509ffbb6e9d331ef60e5b913297764846c:124)
	at yz3.g(r8-map-id-4942d8d07dae86f7f26a1280b3a67e509ffbb6e9d331ef60e5b913297764846c:105)
	at yz3.g(r8-map-id-4942d8d07dae86f7f26a1280b3a67e509ffbb6e9d331ef60e5b913297764846c:119)
	at yz3.g(r8-map-id-4942d8d07dae86f7f26a1280b3a67e509ffbb6e9d331ef60e5b913297764846c:119)
	at yz3.g(r8-map-id-4942d8d07dae86f7f26a1280b3a67e509ffbb6e9d331ef60e5b913297764846c:119)
	at yz3.g(r8-map-id-4942d8d07dae86f7f26a1280b3a67e509ffbb6e9d331ef60e5b913297764846c:119)
	at yz3.g(r8-map-id-4942d8d07dae86f7f26a1280b3a67e509ffbb6e9d331ef60e5b913297764846c:119)
	at yz3.g(r8-map-id-4942d8d07dae86f7f26a1280b3a67e509ffbb6e9d331ef60e5b913297764846c:119)
	at yz3.f(r8-map-id-4942d8d07dae86f7f26a1280b3a67e509ffbb6e9d331ef60e5b913297764846c:28)
	at ob.l(r8-map-id-4942d8d07dae86f7f26a1280b3a67e509ffbb6e9d331ef60e5b913297764846c:3)
	at a04.s0(r8-map-id-4942d8d07dae86f7f26a1280b3a67e509ffbb6e9d331ef60e5b913297764846c:63)
	at ik3.P(r8-map-id-4942d8d07dae86f7f26a1280b3a67e509ffbb6e9d331ef60e5b913297764846c:18)
	at yz3.c(r8-map-id-4942d8d07dae86f7f26a1280b3a67e509ffbb6e9d331ef60e5b913297764846c:3)
	at yz3.o(r8-map-id-4942d8d07dae86f7f26a1280b3a67e509ffbb6e9d331ef60e5b913297764846c:23)
	at yz3.l(r8-map-id-4942d8d07dae86f7f26a1280b3a67e509ffbb6e9d331ef60e5b913297764846c:93)
	at ob.onMeasure(r8-map-id-4942d8d07dae86f7f26a1280b3a67e509ffbb6e9d331ef60e5b913297764846c:79)
	at android.view.View.measure(View.java:28681)
	at m0.g(r8-map-id-4942d8d07dae86f7f26a1280b3a67e509ffbb6e9d331ef60e5b913297764846c:64)
	at m0.onMeasure(r8-map-id-4942d8d07dae86f7f26a1280b3a67e509ffbb6e9d331ef60e5b913297764846c:4)
	at android.view.View.measure(View.java:28681)
	at android.view.ViewGroup.measureChildWithMargins(ViewGroup.java:7042)
	at android.widget.FrameLayout.onMeasure(FrameLayout.java:194)
	at androidx.appcompat.widget.ContentFrameLayout.onMeasure(r8-map-id-4942d8d07dae86f7f26a1280b3a67e509ffbb6e9d331ef60e5b913297764846c:160)
	at android.view.View.measure(View.java:28681)
	at android.view.ViewGroup.measureChildWithMargins(ViewGroup.java:7042)
	at android.widget.LinearLayout.measureChildBeforeLayout(LinearLayout.java:1608)
	at android.widget.LinearLayout.measureVertical(LinearLayout.java:878)
	at android.widget.LinearLayout.onMeasure(LinearLayout.java:721)
	at android.view.View.measure(View.java:28681)
	at android.view.ViewGroup.measureChildWithMargins(ViewGroup.java:7042)
	at android.widget.FrameLayout.onMeasure(FrameLayout.java:194)
	at android.view.View.measure(View.java:28681)
	at android.view.ViewGroup.measureChildWithMargins(ViewGroup.java:7042)
	at android.widget.LinearLayout.measureChildBeforeLayout(LinearLayout.java:1608)
	at android.widget.LinearLayout.measureVertical(LinearLayout.java:878)
	at android.widget.LinearLayout.onMeasure(LinearLayout.java:721)
	at android.view.View.measure(View.java:28681)
	at android.view.ViewGroup.measureChildWithMargins(ViewGroup.java:7042)
	at android.widget.FrameLayout.onMeasure(FrameLayout.java:194)
	at com.android.internal.policy.DecorView.onMeasure(DecorView.java:758)
	at android.view.View.measure(View.java:28681)
	at android.view.ViewRootImpl.performMeasure(ViewRootImpl.java:5264)
	at android.view.ViewRootImpl.measureHierarchy(ViewRootImpl.java:3602)
	at android.view.ViewRootImpl.performTraversals(ViewRootImpl.java:3915)
	at android.view.ViewRootImpl.doTraversal(ViewRootImpl.java:3293)
	at android.view.ViewRootImpl$TraversalRunnable.run(ViewRootImpl.java:11143)
	at android.view.Choreographer$CallbackRecord.run(Choreographer.java:1647)
	at android.view.Choreographer$CallbackRecord.run(Choreographer.java:1656)
	at android.view.Choreographer.doCallbacks(Choreographer.java:1252)
	at android.view.Choreographer.doFrame(Choreographer.java:1181)
	at android.view.Choreographer$FrameDisplayEventReceiver.run(Choreographer.java:1630)
	at android.os.Handler.handleCallback(Handler.java:1095)
	at android.os.Handler.dispatchMessageImpl(Handler.java:135)
	at android.os.Handler.dispatchMessage(Handler.java:125)
	at android.os.Looper.loopOnce(Looper.java:269)
	at android.os.Looper.loop(Looper.java:367)
	at android.app.ActivityThread.main(ActivityThread.java:9333)
	at java.lang.reflect.Method.invoke(Native Method)
	at com.android.internal.os.RuntimeInit$MethodAndArgsCaller.run(RuntimeInit.java:566)
	at com.android.internal.os.ZygoteInit.main(ZygoteInit.java:929)

2026-04-07T19:49:13.356628Z Error: (CrashLogger) ========================================
2026-04-07T19:49:14.781163Z Info: (AppLoadingViewModel) AuthState: Loading
2026-04-07T19:49:14.785374Z Info: (YouAuthFlowManager) Session restored for michael.seifert.page
2026-04-07T19:49:14.819623Z Info: (AppLoadingViewModel) AuthState: Authenticated
2026-04-07T19:49:14.8677Z Debug: ConversationStream: start() — loading full conversation list from DB
2026-04-07T19:49:14.869074Z Debug: Fetching connected and blocked connections in parallel...
2026-04-07T19:49:14.874829Z Info: Connecting to WebSocket at wss://michael.seifert.page/api/apps/v1/notify/ws
2026-04-07T19:49:14.877375Z Debug: (ConversationQueries) Fetched rows=81 in 9ms
2026-04-07T19:49:14.877712Z Debug: (ConversationQueries) Mapping row[0] | convSize=1385 hasMsg=true
2026-04-07T19:49:14.883501Z Debug: (ConversationQueries) Mapping row[1] | convSize=1385 hasMsg=true
2026-04-07T19:49:14.884991Z Debug: (ConversationQueries) Mapping row[2] | convSize=1313 hasMsg=true
2026-04-07T19:49:14.886458Z Debug: (ConversationQueries) Mapping row[3] | convSize=1846 hasMsg=true
2026-04-07T19:49:14.888355Z Debug: (ConversationQueries) Mapping row[4] | convSize=1399 hasMsg=true
2026-04-07T19:49:14.889491Z Debug: (ConversationQueries) Mapping row[5] | convSize=1195 hasMsg=true
2026-04-07T19:49:14.890518Z Debug: (ConversationQueries) Mapping row[6] | convSize=1444 hasMsg=true
2026-04-07T19:49:14.891741Z Debug: (ConversationQueries) Mapping row[7] | convSize=1387 hasMsg=true
2026-04-07T19:49:14.89273Z Debug: (ConversationQueries) Mapping row[8] | convSize=1369 hasMsg=true
2026-04-07T19:49:14.893436Z Debug: (ConversationQueries) Mapping row[9] | convSize=1407 hasMsg=true
2026-04-07T19:49:14.89412Z Debug: (ConversationQueries) Mapping row[10] | convSize=1394 hasMsg=true
2026-04-07T19:49:14.89467Z Debug: (ConversationQueries) Mapping row[11] | convSize=1186 hasMsg=true
2026-04-07T19:49:14.895193Z Debug: (ConversationQueries) Mapping row[12] | convSize=1396 hasMsg=true
2026-04-07T19:49:14.895761Z Debug: (ConversationQueries) Mapping row[13] | convSize=3763 hasMsg=true
2026-04-07T19:49:14.896571Z Debug: (ConversationQueries) Mapping row[14] | convSize=1734 hasMsg=true
2026-04-07T19:49:14.897121Z Debug: (ConversationQueries) Mapping row[15] | convSize=1446 hasMsg=true
2026-04-07T19:49:14.897639Z Debug: (ConversationQueries) Mapping row[16] | convSize=1903 hasMsg=true
2026-04-07T19:49:14.898232Z Debug: (ConversationQueries) Mapping row[17] | convSize=1401 hasMsg=true
2026-04-07T19:49:14.89872Z Debug: (ConversationQueries) Mapping row[18] | convSize=1395 hasMsg=true
2026-04-07T19:49:14.899835Z Debug: (ConversationQueries) Mapping row[19] | convSize=1288 hasMsg=true
2026-04-07T19:49:14.900316Z Debug: (ConversationQueries) Mapping row[20] | convSize=1302 hasMsg=true
2026-04-07T19:49:14.900777Z Debug: (ConversationQueries) Mapping row[21] | convSize=1230 hasMsg=true
2026-04-07T19:49:14.901263Z Debug: (ConversationQueries) Mapping row[22] | convSize=1510 hasMsg=true
2026-04-07T19:49:14.901693Z Debug: (ConversationQueries) Mapping row[23] | convSize=1389 hasMsg=true
2026-04-07T19:49:14.902111Z Debug: (ConversationQueries) Mapping row[24] | convSize=1449 hasMsg=true
2026-04-07T19:49:14.902522Z Debug: (ConversationQueries) Mapping row[25] | convSize=1442 hasMsg=true
2026-04-07T19:49:14.903019Z Debug: (ConversationQueries) Mapping row[26] | convSize=1325 hasMsg=true
2026-04-07T19:49:14.903414Z Debug: (ConversationQueries) Mapping row[27] | convSize=1401 hasMsg=true
2026-04-07T19:49:14.903824Z Debug: (ConversationQueries) Mapping row[28] | convSize=1393 hasMsg=true
2026-04-07T19:49:14.904367Z Debug: (ConversationQueries) Mapping row[29] | convSize=1401 hasMsg=true
2026-04-07T19:49:14.904965Z Debug: (ConversationQueries) Mapping row[30] | convSize=1406 hasMsg=true
2026-04-07T19:49:14.90534Z Debug: (ConversationQueries) Mapping row[31] | convSize=1402 hasMsg=true
2026-04-07T19:49:14.905705Z Debug: (ConversationQueries) Mapping row[32] | convSize=1278 hasMsg=true
2026-04-07T19:49:14.906029Z Debug: (ConversationQueries) Mapping row[33] | convSize=1215 hasMsg=true
2026-04-07T19:49:14.906555Z Debug: (ConversationQueries) Mapping row[34] | convSize=1410 hasMsg=true
2026-04-07T19:49:14.906884Z Debug: (ConversationQueries) Mapping row[35] | convSize=1426 hasMsg=true
2026-04-07T19:49:14.907167Z Debug: (ConversationQueries) Mapping row[36] | convSize=1308 hasMsg=true
2026-04-07T19:49:14.907491Z Debug: (ConversationQueries) Mapping row[37] | convSize=1417 hasMsg=true
2026-04-07T19:49:14.907818Z Debug: (ConversationQueries) Mapping row[38] | convSize=1428 hasMsg=true
2026-04-07T19:49:14.90816Z Debug: (ConversationQueries) Mapping row[39] | convSize=1279 hasMsg=true
2026-04-07T19:49:14.908431Z Debug: (ConversationQueries) Mapping row[40] | convSize=1142 hasMsg=true
2026-04-07T19:49:14.908693Z Debug: (ConversationQueries) Mapping row[41] | convSize=1339 hasMsg=true
2026-04-07T19:49:14.909025Z Debug: (ConversationQueries) Mapping row[42] | convSize=1451 hasMsg=true
2026-04-07T19:49:14.909332Z Debug: (ConversationQueries) Mapping row[43] | convSize=1187 hasMsg=true
2026-04-07T19:49:14.909593Z Debug: (ConversationQueries) Mapping row[44] | convSize=1293 hasMsg=true
2026-04-07T19:49:14.909902Z Debug: (ConversationQueries) Mapping row[45] | convSize=1456 hasMsg=true
2026-04-07T19:49:14.910154Z Debug: (ConversationQueries) Mapping row[46] | convSize=1405 hasMsg=true
2026-04-07T19:49:14.910495Z Debug: (ConversationQueries) Mapping row[47] | convSize=1325 hasMsg=true
2026-04-07T19:49:14.910747Z Debug: (ConversationQueries) Mapping row[48] | convSize=1375 hasMsg=true
2026-04-07T19:49:14.911068Z Debug: (ConversationQueries) Mapping row[49] | convSize=1387 hasMsg=true
2026-04-07T19:49:14.911393Z Debug: (ConversationQueries) Mapping row[50] | convSize=1199 hasMsg=true
2026-04-07T19:49:14.911687Z Debug: (ConversationQueries) Mapping row[51] | convSize=1082 hasMsg=true
2026-04-07T19:49:14.911973Z Debug: (ConversationQueries) Mapping row[52] | convSize=1341 hasMsg=true
2026-04-07T19:49:14.912224Z Debug: (ConversationQueries) Mapping row[53] | convSize=1185 hasMsg=true
2026-04-07T19:49:14.912898Z Debug: (ConversationQueries) Mapping row[54] | convSize=1157 hasMsg=true
2026-04-07T19:49:14.913156Z Debug: (ConversationQueries) Mapping row[55] | convSize=1208 hasMsg=true
2026-04-07T19:49:14.913434Z Debug: (ConversationQueries) Mapping row[56] | convSize=1343 hasMsg=true
2026-04-07T19:49:14.913709Z Debug: (ConversationQueries) Mapping row[57] | convSize=1012 hasMsg=true
2026-04-07T19:49:14.913987Z Debug: (ConversationQueries) Mapping row[58] | convSize=1322 hasMsg=true
2026-04-07T19:49:14.914233Z Debug: (ConversationQueries) Mapping row[59] | convSize=941 hasMsg=true
2026-04-07T19:49:14.914447Z Debug: (ConversationQueries) Mapping row[60] | convSize=1215 hasMsg=true
2026-04-07T19:49:14.91465Z Debug: (ConversationQueries) Mapping row[61] | convSize=1362 hasMsg=true
2026-04-07T19:49:14.914883Z Debug: (ConversationQueries) Mapping row[62] | convSize=1220 hasMsg=true
2026-04-07T19:49:14.915057Z Debug: (ConversationQueries) Mapping row[63] | convSize=1312 hasMsg=true
2026-04-07T19:49:14.916527Z Debug: (ConversationQueries) Mapping row[64] | convSize=1273 hasMsg=true
2026-04-07T19:49:14.916976Z Debug: (ConversationQueries) Mapping row[65] | convSize=1433 hasMsg=true
2026-04-07T19:49:14.917449Z Debug: (ConversationQueries) Mapping row[66] | convSize=1060 hasMsg=true
2026-04-07T19:49:14.917637Z Debug: (ConversationQueries) Mapping row[67] | convSize=1041 hasMsg=true
2026-04-07T19:49:14.917806Z Debug: (ConversationQueries) Mapping row[68] | convSize=1045 hasMsg=true
2026-04-07T19:49:14.91814Z Debug: (ConversationQueries) Mapping row[69] | convSize=1036 hasMsg=true
2026-04-07T19:49:14.918276Z Debug: (ConversationQueries) Mapping row[70] | convSize=1065 hasMsg=true
2026-04-07T19:49:14.918496Z Debug: (ConversationQueries) Mapping row[71] | convSize=1054 hasMsg=true
2026-04-07T19:49:14.918755Z Debug: (ConversationQueries) Mapping row[72] | convSize=1147 hasMsg=true
2026-04-07T19:49:14.918891Z Debug: (ConversationQueries) Mapping row[73] | convSize=1086 hasMsg=true
2026-04-07T19:49:14.919132Z Debug: (ConversationQueries) Mapping row[74] | convSize=980 hasMsg=false
2026-04-07T19:49:14.919218Z Debug: (ConversationQueries) Mapping row[75] | convSize=1088 hasMsg=false
2026-04-07T19:49:14.91944Z Debug: (ConversationQueries) Mapping row[76] | convSize=1230 hasMsg=false
2026-04-07T19:49:14.919682Z Debug: (ConversationQueries) Mapping row[77] | convSize=1256 hasMsg=false
2026-04-07T19:49:14.919907Z Debug: (ConversationQueries) Mapping row[78] | convSize=1331 hasMsg=false
2026-04-07T19:49:14.920201Z Debug: (ConversationQueries) Mapping row[79] | convSize=1478 hasMsg=false
2026-04-07T19:49:14.920355Z Debug: (ConversationQueries) Mapping row[80] | convSize=1121 hasMsg=false
2026-04-07T19:49:14.920637Z Debug: (ConversationQueries) Completed mapping 81 rows in 52ms
2026-04-07T19:49:14.932041Z Warn: Message (uid: de356785-29aa-a5a0-d2ea-18dcb6c7ec5b) with no version and not edited has null userDate. using authorSpecificDate
2026-04-07T19:49:14.932182Z Warn: See File here: https://michael.seifert.page/owner/drives/9ff813aff2d61e2f9b9db189e72d1a11_66ea8355ae4155c39b5a719166b510e3/de356785-29aa-a5a0-d2ea-18dcb6c7ec5b
2026-04-07T19:49:14.932836Z Warn: Message (uid: f45e5933-379b-75d8-39e5-2db7b829c1af) with no version and not edited has null userDate. using authorSpecificDate
2026-04-07T19:49:14.933141Z Warn: See File here: https://michael.seifert.page/owner/drives/9ff813aff2d61e2f9b9db189e72d1a11_66ea8355ae4155c39b5a719166b510e3/f45e5933-379b-75d8-39e5-2db7b829c1af
2026-04-07T19:49:14.933434Z Warn: Message (uid: 8a45b621-2b80-047c-8aba-74f0bfdef69a) with no version and not edited has null userDate. using authorSpecificDate
2026-04-07T19:49:14.933907Z Warn: See File here: https://michael.seifert.page/owner/drives/9ff813aff2d61e2f9b9db189e72d1a11_66ea8355ae4155c39b5a719166b510e3/8a45b621-2b80-047c-8aba-74f0bfdef69a
2026-04-07T19:49:14.934306Z Warn: Message (uid: ecb79a22-54cc-dda1-170e-35f412aae67d) with no version and not edited has null userDate. using authorSpecificDate
2026-04-07T19:49:14.934507Z Warn: See File here: https://michael.seifert.page/owner/drives/9ff813aff2d61e2f9b9db189e72d1a11_66ea8355ae4155c39b5a719166b510e3/ecb79a22-54cc-dda1-170e-35f412aae67d
2026-04-07T19:49:14.934865Z Warn: Message (uid: 48c75f9c-c91e-b0de-c713-931550fb0b00) with no version and not edited has null userDate. using authorSpecificDate
2026-04-07T19:49:14.935029Z Warn: See File here: https://michael.seifert.page/owner/drives/9ff813aff2d61e2f9b9db189e72d1a11_66ea8355ae4155c39b5a719166b510e3/48c75f9c-c91e-b0de-c713-931550fb0b00
2026-04-07T19:49:14.935567Z Warn: Message (uid: 57c41e8f-ea64-2ccf-3beb-959f777f6797) with no version and not edited has null userDate. using authorSpecificDate
2026-04-07T19:49:14.935849Z Warn: See File here: https://michael.seifert.page/owner/drives/9ff813aff2d61e2f9b9db189e72d1a11_66ea8355ae4155c39b5a719166b510e3/57c41e8f-ea64-2ccf-3beb-959f777f6797
2026-04-07T19:49:15.036649Z Debug: (ExtendPermissionViewModel) All permissions are granted
2026-04-07T19:49:15.059583Z Debug: Sent WebSocket command: establishConnectionRequest
2026-04-07T19:49:15.147222Z Debug: ConversationStream: unreadSync convo=64faac9c-b3ba-4d01-95d0-32bbf63e9381 0->438
2026-04-07T19:49:15.147412Z Debug: ConversationStream: unreadSync convo=cd07bf14-80eb-404d-875b-c9baeec738dd 0->38
2026-04-07T19:49:15.148011Z Debug: ConversationStream: unreadSync convo=4457cee7-35a0-420f-8a94-da869a5b4544 0->2
2026-04-07T19:49:15.148285Z Debug: ConversationStream: unreadSync convo=e77a3249-add3-4f4a-9c1a-e5737ad322bf 0->74
2026-04-07T19:49:15.148551Z Debug: ConversationStream: unreadSync convo=8ae3c31a-fb4e-476a-92c7-d50d93f77255 0->7
2026-04-07T19:49:15.148744Z Debug: ConversationStream: unreadSync convo=256769a8-d816-d468-aef4-7e258eece4ff 0->4
2026-04-07T19:49:15.148949Z Debug: ConversationStream: unreadSync convo=901d4566-9493-42be-b77a-7964de6ce295 0->1
2026-04-07T19:49:15.149246Z Debug: ConversationStream: unreadSync convo=50abcb2d-0f8c-4257-826c-a33da11654b3 0->319
2026-04-07T19:49:15.149454Z Debug: ConversationStream: unreadSync convo=7c2e8b7d-6053-47ee-baee-7e355f72207c 0->1
2026-04-07T19:49:15.14974Z Debug: ConversationStream: unreadSync convo=537c8c57-c213-4c7e-87d9-d38719232c6a 0->2
2026-04-07T19:49:15.149853Z Debug: ConversationStream: unreadSync convo=540302b7-1887-4aae-ae93-2ae7a33e7285 0->42
2026-04-07T19:49:15.150096Z Debug: ConversationStream: unreadSync convo=c9f4b0ec-db00-98ed-ff4f-fcdd14ed54c6 0->1
2026-04-07T19:49:15.150286Z Debug: ConversationStream: unreadSync convo=b71b603d-532f-4d50-835f-8aff22ca6fc1 0->121
2026-04-07T19:49:15.150524Z Debug: ConversationStream: unreadSync convo=6cfb2586-7aa9-4a29-9043-a1d5b6ba8255 0->108
2026-04-07T19:49:15.15074Z Debug: ConversationStream: unreadSync convo=7d8d0e6e-0720-6d89-db95-3f090df5892d 0->8
2026-04-07T19:49:15.15092Z Debug: ConversationStream: unreadSync convo=ef9bf7d7-5e71-4c95-9e28-dcb4a625f55e 0->391
2026-04-07T19:49:15.151114Z Debug: ConversationStream: unreadSync convo=24fe7a52-d7dd-f64d-a9fa-87885f333253 0->45
2026-04-07T19:49:15.151309Z Debug: ConversationStream: unreadSync convo=27e0c227-f8cb-4c01-a896-5c8c4b222764 0->1
2026-04-07T19:49:15.151533Z Debug: ConversationStream: unreadSync convo=fcb0d12e-f85b-467c-9af4-c944bc9f4bad 0->51
2026-04-07T19:49:15.151751Z Debug: ConversationStream: unreadSync convo=9ac83b4c-d762-5695-289e-d4ce407cfe3a 0->15
2026-04-07T19:49:15.152057Z Debug: ConversationStream: unreadSync convo=e028c85f-f04d-4600-8946-3d3a8be543f4 0->156
2026-04-07T19:49:15.152414Z Debug: ConversationStream: unreadSync convo=e60fd221-ef31-4323-aa52-52691c4946a3 0->59
2026-04-07T19:49:15.152643Z Debug: ConversationStream: unreadSync convo=b3c628f2-1eed-41da-87d6-030909099afd 0->31
2026-04-07T19:49:15.152865Z Debug: ConversationStream: unreadSync convo=7e9ef437-9e71-48b7-b32d-6df219712c9f 0->9
2026-04-07T19:49:15.153082Z Debug: ConversationStream: unreadSync convo=928bed18-cd75-4125-9b17-9c16f4c84f58 0->35
2026-04-07T19:49:15.153323Z Debug: ConversationStream: unreadSync convo=d2065d2b-8563-405f-b5cb-1392405572d0 0->85
2026-04-07T19:49:15.153588Z Debug: ConversationStream: unreadSync convo=4b477621-9635-0ae8-c70e-83f3391d9ea2 0->26
2026-04-07T19:49:15.153833Z Debug: ConversationStream: unreadSync convo=b9950f88-30ce-d1de-8f5a-b9896186aa9c 0->136
2026-04-07T19:49:15.154051Z Debug: ConversationStream: unreadSync convo=83fa0e00-51d6-44f8-9f17-0f6eb7f2608c 0->14
2026-04-07T19:49:15.154269Z Debug: ConversationStream: unreadSync convo=6dc335e4-fe66-4280-abf4-24b77616b95f 0->10
2026-04-07T19:49:15.15448Z Debug: ConversationStream: unreadSync convo=20454198-aafa-132f-e06c-54bb71b8c3d2 0->263
2026-04-07T19:49:15.154697Z Debug: ConversationStream: unreadSync convo=09111249-7397-ca96-1fea-e608f66ecb71 0->23
2026-04-07T19:49:15.154917Z Debug: ConversationStream: unreadSync convo=0cdbc6ac-ed6b-43e2-b83e-ce2f9b38ddf9 0->2
2026-04-07T19:49:15.155234Z Debug: ConversationStream: unreadSync convo=e7c825b8-a432-40a8-a54a-daa66d65d7c3 0->2
2026-04-07T19:49:15.155335Z Debug: ConversationStream: unreadSync convo=885de453-b30f-457b-b352-b6c08d84c126 0->155
2026-04-07T19:49:15.155581Z Debug: ConversationStream: unreadSync convo=0b81acf2-8d3f-463e-b940-44b50607035e 0->8
2026-04-07T19:49:15.15584Z Debug: ConversationStream: unreadSync convo=979b2fbf-3be1-446e-8675-9a1ca1ceb5c3 0->1
2026-04-07T19:49:15.156178Z Debug: ConversationStream: unreadSync convo=add729a6-6dc6-b47a-a668-454cf7acd0fd 0->151
2026-04-07T19:49:15.156405Z Debug: ConversationStream: unreadSync convo=e42ef4fd-db45-604c-6e52-a542de983f2c 0->19
2026-04-07T19:49:15.156612Z Debug: ConversationStream: unreadSync convo=c09df4f4-0a75-4d49-8b5c-964111f6b99b 0->37
2026-04-07T19:49:15.156828Z Debug: ConversationStream: unreadSync convo=f2accf21-7fed-464f-935c-985731548f1c 0->20
2026-04-07T19:49:15.157051Z Debug: ConversationStream: unreadSync convo=c77ffde9-e02e-4c33-ad53-1091298bff32 0->20
2026-04-07T19:49:15.157388Z Debug: ConversationStream: unreadSync convo=f5956962-980e-4935-b444-db7a731f1991 0->1
2026-04-07T19:49:15.157614Z Debug: ConversationStream: unreadSync convo=b3960378-a16e-4cb4-a6cc-faaa56b30e9c 0->2
2026-04-07T19:49:15.157838Z Debug: ConversationStream: unreadSync convo=82bdd5a1-852a-4f34-bb9f-eeed6055a916 0->2
2026-04-07T19:49:15.158055Z Debug: ConversationStream: unreadSync convo=7dcfe659-9d61-4401-ae7c-364ac8a1b9df 0->6
2026-04-07T19:49:15.158273Z Debug: ConversationStream: unreadSync convo=37522d23-6764-4757-a192-fc47ab3937a1 0->8
2026-04-07T19:49:15.158502Z Debug: ConversationStream: unreadSync convo=d31b0ee6-a1fb-44bc-93cf-446444666323 0->4
2026-04-07T19:49:15.158735Z Debug: ConversationStream: unreadSync convo=d32372c1-c1c8-41d8-be89-85865d89100a 0->5
2026-04-07T19:49:15.213977Z Debug: Loaded connections 65 connected, 0 blocked
2026-04-07T19:49:15.301926Z Info: Device handshake successful
2026-04-07T19:49:15.503995Z Debug: Sent WebSocket command: processInbox
2026-04-07T19:49:15.504383Z Debug: Sent WebSocket command: processInbox
2026-04-07T19:49:15.506024Z Debug: Sent WebSocket command: processInbox
2026-04-07T19:49:15.507127Z Info: Synchronizing drive 2612429d-1c3f-0372-82b8-d42fb2cc0499
2026-04-07T19:49:15.507242Z Info: Synchronizing drive 4db49422-ebad-02e9-9ab9-6e9c477d1e08
2026-04-07T19:49:15.507499Z Info: Synchronizing drive 9ff813af-f2d6-1e2f-9b9d-b189e72d1a11
2026-04-07T19:49:15.561273Z Info: Received 0 records from QueryBatch() on Drive 9ff813af-f2d6-1e2f-9b9d-b189e72d1a11
2026-04-07T19:49:15.562001Z Debug: DriveSync: all DB writes complete for drive 9ff813af-f2d6-1e2f-9b9d-b189e72d1a11 (0 total records)
2026-04-07T19:49:15.562819Z Debug: ConversationStream: Stopped(totalCount=0)
2026-04-07T19:49:15.563069Z Debug: ChatMessageStream: Stopped(totalCount=0)
2026-04-07T19:49:15.56318Z Debug: Drive 9ff813af-f2d6-1e2f-9b9d-b189e72d1a11 synchronized with 0 records read.
2026-04-07T19:49:15.601426Z Info: Received 0 records from QueryBatch() on Drive 2612429d-1c3f-0372-82b8-d42fb2cc0499
2026-04-07T19:49:15.602474Z Info: Received 0 records from QueryBatch() on Drive 4db49422-ebad-02e9-9ab9-6e9c477d1e08
2026-04-07T19:49:15.602419Z Debug: DriveSync: all DB writes complete for drive 2612429d-1c3f-0372-82b8-d42fb2cc0499 (0 total records)
2026-04-07T19:49:15.60286Z Debug: DriveSync: all DB writes complete for drive 4db49422-ebad-02e9-9ab9-6e9c477d1e08 (0 total records)
2026-04-07T19:49:15.603642Z Debug: Drive 4db49422-ebad-02e9-9ab9-6e9c477d1e08 synchronized with 0 records read.
2026-04-07T19:49:15.604146Z Debug: Drive 2612429d-1c3f-0372-82b8-d42fb2cc0499 synchronized with 0 records read.
2026-04-07T19:49:15.628195Z Info: Popping Outbox
2026-04-07T19:49:15.629541Z Info: No more items in outbox
2026-04-07T19:49:15.675318Z Debug: ChatMessageStream: loadConversation(674e0d67-34c0-4267-8b94-748f0d226cfb)
2026-04-07T19:49:15.676055Z Info: (ConversationListUi) Navigating to detail for 674e0d67-34c0-4267-8b94-748f0d226cfb
2026-04-07T19:49:15.688446Z Info: Pre-initializing empty scroll position: id=674e0d67-34c0-4267-8b94-748f0d226cfb
2026-04-07T19:49:15.766265Z Error: (HomebaseImageLoader) Non-retriable exception: Not found
2026-04-07T19:49:15.796763Z Debug: ChatMessageStream: loadConversation(674e0d67-34c0-4267-8b94-748f0d226cfb) → 1000 messages
2026-04-07T19:49:15.803645Z Info: Getting saved scroll position
2026-04-07T19:49:15.805055Z Info: Pre-initializing scroll position: id=674e0d67-34c0-4267-8b94-748f0d226cfb -> 1014:5
2026-04-07T19:49:15.828486Z Info: (ConversationListUi) Restore detail pane for 674e0d67-34c0-4267-8b94-748f0d226cfb
2026-04-07T19:49:16.130335Z Info: Scroll changed: id=674e0d67-34c0-4267-8b94-748f0d226cfb -> 1014:5
2026-04-07T19:49:16.531462Z Debug: markAsRead: convo=674e0d67-34c0-4267-8b94-748f0d226cfb unread=3/8 newReadTime=1775591356532
2026-04-07T19:49:16.531711Z Debug: markAsRead: convo=674e0d67-34c0-4267-8b94-748f0d226cfb endTime=1775589205561
2026-04-07T19:49:16.770725Z Info: Popping Outbox
2026-04-07T19:49:16.80687Z Info: Popping Outbox
2026-04-07T19:49:16.806967Z Info: Log the data from the outboxRecord here...
2026-04-07T19:49:16.807808Z Info: No more items in outbox
2026-04-07T19:49:16.928841Z Info: Popping Outbox
2026-04-07T19:49:16.935816Z Info: No more items in outbox
2026-04-07T19:49:17.242977Z Info: (ShareShortcutPublisher) Published 8 share shortcuts
2026-04-07T19:49:41.40696Z Debug: ChatMessageStream: processIncrementalBatch 1 messages across 1 conversation(s)
2026-04-07T19:49:41.406934Z Debug: ConversationStream: BatchReceived 1 files (conversations=0, messages=1, adminFiles=0)
2026-04-07T19:49:41.414026Z Info: Resetting scroll position, new message seen, index: 1021
2026-04-07T19:49:41.414246Z Info: Setting scroll position: 1021
2026-04-07T19:49:41.437551Z Debug: ChatMessageStream: processIncrementalBatch 1 messages across 1 conversation(s)
2026-04-07T19:49:41.437551Z Debug: ConversationStream: BatchReceived 1 files (conversations=0, messages=1, adminFiles=0)
2026-04-07T19:49:41.454927Z Info: No saved scroll position
2026-04-07T19:49:41.457163Z Info: Popping Outbox
2026-04-07T19:49:41.464613Z Info: Popping Outbox
2026-04-07T19:49:41.465038Z Info: Log the data from the outboxRecord here...
2026-04-07T19:49:41.466273Z Info: No more items in outbox
2026-04-07T19:49:41.474027Z Info: (DriveUploadProvider) drive upload url: [https://michael.seifert.page/api/v2/drives/9ff813af-f2d6-1e2f-9b9d-b189e72d1a11/files]
2026-04-07T19:49:41.572372Z Info: Popping Outbox
2026-04-07T19:49:41.578076Z Info: No more items in outbox
2026-04-07T19:49:41.7577Z Info: Scroll changed: id=674e0d67-34c0-4267-8b94-748f0d226cfb -> 1017:337
2026-04-07T19:49:41.784781Z Info: Synchronizing drive 9ff813af-f2d6-1e2f-9b9d-b189e72d1a11
2026-04-07T19:49:41.931837Z Info: Received 1 records from QueryBatch() on Drive 9ff813af-f2d6-1e2f-9b9d-b189e72d1a11
2026-04-07T19:49:41.934224Z Debug: DriveSync: batch contains 1 chat conversation(s): [674e0d67-34c0-4267-8b94-748f0d226cfb]
2026-04-07T19:49:41.954495Z Debug: ConversationStream: BatchReceived 1 files (conversations=0, messages=1, adminFiles=0)
2026-04-07T19:49:41.954699Z Debug: DriveSync: all DB writes complete for drive 9ff813af-f2d6-1e2f-9b9d-b189e72d1a11 (1 total records)
2026-04-07T19:49:41.954838Z Error: (HomebaseImageLoader) Non-retriable exception: Not found
2026-04-07T19:49:41.955478Z Debug: ChatMessageStream: processIncrementalBatch 1 messages across 1 conversation(s)
2026-04-07T19:49:41.957227Z Debug: Drive 9ff813af-f2d6-1e2f-9b9d-b189e72d1a11 synchronized with 1 records read.
2026-04-07T19:49:41.957205Z Debug: ConversationStream: Stopped(totalCount=1)
2026-04-07T19:49:41.957561Z Info: Synchronizing drive 9ff813af-f2d6-1e2f-9b9d-b189e72d1a11
2026-04-07T19:49:41.958468Z Debug: ChatMessageStream: Stopped(totalCount=1)
2026-04-07T19:49:41.962588Z Info: No saved scroll position
2026-04-07T19:49:42.095299Z Info: Received 0 records from QueryBatch() on Drive 9ff813af-f2d6-1e2f-9b9d-b189e72d1a11
2026-04-07T19:49:42.096397Z Debug: DriveSync: all DB writes complete for drive 9ff813af-f2d6-1e2f-9b9d-b189e72d1a11 (0 total records)
2026-04-07T19:49:42.097997Z Debug: ChatMessageStream: Stopped(totalCount=0)
2026-04-07T19:49:42.098402Z Debug: Drive 9ff813af-f2d6-1e2f-9b9d-b189e72d1a11 synchronized with 0 records read.
2026-04-07T19:49:42.097841Z Debug: ConversationStream: Stopped(totalCount=0)
2026-04-07T19:49:42.289395Z Info: Scroll changed: id=674e0d67-34c0-4267-8b94-748f0d226cfb -> 1017:334
2026-04-07T19:49:42.907351Z Debug: markAsRead: convo=674e0d67-34c0-4267-8b94-748f0d226cfb unread=0/1 newReadTime=1775591382908
2026-04-07T19:49:43.594939Z Info: (ShareShortcutPublisher) Published 8 share shortcuts
